"CDR017-DIL"	"CDR025"	"CDR021"	"CDR029-DIL"	"CDR022"	"CDR018"	"CDR026-DIL"	"CDR030-DIL"	"CDR031-DIL"	"CDR023"	"CDR027-DIL"	"CDR019"	"CDR020"	"CDR028-DIL"	"CDR032-DIL"	"CDR024"
"ILMN_1248788"	207.38165625	250.11290625	221.9986125	252.718175	246.3669	201.05835625	267.13753125	214.2343125	199.29734375	219.72244375	236.796525	194.6496125	211.83433125	207.8115125	221.9986125	171.3909
"ILMN_2896528"	10069.3536875	9936.6240625	9839.07575	12435.84	11339.6023125	10165.8596875	8948.2579375	12255.4739375	11542.181125	10615.614375	10615.614375	9511.48625	10028.724375	10885.485125	12435.84	9029.38475
"ILMN_2721178"	2146.17425	2037.483125	2084.294625	2705.3735625	2556.7989375	2216.556375	2155.87075	2497.0566875	2713.513	2166.2265	2072.523875	2022.4721875	2078.4186875	2354.48075	2724.67725	2376.677125
"ILMN_1227723"	1138.998875	1089.68374375	927.3898375	927.3898375	1274.3487	1081.4379875	1151.0470375	924.120075	1107.67528125	1202.76246875	1136.6648125	1050.24421875	1172.46564375	1149.43653125	976.43411875	1114.94431875
"ILMN_3033922"	1855.76675	1797.0263125	1855.76675	1799.6424375	2099.771	1891.157125	1771.0535625	1870.0569375	1791.22925	1911.486125	1722.9694375	1836.439375	1891.157125	1859.828	1949.178875	1739.1569375
"ILMN_3092673"	8047.471875	7507.8775625	7601.73825	7321.8260625	8452.9129375	8237.6955	6723.2856875	7943.6365	8237.6955	8452.9129375	7601.73825	8150.200625	7479.230875	8047.471875	8237.6955	7479.230875
"ILMN_2730714"	12255.4739375	12136.5934375	12435.84	11435.2999375	13172.297875	11891.49075	11733.567375	10885.485125	11891.49075	12753.743875	11733.567375	12022.1184375	12136.5934375	11891.49075	11339.6023125	13513.015
"ILMN_3162224"	2827.7445625	2997.8144375	2827.7445625	2614.077125	2930.197	2943.34825	2943.34825	2724.67725	3147.1090625	2989.498	2918.745375	2674.5666875	2930.197	2867.9606875	2876.7545	2918.745375
"ILMN_2816356"	206.86939375	192.75574375	217.5735625	185.1210875	176.90374375	202.4345375	169.13246875	170.8125875	175.18576875	168.40875625	171.3909	177.3205375	177.462375	205.100125	167.4655125	184.16316875
"ILMN_2634564"	580.90806875	578.90990625	551.37678125	616.66825	733.2854375	650.46941875	599.761	554.9542375	509.63761875	608.093875	627.34338125	621.7679875	525.1207875	574.73696875	590.05653125	639.13488125
"ILMN_1216623"	695.53653125	666.07275	777.27234375	748.7588125	886.03111875	785.1105625	690.5415875	733.2854375	681.76365625	838.76995	736.55418125	736.55418125	674.1961875	663.6307	705.98616875	779.2653
"ILMN_1215157"	811.5633125	774.34953125	893.52561875	825.71355625	1032.07013125	945.78110625	875.69781875	825.71355625	746.36065625	815.414375	880.51689375	927.3898375	775.5117	808.31851875	819.45544375	816.41575
"ILMN_2734484"	1422.125375	1662.9405	1460.8476875	1527.3249375	1455.159625	1577.6735	1652.57875	1726.885875	1876.826625	1281.13715625	1872.962125	1652.57875	1505.664625	2289.2633125	1670.214625	1408.44643125
"ILMN_2660815"	4765.8735	4553.349	4089.44975	4553.349	3701.24375	4492.6698125	4403.614	4553.349	4492.6698125	4334.681	5283.5250625	4729.1003125	4492.6698125	4765.8735	4660.884	4281.1286875
"ILMN_1243593"	6591.0685	5657.804625	6210.4018125	5772.2266875	5690.447375	6799.5575	5690.447375	5603.8941875	5740.3068125	6377.3095	5387.1456875	6962.8776875	6466.3218125	5127.310375	5875.1608125	5875.1608125
"ILMN_1219797"	395.40934375	352.2032125	347.93013125	411.7634625	412.3047375	383.61483125	321.67085	426.13781875	428.95229375	402.19800625	385.809775	366.8555625	327.28765625	414.57105	448.44150625	357.04663125
"ILMN_1231132"	1019.3040625	876.73246875	1035.1083875	1035.1083875	809.6915375	947.76564375	802.1467375	879.30458125	934.17030625	863.02495	1049.3454625	1053.60926875	846.94178125	905.71059375	945.78110625	829.13074375
"ILMN_2718462"	231.52921875	207.8115125	236.2630125	218.46124375	250.11290625	246.03025	234.09353125	233.07575625	226.8536625	254.39213125	208.31810625	227.09825	242.68321875	213.9903875	233.603175	246.59630625
"ILMN_2638061"	809.6915375	837.33126875	853.388	708.58986875	1081.4379875	901.21771875	1057.93018125	695.53653125	624.3748875	852.04090625	767.94165	777.27234375	811.5633125	692.751325	781.69595	777.27234375
"ILMN_1252243"	451.2888375	404.1772625	437.728075	372.82493125	458.2919125	467.1607875	456.8246	375.9184375	397.3154375	490.34479375	366.8555625	479.8137125	509.03734375	322.95923125	410.31115625	532.1498625
"ILMN_1213681"	1590.64425	1818.694625	2007.2110625	2535.7879375	1829.01725	1685.458625	1797.0263125	2202.8358125	1972.582	1755.344625	1936.8555625	1677.8181875	1986.81125	2011.2341875	2482.9536875	1712.9796875
"ILMN_2891688"	2160.4850625	2370.272375	2376.677125	2601.092	2179.9375625	2166.2265	2238.3295	2573.4615625	2453.9114375	2289.2633125	2383.52925	2647.688375	2150.2455	2625.8334375	2259.2845625	2119.2700625
"ILMN_2637698"	2099.771	2269.339	2310.01975	2216.556375	1920.0846875	2310.01975	2119.2700625	2198.099125	2277.43625	2216.556375	2234.3534375	2376.677125	2173.1679375	2362.171375	2331.606375	2302.7791875
"ILMN_2674228"	357.04663125	351.3019	340.85738125	297.28149375	374.20874375	367.63785625	333.84525	283.2316625	319.46595	311.4795	315.46180625	324.6985	353.69961875	252.12685	318.90009375	339.82898125
"ILMN_2758762"	144.0709875	136.03915625	121.772645625	135.57924375	169.86830625	145.761225	136.03915625	159.03290625	149.23314375	150.37110625	149.739125	142.3190875	142.50945	143.86384375	137.78745625	123.59584375
"ILMN_2932814"	713.8766125	741.6727625	735.2436125	770.86421875	691.93594375	659.7359625	713.8766125	747.50439375	725.467375	700.8844	744.6064125	605.90225	757.63383125	705.98616875	767.94165	684.94580625
"ILMN_1245467"	1895.6924375	1752.2866875	1901.829125	1812.4966875	1924.92825	1788.49725	1764.57425	1955.9444375	1866.53925	1924.92825	1733.1609375	1551.11575	1544.9056875	1627.8435625	1662.9405	1872.962125
"ILMN_1240839"	128.74994375	138.84401875	130.36976875	114.453108125	125.909375	127.41805625	126.40724375	115.7411025	106.718800625	113.525783125	117.156748125	115.10685625	105.25211625	130.0706125	119.36188375	131.16729375
"ILMN_2848071"	138.4033875	144.1759875	144.1759875	133.96085625	162.2762625	164.420575	136.5366125	137.48125	139.571175	130.0706125	135.57924375	130.673325	140.27619375	135.9188125	105.207913125	133.1910875
"ILMN_2720925"	1622.054	1528.8106875	1791.22925	1986.81125	2011.2341875	1733.1609375	1544.9056875	1891.157125	1872.962125	1840.8434375	1485.7453125	1560.761875	1499.3388125	1460.8476875	1840.8434375	1736.0078125
"ILMN_2658619"	10381.7305625	11185.0796875	9673.0278125	10765.566375	10686.61875	9936.6240625	10493.2706875	11339.6023125	11185.0796875	11185.0796875	11891.49075	10765.566375	10615.614375	10615.614375	11185.0796875	11098.6981875
"ILMN_2972403"	124.056975	128.4515375	137.9687625	136.433125	128.74994375	119.820021875	158.1595375	129.4002375	151.6387125	136.72255	107.80975375	138.20509375	112.69401375	127.81891875	137.3925375	148.6497
"ILMN_1226653"	174.764125	194.6496125	174.89948125	185.29855625	189.77638125	180.77294375	225.68436875	220.2211625	193.79353125	195.0619375	247.1646875	183.4160875	205.100125	222.58170625	195.197125	198.0223
"ILMN_2604467"	967.52325625	921.58768125	1149.43653125	1093.46354375	1125.43935625	1011.69045	999.9892375	1011.69045	1027.40008125	1151.0470375	980.09125	842.2797125	1001.74539375	1107.67528125	1199.44966875	935.4101625
"ILMN_2727437"	204.9632	207.38165625	216.8480125	245.65989375	254.69883125	223.51984375	221.3074625	202.7597125	198.2510125	214.2343125	177.67216875	233.603175	174.1694	195.0619375	173.757825	241.17445
"ILMN_2628021"	965.448975	1019.3040625	968.64079375	999.9892375	1114.94431875	1120.43725	985.8463875	953.7593875	945.78110625	1042.00929375	960.04960625	1051.49076875	1059.94405	980.09125	928.80734375	1098.0628125
"ILMN_2793281"	592.887675	587.318	531.27466875	610.14373125	560.39495	591.9939625	609.15739375	620.91896875	565.33768125	569.84161875	613.03275	540.51569375	605.90225	560.39495	581.90118125	651.891225
"ILMN_2603581"	7156.718625	7071.3248125	7256.1364375	7601.73825	7507.8775625	6998.21	7507.8775625	6998.21	7039.666875	6685.6085625	7071.3248125	7256.1364375	6799.5575	7156.718625	6998.21	6511.084625
"ILMN_2729008"	236.2630125	204.77735625	210.0105125	209.11500625	233.07575625	199.73144375	224.8225	242.38804375	226.0252	217.17126875	203.35528125	219.02440625	271.464275	233.35624375	197.4835875	201.35433125
"ILMN_1234456"	126.1241625	165.1109125	124.3063625	119.9140375	120.016961875	143.0773	155.25068125	136.2780625	120.40136625	113.984973125	142.81923125	117.718086875	129.74069375	118.953629375	106.336995	105.46888125
"ILMN_1256281"	182.93705625	179.94566875	171.7086875	167.144325	165.9051	179.18690625	169.86830625	165.9051	183.76841875	155.9893625	173.97199375	170.34245625	170.59660625	163.77671875	146.9227125	150.57566875
"ILMN_2622630"	891.9621375	1028.589375	882.18558125	879.30458125	1131.15279375	998.31044375	1016.3591125	1028.589375	875.69781875	989.583825	861.38474375	1013.32305625	974.65268125	910.59219375	913.892975	908.87373125
"ILMN_2596016"	1924.92825	1886.0055625	1936.8555625	2022.4721875	1852.93025	1967.6745	1825.944125	2091.78225	1895.6924375	1836.439375	1996.4138125	1764.57425	1755.344625	1891.157125	2011.2341875	2057.710125
"ILMN_3041584"	136.1406375	145.61169375	121.2497075	118.091490625	126.21285	121.979066875	142.20985	121.66337125	114.913556875	115.60705875	111.16054875	119.48989875	111.42138375	98.008466875	115.3305275	125.3855125
"ILMN_2669540"	3761.2193125	3442.0161875	3761.2193125	3469.855625	4729.1003125	3937.3581875	3612.062	3513.9283125	3523.8733125	4026.5495625	3469.855625	3350.0475625	3701.24375	3306.58425	3469.855625	3598.82025
"ILMN_3116330"	2854.01125	2697.970125	2989.498	2827.7445625	3343.441125	2827.7445625	2827.7445625	3117.95425	3097.4584375	3330.385125	2867.9606875	2898.0708125	2798.007875	2961.6290625	3061.8775625	2854.01125
"ILMN_1223358"	770.86421875	714.822675	825.71355625	803.67116875	702.784375	708.58986875	715.899675	805.34804375	835.47774375	813.95219375	879.30458125	723.8065125	709.83329375	822.8856875	805.34804375	726.5232875
"ILMN_1240471"	5909.277875	6158.776375	5232.6154375	4218.05075	6058.9016875	6058.9016875	6290.24225	4419.230375	5208.2486875	5875.1608125	4789.1378125	5563.0125625	6210.4018125	5283.5250625	4247.6826875	5432.1208125
"ILMN_2769680"	1499.3388125	1492.257625	1483.54425	1170.59585625	1371.79743125	1479.4730625	1746.5230625	1045.07010625	1204.60871875	1354.34208125	1241.1790375	1458.951875	1536.2146875	1300.52404375	1110.04635625	1253.17414375
"ILMN_1255473"	1249.08265625	1346.2142	1154.7735125	1435.8101875	1172.46564375	1334.8682125	1394.1235125	1572.2295625	1428.524	1219.9291875	1376.17988125	1415.3043625	1382.702325	1303.7116	1253.17414375	1357.10996875
"ILMN_2915716"	150.37110625	130.76800625	123.97418125	141.91661875	167.4655125	124.47621875	163.64845625	137.01285	130.36976875	128.80449375	145.61169375	129.57466875	135.283975	162.05531875	125.99110625	130.618125
"ILMN_1254001"	945.78110625	1032.07013125	1077.78473125	1180.604725	1321.35028125	1131.15279375	1068.8899	1202.76246875	1059.94405	1019.3040625	962.397525	1025.38715	1014.6866125	1065.3506625	1125.43935625	1204.60871875
"ILMN_2665198"	289.51720625	304.0222125	308.46138125	300.74229375	269.9456875	270.64926875	306.5607625	298.4882625	303.483375	279.37680625	347.93013125	259.42550625	268.4554125	292.9288	306.98319375	290.51439375
"ILMN_2693895"	19933.958125	19420.533125	15936.1675	11542.181125	12601.4119375	14639.404375	24154.835	10028.724375	15117.95875	23047.061875	21818.649375	17954.566875	22392.400625	15117.95875	18214.775	19059.6
"ILMN_2639189"	124.21180625	119.077958125	134.09401875	122.57942625	121.906201875	159.8800125	124.21180625	132.92771875	123.916625	139.96889375	113.369824375	126.9317625	132.69996875	113.618420625	122.201485625	129.74069375
"ILMN_2776681"	555.8922625	569.84161875	731.98135	613.95905625	854.99735625	553.2030125	624.3748875	588.19000625	520.20643125	694.11808125	581.90118125	600.65928125	592.887675	513.767075	596.12970625	587.318
"ILMN_1240537"	151.10538125	158.9071625	108.506135625	125.29280625	109.70716625	137.7085625	121.66337125	147.95994375	141.4040875	152.60274375	144.1759875	166.962625	137.14124375	139.96889375	119.9140375	134.02605
"ILMN_2727893"	1911.486125	1993.1465	1907.0588125	1881.095125	1972.582	2028.299	2046.6180625	1872.962125	2072.523875	1963.29175	2302.7791875	2072.523875	1996.4138125	2209.1385	2084.294625	1759.0605
"ILMN_2746968"	2072.523875	2302.7791875	2166.2265	2091.78225	2376.677125	2506.3018125	1929.466625	2247.425625	2046.6180625	2224.8838125	2119.2700625	2362.171375	2277.43625	2155.87075	2224.8838125	2072.523875
"ILMN_2607196"	1154.7735125	1014.6866125	1120.43725	1043.453	972.88915625	1047.2555875	1028.589375	905.71059375	1005.12975	1050.24421875	1172.46564375	1229.01768125	1003.6911625	1143.343875	963.9681375	927.3898375
"ILMN_1235939"	119.9140375	142.93508125	136.5366125	117.95385375	143.192725	127.81891875	141.99598125	104.32323125	131.36425	98.90738875	136.65300625	143.70768125	147.95994375	127.65724375	123.36474375	114.09009
"ILMN_2621882"	6893.8591875	7039.666875	6591.0685	7039.666875	7943.6365	7156.718625	7039.666875	7860.3515625	7601.73825	7726.9431875	7156.718625	5657.804625	7662.624	6859.5449375	7943.6365	7507.8775625
"ILMN_2630756"	365.3517	387.69631875	347.0615875	394.8399375	334.29151875	345.94235	344.2765125	366.36539375	406.37385625	385.809775	422.79503125	360.18498125	356.33750625	366.8555625	330.29816875	456.1551125
"ILMN_2613696"	515.81448125	420.8278625	494.461675	431.14796875	442.4851375	492.403675	508.08930625	454.06344375	482.94526875	519.3563625	379.94990625	482.94526875	496.31449375	456.8246	504.200175	509.03734375
"ILMN_2682218"	7507.8775625	7601.73825	6927.059125	8150.200625	8300.5935625	6962.8776875	6927.059125	8452.9129375	8548.0080625	7601.73825	8150.200625	7156.718625	7507.8775625	8388.05225	8548.0080625	6998.21
"ILMN_2621862"	444.228375	345.94235	403.70125625	288.99533125	334.72335625	302.8226125	379.94990625	262.8041375	263.842925	361.4595125	327.28765625	383.01348125	378.65840625	319.967375	273.6787	416.80261875
"ILMN_2625458"	1929.466625	1791.22925	1346.2142	1440.297625	1186.45541875	2078.4186875	1784.87	1685.458625	1378.9131875	1013.32305625	1840.8434375	2105.761875	1643.147375	1794.4246875	1479.4730625	1722.9694375
"ILMN_2771219"	18760.23	15936.1675	12255.4739375	9511.48625	10885.485125	13513.015	15936.1675	9593.003	9839.07575	12136.5934375	14129.805625	14639.404375	15936.1675	14639.404375	10165.8596875	11891.49075
"ILMN_2599412"	1145.2287125	1229.01768125	1151.0470375	1369.23980625	1405.81893125	1346.2142	1307.1524375	1643.147375	1226.22256875	1249.08265625	1147.48524375	1274.3487	1344.11956875	1011.69045	1364.5571875	1590.64425
"ILMN_1259294"	1099.7499	928.80734375	967.52325625	978.18965625	996.23235625	1043.453	884.5969875	899.8158	963.9681375	913.892975	974.65268125	1110.04635625	887.8875125	1036.73783125	910.59219375	884.5969875
"ILMN_1216426"	618.6698125	511.37675625	690.5415875	713.8766125	531.27466875	548.52860625	482.94526875	604.86969375	684.94580625	591.9939625	597.8765375	565.9701	571.902025	709.83329375	713.8766125	601.505725
"ILMN_1245673"	5511.9364375	4973.2094375	4472.218125	5033.8555	4596.538125	5127.310375	5156.838125	4904.36175	4789.1378125	4660.884	6058.9016875	5127.310375	5603.8941875	5387.1456875	4708.9626875	4879.8963125
"ILMN_2958076"	10493.2706875	10885.485125	11009.9565	12961.611375	13513.015	12022.1184375	12022.1184375	13172.297875	13718.9189375	12435.84	12601.4119375	10493.2706875	12435.84	13965.5400625	13513.015	11185.0796875
"ILMN_2767227"	1314.895575	1065.3506625	1226.22256875	1401.06855	1346.2142	1207.328275	1133.63441875	1442.690875	1318.56764375	1428.524	1334.8682125	1122.60583125	1226.22256875	1237.6670125	1426.4050625	1226.22256875
"ILMN_2634338"	2724.67725	2989.498	3343.441125	2943.34825	2814.803375	2563.022875	2697.970125	3270.1041875	3226.965	2912.180875	2453.9114375	2788.859125	2325.9018125	2989.498	3320.2390625	2961.6290625
"ILMN_1236123"	333.38666875	348.8210375	318.1763625	293.51820625	342.73308125	332.81544375	354.72424375	269.7045375	307.39310625	322.47270625	360.73080625	318.1763625	368.29223125	352.2032125	292.9288	283.7978875
"ILMN_2938179"	1541.3610625	1499.3388125	1297.6508375	1168.38758125	1351.6376	1475.72125	1611.9604375	1281.13715625	1354.34208125	1334.8682125	1652.57875	1632.5483125	1547.57	1611.9604375	1346.2142	1505.664625
"ILMN_1222760"	495.48429375	447.21463125	501.98858125	343.85986875	518.84098125	490.34479375	471.853	347.0615875	352.63408125	456.8246	354.72424375	507.13303125	463.1787875	361.95381875	364.7329125	481.95138125
"ILMN_1225158"	6799.5575	6511.084625	6377.3095	6859.5449375	6998.21	6893.8591875	6962.8776875	6764.837125	6685.6085625	6591.0685	6998.21	6927.059125	6685.6085625	6893.8591875	6962.8776875	6799.5575
"ILMN_1234294"	128.1820625	142.7377625	133.01849375	132.75633125	166.79903125	159.21589375	133.747825	144.0709875	130.76800625	140.53864375	123.36474375	126.83335625	144.40739375	130.96285	131.88230625	128.10186875
"ILMN_3163211"	296.226525	306.98319375	279.37680625	280.3735125	307.39310625	280.78843125	315.86405	326.664175	304.87086875	301.81316875	347.0615875	275.6885125	318.52400625	321.374625	288.99533125	270.9667
"ILMN_2593117"	522.952875	564.52480625	464.00155	322.47270625	482.94526875	380.52413125	639.13488125	320.71545	344.2765125	574.73696875	636.37033125	447.21463125	583.35471875	462.26758125	437.728075	445.96159375
"ILMN_1244997"	167.3223	198.2510125	162.7807125	192.278725	204.60563125	174.6232625	191.93235625	208.7850375	212.7093	177.922875	157.73433125	149.23314375	172.71671875	193.79353125	204.9632	240.01421875
"ILMN_2804251"	240.40243125	212.3307375	222.806	251.70985625	310.246	237.89168125	212.92013125	291.433125	246.03025	188.35061875	234.8745	221.4735125	201.05835625	197.9066	225.30408125	240.5617625
"ILMN_2868927"	278.920525	242.07989375	257.48868125	237.06363125	330.29816875	252.718175	240.40243125	254.69883125	278.54705625	288.99533125	249.35498125	260.77003125	224.22981875	277.1950625	250.671775	226.0252
"ILMN_2685275"	18214.775	18760.23	20850.139375	21818.649375	18760.23	16589.97125	19059.6	19420.533125	18760.23	16589.97125	18214.775	17583.018125	18214.775	19059.6	18584.881875	19420.533125
"ILMN_1254554"	145.761225	152.49919375	146.0836625	146.50975625	130.36976875	148.0812	135.283975	159.54588125	123.59584375	158.796875	159.68008125	144.66973125	154.3985	156.6076	141.99598125	162.05531875
"ILMN_2660082"	541.17865	449.20795	547.94208125	515.20924375	487.7655125	448.44150625	461.68015625	511.37675625	610.14373125	586.2167	546.0745625	541.17865	484.564275	521.22874375	556.671325	457.3322875
"ILMN_1225374"	371.23356875	402.89021875	485.22894375	490.34479375	418.747925	435.0936125	364.7329125	543.3096125	441.69970625	487.7655125	430.2709875	432.2625375	393.53711875	390.08191875	481.95138125	482.94526875
"ILMN_2667614"	3725.17475	3852.391	2798.007875	2788.859125	3053.95425	3917.42275	4089.44975	2972.661125	2979.4065	2884.703625	3641.6975	4126.3891875	4054.2248125	3688.003875	2898.0708125	3147.1090625
"ILMN_2657921"	2028.299	1553.8566875	2209.1385	2112.686125	1895.6924375	1840.8434375	1445.528	2062.787125	1924.92825	2247.425625	1231.9370125	1972.582	1759.0605	1367.22803125	1955.9444375	2105.761875
"ILMN_2621472"	2601.092	2517.37275	2506.3018125	2277.43625	3388.5791875	2625.8334375	2556.7989375	2310.01975	2593.8493125	2746.322625	2633.7453125	2952.272375	3097.4584375	2581.1375	2526.8005	2665.720625
"ILMN_2621471"	1191.13270625	1258.5084875	1122.60583125	1071.373796875	1475.72125	1294.01460625	1265.327025	1219.9291875	1219.9291875	1405.81893125	1237.6670125	1283.01740625	1348.9208375	1348.9208375	1303.7116	1291.7907625
"ILMN_2622829"	1627.8435625	1632.5483125	1662.9405	1743.4195	1646.2829375	1656.9044375	1759.0605	1415.3043625	1449.6651875	1652.57875	1470.4425625	1670.214625	1531.424875	1485.7453125	1505.664625	1579.5619375
"ILMN_2745954"	1226.22256875	1147.48524375	1014.6866125	1136.6648125	1241.1790375	1151.0470375	1110.04635625	1050.24421875	1089.68374375	1122.60583125	1222.9821	1032.07013125	1204.60871875	1199.44966875	1265.327025	962.397525
"ILMN_2734060"	6001.081	5690.447375	5909.277875	5467.5040625	4305.6294375	5349.3264375	6248.408625	4708.9626875	5232.6154375	5033.8555	6290.24225	6248.408625	6001.081	5909.277875	4926.7780625	4553.349
"ILMN_2919489"	1297.6508375	1405.81893125	1172.46564375	1202.76246875	1357.10996875	1382.702325	1385.86663125	1278.73228125	1435.8101875	1367.22803125	1408.44643125	1405.81893125	1403.350275	1440.297625	1360.29693125	1321.35028125
"ILMN_2646001"	245.44033125	286.827325	235.4533375	250.96471875	291.433125	275.6885125	275.6885125	221.4735125	272.1875125	246.3669	248.77758125	251.70985625	253.82809375	251.28089375	251.70985625	233.07575625
"ILMN_2642876"	195.197125	196.21144375	177.3205375	181.2290125	204.2428625	175.18576875	198.77406875	158.796875	213.37485	195.7639125	211.32431875	217.17126875	177.3205375	178.7428125	188.136525	164.9723375
"ILMN_1225594"	1463.571375	1579.5619375	1360.29693125	1371.79743125	1485.7453125	1764.57425	1590.64425	1411.4146	1606.1010625	1423.8325	1775.1008125	1799.6424375	1739.1569375	1834.548	1567.026875	1426.4050625
"ILMN_2707207"	3368.0494375	4009.490375	3852.391	4068.588375	4321.2529375	3457.957875	4379.1074375	4472.218125	4107.2114375	3543.0768125	4218.05075	3375.6960625	3612.062	4708.9626875	4379.1074375	3575.4696875
"ILMN_1231371"	766.45550625	781.69595	733.2854375	793.70504375	817.69208125	744.6064125	854.99735625	772.2590125	758.9241125	835.47774375	852.04090625	752.51255625	848.62478125	899.8158	829.13074375	832.51063125
"ILMN_1221251"	283.2316625	262.349275	284.8685125	290.51439375	266.81874375	307.39310625	264.48115	292.0677	297.00449375	324.21904375	292.523625	299.66855	303.06303125	317.90885625	281.61061875	298.4882625
"ILMN_1254562"	240.01421875	238.193125	187.99031875	204.60563125	203.35528125	208.0264875	214.87058125	209.5458	188.54851875	209.34676875	220.7673	216.8480125	218.28855	175.81434375	206.3916875	214.2343125
"ILMN_1257630"	185.1210875	171.1804625	185.65298125	171.546275	184.41938125	188.136525	176.03235625	146.66913125	156.6076	192.0934625	202.7597125	174.6232625	177.67216875	183.97743125	187.50133125	151.6387125
"ILMN_3144761"	302.349125	284.130375	297.632825	335.20279375	370.0059125	284.130375	300.04139375	323.7177875	343.43558125	328.66174375	330.808375	275.1821875	284.51064375	306.98319375	316.24873125	324.21904375
"ILMN_2604806"	399.9620875	412.90525625	421.2821375	454.8536125	527.97433125	384.07974375	395.40934375	440.4799375	414.57105	478.57549375	449.20795	381.57836875	340.2664125	409.58745625	464.7328625	404.8501
"ILMN_2753109"	1749.6379375	1891.157125	1949.178875	1764.57425	2573.4615625	1794.4246875	1834.548	1855.76675	1915.526625	1907.0588125	2133.6043125	2099.771	1924.92825	1895.6924375	1915.526625	2133.6043125
"ILMN_2807474"	1401.06855	1180.604725	1511.49525	1455.159625	1660.214375	1327.62036875	1255.65941875	1579.5619375	1408.44643125	1577.6735	1338.7863	1330.8783	1300.52404375	1271.32739375	1622.054	1318.56764375
"ILMN_2752497"	259.712775	259.42550625	247.89775	214.4501625	285.92029375	256.12818125	235.4533375	284.51064375	264.726425	273.00749375	211.59015625	241.45310625	203.7036375	221.0247	214.70516875	226.8536625
"ILMN_1255898"	498.9142875	431.14796875	451.2888375	397.3154375	538.19415625	413.8246875	453.2523375	402.19800625	338.59659375	523.3652125	359.42853125	337.05235	408.38614375	449.74499375	487.7655125	454.8536125
"ILMN_1237529"	148.85370625	122.107636875	119.9140375	131.76215	141.4040875	143.96694375	166.962625	138.4033875	120.882648125	140.1623375	127.073225	141.4040875	139.335075	145.61169375	143.0773	131.07861875
"ILMN_2698606"	1394.1235125	1215.14716875	1413.26638125	1133.63441875	1803.9235625	1237.6670125	1229.01768125	1112.35626875	1113.83363125	1418.5795625	887.8875125	1217.45435625	1445.528	934.17030625	1028.589375	1541.3610625
"ILMN_2695526"	1074.1825625	1042.00929375	1003.6911625	882.18558125	1601.1688125	1030.10514375	1112.35626875	854.99735625	916.6208875	1193.99459375	705.98616875	874.18005625	1141.74559375	761.4475375	899.8158	1082.82698125
"ILMN_2695528"	1435.8101875	1313.45749375	1265.327025	1051.49076875	1712.9796875	1274.3487	1300.52404375	1133.63441875	1001.74539375	1376.17988125	918.47605	1152.5140625	1408.44643125	978.18965625	1050.24421875	1475.72125
"ILMN_1222829"	1408.44643125	1330.8783	1314.895575	1405.81893125	1159.489775	1321.35028125	1303.7116	1403.350275	1351.6376	1321.35028125	1251.42295	1569.15675	1354.34208125	1276.95708125	1291.7907625	1360.29693125
"ILMN_2669699"	380.52413125	407.921325	306.98319375	433.3673375	401.43568125	445.96159375	625.61735625	797.94845625	620.91896875	353.18153125	337.05235	476.6074	436.54803125	435.0936125	663.6307	496.31449375
"ILMN_2661005"	3128.8241875	2979.4065	3658.6510625	3948.7111875	3761.2193125	3469.855625	3042.4014375	3738.920875	3658.6510625	3832.903375	3081.87775	3061.8775625	3270.1041875	2777.01275	3641.6975	3226.965
"ILMN_2674655"	274.72690625	247.1646875	248.38111875	275.6885125	275.6885125	266.33793125	297.00449375	273.00749375	276.7179375	252.718175	315.86405	278.0741625	247.1646875	301.23424375	310.58943125	263.842925
"ILMN_2647669"	186.96800625	233.35624375	180.892275	208.0264875	240.40243125	197.24515625	207.61158125	203.7036375	205.100125	193.043575	221.72159375	230.55338125	200.3612125	240.5617625	245.65989375	221.3074625
"ILMN_2684563"	548.52860625	588.19000625	536.30255	540.51569375	511.8949625	601.505725	589.02404375	534.0548125	560.39495	593.84244375	654.55994375	563.2545375	579.673675	750.7542125	597.8765375	613.03275
"ILMN_1218384"	1027.40008125	874.18005625	875.69781875	1210.36091875	874.18005625	863.02495	835.47774375	1178.06565	1180.604725	1057.93018125	824.58231875	1105.07545625	912.4321125	963.9681375	1281.13715625	972.88915625
"ILMN_2637066"	1051.49076875	1082.82698125	1019.3040625	1019.3040625	1219.9291875	1070.6493875	1168.38758125	1096.0162875	987.38626875	1043.453	1047.2555875	983.59676875	1099.7499	1050.24421875	991.44575625	968.64079375
"ILMN_2849359"	1616.6285625	1705.8923125	1569.15675	1834.548	1611.9604375	1518.4934375	1579.5619375	1705.8923125	1710.0408125	1511.49525	1577.6735	1622.054	1601.1688125	1422.125375	1692.298875	1569.15675
"ILMN_2678389"	155.9893625	170.8125875	188.35061875	149.98421875	142.20985	169.13246875	126.73568125	239.43034375	158.4774	131.36425	151.2095	186.96800625	120.882648125	154.6688625	184.6136125	196.94810625
"ILMN_2657516"	5033.8555	5807.3333125	4379.1074375	3992.3678125	5097.3593125	5156.838125	5603.8941875	4263.7541875	4472.218125	4765.8735	4926.7780625	4492.6698125	5232.6154375	4926.7780625	4351.897875	4864.437875
"ILMN_1237830"	182.08051875	171.7086875	234.60474375	193.48036875	129.966625	188.95624375	190.5250625	252.9415	195.9714875	176.3861875	189.77638125	237.89168125	145.761225	198.0223	215.30675	197.4835875
"ILMN_2522765"	420.8278625	381.57836875	413.8246875	378.65840625	379.2877125	362.5706625	407.06303125	407.06303125	334.29151875	375.0392	444.228375	383.61483125	348.39780625	423.30259375	362.5706625	347.0615875
"ILMN_3142224"	48357.90875	51201.501875	48357.90875	48357.90875	50036.076875	48357.90875	51201.501875	52440.6725	51201.501875	52440.6725	51201.501875	54747.480625	51201.501875	50036.076875	54747.480625	50036.076875
"ILMN_2636384"	52440.6725	52440.6725	50036.076875	54747.480625	52440.6725	52440.6725	52440.6725	57630.044375	59852.295	59852.295	56078.558125	58493.320625	53803.0675	58493.320625	57630.044375	56078.558125
"ILMN_2744693"	4457.1559375	4683.3188125	4864.437875	4472.218125	4789.1378125	4569.2170625	4247.6826875	4321.2529375	4765.8735	4523.228	4009.490375	4472.218125	4281.1286875	4186.928375	4605.5571875	4623.8029375
"ILMN_1239181"	291.026025	321.374625	241.45310625	236.45716875	221.4735125	301.23424375	249.017375	228.78979375	203.03711875	191.55401875	327.88030625	382.5141125	304.53516875	291.026025	205.2870625	229.14716875
"ILMN_1234241"	411.7634625	445.36558125	335.6156625	330.808375	408.38614375	373.83311875	448.44150625	319.967375	442.4851375	407.921325	542.6043	396.19555625	481.1763125	523.3652125	361.95381875	417.99370625
"ILMN_2696537"	148.53309375	158.36090625	150.57566875	126.73568125	160.2164375	137.78745625	155.12285	117.5803575	145.052675	155.25068125	126.73568125	130.96285	157.4278125	170.97615	128.1820625	124.1470375
"ILMN_2608574"	438.60104375	434.19785	388.32369375	353.69961875	464.00155	438.60104375	472.5667625	381.0655875	466.0927	419.42740625	449.74499375	417.99370625	420.2250875	437.728075	355.2402	435.0936125
"ILMN_1243516"	472.5667625	475.9832625	468.97165	477.2194	591.9939625	532.87104375	477.2194	475.17880625	487.7655125	547.94208125	509.03734375	489.3833625	507.13303125	489.3833625	553.2030125	532.87104375
"ILMN_2599719"	3320.2390625	3081.87775	3992.3678125	4660.884	3575.4696875	3178.6443125	2989.498	3917.42275	3714.1604375	4247.6826875	3147.1090625	3701.24375	3259.195875	3117.95425	4169.9660625	3457.957875
"ILMN_2681601"	148.0812	145.761225	152.14845	195.0619375	148.76030625	152.7725125	153.6196125	209.11500625	191.38894375	172.36616875	171.1804625	211.59015625	132.85836875	188.54851875	203.19638125	127.324075
"ILMN_1232195"	177.786475	184.16316875	229.79181875	254.39213125	200.8762	167.6348	154.1876625	206.6462875	224.22981875	225.05390625	195.7639125	159.77998125	166.39635	195.197125	203.53366875	198.77406875
"ILMN_2599145"	221.72159375	232.5956875	238.193125	270.64926875	298.4882625	223.24974375	223.98566875	212.0886125	245.65989375	259.99785	230.55338125	216.0453	234.09353125	256.12818125	224.4901	252.41470625
"ILMN_2598438"	126.65243125	128.74994375	127.37516875	117.857815	128.3261875	125.13798125	121.47113125	127.74073125	125.0645625	137.57098125	124.8635375	148.40835	128.80449375	123.419725	123.97418125	135.283975
"ILMN_3000536"	214.87058125	176.73908125	226.0252	184.41938125	225.30408125	203.53366875	178.7428125	182.08051875	176.73908125	212.92013125	199.29734375	157.26195625	176.90374375	175.18576875	233.35624375	222.806
"ILMN_1257061"	241.81903125	230.04545625	250.11290625	244.6799375	224.4901	276.7179375	265.3193125	294.35015	204.9632	236.2630125	215.89776875	221.0247	228.589075	227.935725	279.92881875	258.2902125
"ILMN_2710151"	401.43568125	370.0059125	373.33550625	385.17415	405.55344375	378.65840625	393.53711875	342.73308125	302.8226125	369.03061875	393.53711875	374.20874375	447.68239375	399.33398125	313.20505625	376.416275
"ILMN_2960474"	714.822675	747.50439375	756.09396875	689.13815625	912.4321125	766.45550625	787.04511875	621.7679875	627.34338125	772.2590125	538.19415625	746.36065625	689.13815625	741.6727625	601.505725	704.218775
"ILMN_2759652"	980.09125	972.88915625	895.183675	972.88915625	941.5663625	968.64079375	998.31044375	882.18558125	822.8856875	767.94165	882.18558125	940.56146875	1016.3591125	887.8875125	925.6917125	869.54311875
"ILMN_2955214"	4236.6	3917.42275	4169.9660625	4596.538125	4841.1090625	4623.8029375	4472.218125	4334.681	4660.884	4403.614	4263.7541875	4457.1559375	4263.7541875	4126.3891875	4765.8735	4457.1559375
"ILMN_1231873"	861.38474375	962.397525	1081.4379875	886.03111875	899.8158	887.8875125	758.9241125	1241.1790375	898.15866875	882.18558125	735.2436125	829.13074375	736.55418125	727.81856875	868.26401875	853.388
"ILMN_1235811"	2053.1393125	1915.526625	1847.5744375	2198.099125	1492.257625	1955.9444375	1726.885875	1996.4138125	2037.483125	2011.2341875	2078.4186875	2011.2341875	1886.0055625	1656.9044375	2202.8358125	2062.787125
"ILMN_1246694"	936.8659625	934.17030625	1059.94405	905.71059375	1136.6648125	1072.09820625	905.71059375	891.9621375	931.23015625	1010.49423125	925.6917125	985.8463875	989.583825	1006.582575	874.18005625	1120.43725
"ILMN_1235751"	1089.68374375	981.96119375	1163.6286375	1065.3506625	1235.48928125	1170.59585625	1062.77579375	1057.93018125	1013.32305625	1128.37155625	1023.99141875	1087.3466875	960.04960625	967.52325625	971.06836875	1338.7863
"ILMN_2737090"	586.2167	492.403675	675.5408125	487.7655125	991.44575625	466.0927	542.6043	396.83708125	418.747925	628.72353125	314.5734875	370.4164625	470.640325	333.84525	394.35784375	591.04258125
"ILMN_2972929"	132.34635	150.98616875	130.5351625	158.796875	192.75574375	147.16050625	155.89431875	154.25715625	128.80449375	153.43323125	141.217025	155.25068125	154.6688625	115.39087375	139.66160625	142.20985
"ILMN_2645295"	337.58796875	342.21289375	407.921325	404.1772625	396.19555625	350.04360625	383.01348125	398.07675625	348.8210375	409.58745625	338.59659375	307.39310625	338.11564375	353.18153125	413.8246875	346.77544375
"ILMN_1231457"	449.74499375	464.00155	428.95229375	497.33415625	475.17880625	451.87211875	526.0119625	444.228375	470.640325	511.8949625	471.3431875	420.8278625	482.94526875	551.37678125	514.38961875	408.96751875
"ILMN_1255511"	2295.03325	2133.6043125	2259.2845625	1945.120625	1791.22925	2126.100375	2078.4186875	2383.52925	2150.2455	1847.5744375	2126.100375	2310.01975	2190.5333125	2126.100375	1920.0846875	1924.92825
"ILMN_2689426"	83.90238625	77.938761875	371.9615	113.525783125	811.5633125	82.71745875	91.817456875	109.812659375	109.99626625	328.2315625	87.1158475	100.387825	104.998863125	99.788094375	99.45629125	255.4534625
"ILMN_3000080"	2433.1056875	2469.6346875	2614.077125	2556.7989375	2535.7879375	2302.7791875	2399.2875625	2614.077125	2581.1375	2647.688375	2535.7879375	2713.513	2370.272375	2713.513	2620.036875	2641.2374375
"ILMN_2629375"	305.2121375	270.9667	267.13753125	277.5543625	339.82898125	299.66855	284.130375	291.026025	265.66158125	291.433125	282.05160625	283.7978875	277.5543625	269.270475	321.67085	263.46951875
"ILMN_2863437"	1413.26638125	1575.5840625	1455.159625	1307.1524375	1577.6735	1557.4691875	1351.6376	1603.8749375	1390.10550625	1310.47486875	1348.9208375	1338.7863	1442.690875	1508.6094375	1369.23980625	1348.9208375
"ILMN_2790512"	575.726775	677.40323125	600.65928125	682.994525	570.901275	587.318	674.1961875	680.34566875	726.5232875	611.2885125	743.24070625	681.76365625	663.6307	715.899675	740.36884375	648.31620625
"ILMN_2739128"	201.35433125	141.99598125	175.06481875	188.71925625	184.9457625	162.56773125	198.521375	183.76841875	180.31404375	183.97743125	176.3861875	181.50995	183.76841875	185.29855625	191.38894375	154.98025625
"ILMN_2629993"	154.25715625	174.34795	158.796875	187.50133125	135.4736125	143.487075	125.99110625	185.79605625	185.79605625	154.898	202.4345375	190.72886875	162.44010625	183.76841875	177.786475	170.97615
"ILMN_2664522"	544.1691625	492.73689375	541.17865	565.9701	613.95905625	519.3563625	486.8490375	585.5234625	529.98285	612.15998125	481.1763125	532.1498625	428.95229375	454.06344375	539.6588	470.640325
"ILMN_1221838"	162.2762625	166.07181875	171.546275	167.3223	189.8980875	160.77870625	181.06749375	146.337125	143.3203125	165.550775	163.64845625	159.68008125	131.88230625	144.5738125	139.96889375	177.922875
"ILMN_1255697"	1551.11575	1527.3249375	1677.8181875	1547.57	1929.466625	1483.54425	1551.11575	1522.2485625	1495.3311875	1705.8923125	1229.01768125	1452.8455	1330.8783	1289.71745	1371.79743125	1611.9604375
"ILMN_2679532"	1043.453	1040.3809625	1105.07545625	1126.4124125	1338.7863	1172.46564375	1084.00139375	1141.74559375	1032.07013125	1074.1825625	1068.8899	968.64079375	1110.04635625	935.4101625	1003.6911625	1019.3040625
"ILMN_1222794"	1195.67565	1113.83363125	1215.14716875	1475.72125	1126.4124125	1154.7735125	1219.9291875	1470.4425625	1423.8325	1210.36091875	1199.44966875	1168.38758125	1217.45435625	1116.99195625	1334.8682125	1300.52404375
"ILMN_1220589"	158.4774	179.535125	170.59660625	164.9723375	138.27471875	142.43964375	162.44010625	168.80345	180.16739375	205.752275	161.1169625	161.8096	164.106975	157.85396875	171.86004375	208.7850375
"ILMN_2694687"	989.583825	971.06836875	740.36884375	996.23235625	654.55994375	938.45773125	980.09125	999.9892375	1156.8387125	725.467375	1175.58714375	981.96119375	983.59676875	1294.01460625	1251.42295	1040.3809625
"ILMN_1236572"	263.16635625	261.992325	246.03025	272.65581875	230.35183125	212.7093	249.35498125	300.74229375	250.11290625	242.68321875	288.99533125	223.51984375	268.3302125	305.47679375	254.39213125	254.18753125
"ILMN_2756686"	1093.46354375	1163.6286375	1050.24421875	1143.343875	945.78110625	1079.6510625	1077.78473125	1237.6670125	1065.3506625	963.9681375	1367.22803125	1072.09820625	1076.3518625	1045.07010625	1049.3454625	980.09125
"ILMN_2967362"	935.4101625	1050.24421875	1025.38715	991.44575625	910.59219375	1001.74539375	987.38626875	1053.60926875	1079.6510625	1016.3591125	1112.35626875	1040.3809625	1113.83363125	1091.7272125	1010.49423125	1006.582575
"ILMN_2633457"	540.51569375	463.1787875	516.2531	464.7328625	430.2709875	469.8672	454.8536125	482.94526875	411.14406875	464.00155	407.06303125	468.97165	478.57549375	456.1551125	472.5667625	460.78855625
"ILMN_2679428"	5807.3333125	5909.277875	5540.2685	6625.522875	5179.0949375	5807.3333125	6077.354	6333.1640625	6333.1640625	5208.2486875	6723.2856875	5838.7989375	5838.7989375	6927.059125	6210.4018125	5540.2685
"ILMN_2846731"	910.59219375	893.52561875	891.9621375	943.31915	981.96119375	921.58768125	777.27234375	962.397525	1030.10514375	902.18765625	1110.04635625	850.88728125	951.3225875	987.38626875	943.31915	912.4321125
"ILMN_1217055"	500.9488875	460.78855625	478.57549375	562.3249125	471.853	560.39495	483.78041875	542.6043	546.0745625	545.32123125	556.671325	515.81448125	538.19415625	562.3249125	517.001575	515.81448125
"ILMN_2679823"	169.13246875	184.74385	185.5211625	171.7086875	208.31810625	160.36623125	185.5211625	173.97199375	157.9893375	162.7807125	138.27471875	173.757825	139.43243125	153.28154375	154.01814375	189.77638125
"ILMN_2636349"	141.91661875	160.96233125	118.70487875	151.10538125	128.80449375	145.052675	145.39879375	162.05531875	180.892275	141.0830875	128.6563625	160.64474375	184.9457625	135.38901875	128.10186875	186.1810125
"ILMN_2617505"	156.84261875	157.73433125	169.58350625	170.97615	209.11500625	143.70768125	145.99215625	182.34723125	179.78310625	170.59660625	140.43761875	183.04915	145.052675	125.0645625	188.71925625	180.77294375
"ILMN_2975375"	480.36246875	405.55344375	517.001575	618.6698125	494.461675	526.0119625	445.36558125	541.9119	590.05653125	522.0960875	518.84098125	534.0548125	405.55344375	478.57549375	666.07275	453.2523375
"ILMN_2689062"	121.47113125	113.904466875	133.29675	115.161709375	128.54684375	137.01285	94.30611	110.841521875	104.588333125	124.56819375	86.629185625	130.28859375	107.761495	93.42159375	124.1470375	124.21180625
"ILMN_1234100"	1418.5795625	1428.524	1536.2146875	1531.424875	1528.8106875	1643.147375	1508.6094375	1418.5795625	1522.2485625	1463.571375	1455.159625	1303.7116	1511.49525	1445.528	1492.257625	1442.690875
"ILMN_2593104"	234.8745	312.47725625	223.05815	282.817125	203.7036375	265.866425	240.74000625	297.632825	314.5734875	239.76948125	343.85986875	278.54705625	307.8985375	290.51439375	279.37680625	236.796525
"ILMN_2746000"	224.22981875	270.64926875	224.8225	189.54376875	212.7093	261.66200625	243.5153	230.9218	223.05815	223.98566875	230.04545625	208.96401875	232.20605625	221.4735125	204.430875	220.013025
"ILMN_1222356"	731.98135	659.7359625	753.616675	788.9523625	649.38925625	600.65928125	682.994525	743.24070625	720.15905625	665.10776875	580.90806875	809.6915375	669.51221875	682.994525	763.20979375	665.10776875
"ILMN_2943270"	324.6985	266.33793125	263.842925	224.22981875	252.12685	304.53516875	292.523625	250.43120625	255.4534625	388.32369375	185.5211625	333.84525	293.51820625	172.53425625	206.07911875	467.1607875
"ILMN_2666406"	1544.9056875	1271.32739375	1369.23980625	1175.58714375	1401.06855	1499.3388125	1249.08265625	1186.45541875	1249.08265625	1278.73228125	1053.60926875	1563.7163125	1472.9005	1313.45749375	1237.6670125	1289.71745
"ILMN_2593774"	3796.905625	3584.8085	4926.7780625	4645.4514375	4765.8735	3523.8733125	3070.3590625	4305.6294375	5349.3264375	4054.2248125	5033.8555	3874.252375	3442.0161875	6210.4018125	4986.7503125	3890.9494375
"ILMN_2593208"	4789.1378125	5232.6154375	5097.3593125	5563.0125625	6001.081	4841.1090625	4864.437875	5467.5040625	5807.3333125	4864.437875	4623.8029375	4553.349	4623.8029375	4986.7503125	5310.5491875	4507.455375
"ILMN_3162133"	387.19616875	355.2402	388.7899	366.8555625	323.31540625	344.2765125	371.9615	341.4254	361.4595125	376.416275	382.5141125	398.71056875	344.2765125	371.9615	348.8210375	318.1763625
"ILMN_2734924"	298.8011875	223.24974375	193.2644875	304.87086875	236.45716875	234.60474375	200.56753125	270.9667	237.89168125	241.6497	246.3669	264.91688125	276.1121875	236.45716875	259.42550625	184.9457625
"ILMN_2963792"	1449.6651875	1652.57875	1415.3043625	1378.9131875	1376.17988125	1553.8566875	1662.9405	1467.761125	1357.10996875	1371.79743125	1718.3888125	1340.98901875	1670.214625	1655.3744375	1527.3249375	1524.771125
"ILMN_2697918"	3832.903375	4534.1989375	4247.6826875	3627.76525	3814.110625	4126.3891875	4236.6	4141.8938125	3917.42275	4507.455375	4953.7386875	3968.61275	4472.218125	4569.2170625	4334.681	4247.6826875
"ILMN_2699367"	152.14845	140.62593125	142.20985	145.29385625	177.786475	172.36616875	151.10538125	164.106975	180.51763125	148.2553875	157.26195625	165.1109125	171.3909	136.1406375	147.95994375	147.652575
"ILMN_2596834"	216.0453	225.30408125	276.7179375	216.43915625	214.70516875	213.9903875	253.4402375	240.5617625	246.82248125	248.77758125	263.842925	224.8225	178.395625	220.013025	237.06363125	235.4533375
"ILMN_2893564"	200.56753125	210.41654375	184.9457625	182.470475	226.0252	203.87181875	246.82248125	186.52754375	206.6462875	236.796525	215.65326875	201.35433125	246.3669	235.1268	191.55401875	218.28855
"ILMN_2795854"	5432.1208125	5097.3593125	4026.5495625	4823.556375	5208.2486875	5010.6171875	5467.5040625	4807.5564375	4507.455375	4534.1989375	5690.447375	4236.6	5563.0125625	5232.6154375	4457.1559375	4351.897875
"ILMN_1243170"	264.91688125	328.66174375	269.270475	249.7243	261.992325	208.7850375	303.06303125	245.65989375	249.017375	314.1618625	322.95923125	244.0659875	319.46595	306.5607625	258.5847125	285.15369375
"ILMN_1219820"	416.80261875	391.82051875	354.1894	367.63785625	302.8226125	397.6639875	346.77544375	352.2032125	334.72335625	320.71545	385.17415	385.809775	422.79503125	370.4164625	334.29151875	352.63408125
"ILMN_1223051"	991.44575625	963.9681375	996.23235625	866.75105	1065.3506625	895.183675	935.4101625	968.64079375	998.31044375	1032.07013125	908.87373125	936.8659625	958.69609375	898.15866875	1017.39125625	1028.589375
"ILMN_2734290"	3248.3035625	3294.2288125	3714.1604375	3852.391	3147.1090625	2979.4065	2961.6290625	3598.82025	3902.69575	3033.5199375	3457.957875	3306.58425	2633.7453125	3538.4080625	3814.110625	3248.3035625
"ILMN_2943319"	1920.0846875	1907.0588125	1739.1569375	1993.1465	1755.344625	1746.5230625	1901.829125	1980.6018125	2028.299	1780.0900625	1895.6924375	1692.298875	1829.01725	1986.81125	2028.299	1743.4195
"ILMN_2718284"	1458.951875	1287.05383125	1590.64425	1569.15675	1432.3960625	1472.9005	1382.702325	1518.4934375	1475.72125	1344.11956875	1390.10550625	1485.7453125	1367.22803125	1215.14716875	1442.690875	1432.3960625
"ILMN_2627733"	1643.147375	1053.60926875	1685.458625	1674.5379375	1759.0605	1582.8948125	1001.74539375	1575.5840625	1334.8682125	1485.7453125	753.616675	1440.297625	1378.9131875	731.98135	1274.3487	1390.10550625
"ILMN_1251273"	6466.3218125	6290.24225	6466.3218125	6466.3218125	5387.1456875	6248.408625	5807.3333125	6377.3095	5875.1608125	6001.081	6210.4018125	6117.9055	5740.3068125	5838.7989375	5807.3333125	6248.408625
"ILMN_2751653"	620.91896875	620.91896875	686.72390625	527.97433125	602.364075	546.9559125	620.91896875	480.36246875	506.55626875	496.31449375	519.3563625	624.3748875	479.8137125	647.47771875	494.461675	565.9701
"ILMN_2673344"	264.17246875	307.39310625	269.9456875	303.483375	232.5956875	239.76948125	237.89168125	281.61061875	260.3836875	254.69883125	268.3302125	266.81874375	244.29798125	244.6799375	245.1670375	269.9456875
"ILMN_2745433"	1067.2242	1159.489775	1010.49423125	1147.48524375	987.38626875	1017.39125625	1189.44799375	1113.83363125	1294.01460625	949.26629375	1324.82459375	1210.36091875	1231.9370125	1241.1790375	1051.49076875	1043.453
"ILMN_1256488"	1283.01740625	1235.48928125	1338.7863	1138.998875	1093.46354375	1313.45749375	1125.43935625	1229.01768125	1235.48928125	1067.2242	1163.6286375	1524.771125	1210.36091875	1357.10996875	1231.9370125	1189.44799375
"ILMN_1241196"	723.8065125	577.87453125	811.5633125	813.95219375	613.03275	756.09396875	656.07823125	779.2653	853.388	660.9562125	665.10776875	584.41195	628.72353125	866.75105	816.41575	761.4475375
"ILMN_2718416"	2581.1375	2777.01275	3330.385125	2674.5666875	3442.0161875	2705.3735625	3010.3569375	2854.01125	2545.5605	2930.197	2798.007875	2734.9736875	2581.1375	2827.7445625	2446.180375	3216.1718125
"ILMN_1255564"	171.7086875	160.64474375	203.19638125	223.51984375	214.87058125	176.6034375	180.16739375	259.712775	200.1890875	213.7292	148.2553875	166.39635	164.784175	176.73908125	218.7987625	259.10086875
"ILMN_2615431"	827.55881875	719.327125	921.58768125	744.6064125	767.94165	824.58231875	845.3110625	785.1105625	710.8884375	919.9506125	658.75748125	924.120075	752.51255625	604.86969375	780.13395	963.9681375
"ILMN_3105117"	143.487075	122.7431125	137.14124375	126.048375	146.0836625	143.3203125	111.642268125	135.6653625	128.973025	136.82820625	129.4002375	121.31494125	119.9140375	123.36474375	126.73568125	157.26195625
"ILMN_3031706"	156.419675	136.1406375	151.87925625	125.63270625	155.25068125	130.866825	124.1470375	161.25703125	128.74994375	128.6563625	136.03915625	164.106975	130.15226875	138.4033875	145.48405	156.11439375
"ILMN_2679477"	317.23864375	313.6639875	329.34705625	278.54705625	319.967375	342.21289375	303.483375	321.374625	299.24785	334.29151875	252.718175	296.226525	320.71545	304.53516875	303.06303125	288.69434375
"ILMN_2933887"	151.97038125	140.9277875	168.6341	153.7817875	178.0684875	170.97615	154.898	150.67323125	220.013025	171.7086875	163.77671875	155.89431875	126.3300625	129.57466875	183.76841875	151.3138125
"ILMN_2680038"	347.4346	311.4795	296.226525	302.8226125	284.130375	315.46180625	306.98319375	286.20885625	335.6156625	325.1303125	372.3487625	326.664175	359.42853125	331.742525	297.28149375	379.94990625
"ILMN_2630512"	509.03734375	497.33415625	577.87453125	568.59338125	460.78855625	453.2523375	466.0927	469.8672	522.952875	513.767075	512.6917	454.8536125	474.41370625	537.29075625	484.564275	451.2888375
"ILMN_1244030"	230.9218	200.69875625	189.8980875	253.82809375	216.8480125	225.5053	210.89266875	240.40243125	191.773575	229.79181875	200.3612125	251.28089375	220.7673	187.666425	219.489875	219.262125
"ILMN_1245322"	92.65465625	100.783863125	108.26811625	110.231133125	126.98818125	93.38775625	94.25078125	111.298870625	128.1820625	107.2045975	111.9493375	108.741045	123.252375	115.3305275	126.98818125	113.31440875
"ILMN_2623480"	1013.32305625	1025.38715	1128.37155625	1082.82698125	1215.14716875	980.09125	1131.15279375	991.44575625	996.23235625	1183.43249375	1051.49076875	912.4321125	1021.6953125	1030.10514375	974.65268125	1059.94405
"ILMN_1251301"	632.8636	541.17865	604.86969375	587.318	569.84161875	632.8636	553.2030125	522.0960875	562.3249125	565.9701	591.9939625	601.505725	627.34338125	632.8636	541.17865	610.14373125
"ILMN_1255745"	304.87086875	277.1950625	368.29223125	325.1303125	409.58745625	311.4795	342.21289375	344.74945	299.66855	295.6369875	324.21904375	358.75925625	325.1303125	318.52400625	330.808375	314.9708375
"ILMN_2847269"	4107.2114375	3832.903375	4605.5571875	4492.6698125	4126.3891875	4158.0104375	4141.8938125	4236.6	4089.44975	4038.2773125	4660.884	4523.228	4186.928375	4218.05075	4683.3188125	4263.7541875
"ILMN_3150536"	542.6043	580.90806875	542.6043	585.5234625	523.3652125	557.66410625	596.12970625	546.9559125	679.33685625	527.97433125	675.5408125	581.90118125	567.74780625	656.07823125	615.13665625	623.23298125
"ILMN_3071764"	276.1121875	304.87086875	257.03089375	226.0252	228.78979375	246.3669	307.39310625	256.83043125	276.1121875	243.19339375	301.81316875	246.3669	239.21446875	270.3889125	284.8685125	293.88715625
"ILMN_2991574"	168.9639625	162.95665	155.9893625	168.80345	155.55105625	145.99215625	129.8673875	153.03776875	167.6348	151.399775	163.3029625	137.14124375	114.51671875	141.60225625	136.82820625	126.4920875
"ILMN_2798079"	249.7243	249.7243	249.35498125	265.66158125	197.24515625	224.4901	216.0453	238.79714375	267.13753125	254.18753125	253.82809375	223.05815	232.5956875	269.7045375	263.16635625	238.193125
"ILMN_1236716"	524.3188875	548.52860625	535.41675	582.71525	478.57549375	532.1498625	486.04989375	517.001575	556.671325	584.41195	562.3249125	580.90806875	522.952875	567.74780625	534.0548125	581.90118125
"ILMN_2588521"	127.56598125	134.81919375	136.9274375	173.1867	122.399984375	131.6764125	142.93508125	126.1241625	128.10186875	149.55910625	129.4622	127.324075	130.76800625	137.01285	135.283975	136.65300625
"ILMN_1217040"	1656.9044375	2002.9741875	1799.6424375	1627.8435625	1705.8923125	1920.0846875	2224.8838125	1598.1508125	1575.5840625	1649.251375	1932.809875	1736.0078125	1972.582	1855.76675	1616.6285625	1643.147375
"ILMN_2714031"	1222.9821	1955.9444375	1294.01460625	1197.66168125	1019.3040625	1007.92801875	2011.2341875	1007.92801875	1105.07545625	1005.12975	1881.095125	1045.07010625	1283.01740625	1924.92825	1045.07010625	1217.45435625
"ILMN_2690203"	2453.9114375	2489.4524375	3136.9086875	2952.272375	2331.606375	3188.1453125	2912.180875	2768.0050625	3248.3035625	2091.78225	2399.2875625	3117.95425	2808.7315625	2768.0050625	2814.803375	3357.9559375
"ILMN_1227824"	1859.828	2234.3534375	1924.92825	2028.299	1788.49725	1712.9796875	2190.5333125	1847.5744375	2002.9741875	2084.294625	2238.3295	1881.095125	1859.828	2105.761875	1667.1086875	1945.120625
"ILMN_2609516"	6859.5449375	7419.959625	6998.21	7108.2274375	6428.544875	7419.959625	7541.13875	6927.059125	7108.2274375	7108.2274375	7479.230875	7726.9431875	7726.9431875	7601.73825	6764.837125	7256.1364375
"ILMN_2631342"	126.048375	127.56598125	140.53864375	146.9227125	158.9071625	133.96085625	124.56819375	168.1026125	153.8966625	129.966625	122.66405625	147.54801875	151.10538125	132.0691125	154.1876625	142.50945
"ILMN_1216883"	617.6719875	628.72353125	558.66334375	491.07211875	555.8922625	631.27063125	679.33685625	509.63761875	493.6619875	613.95905625	666.07275	631.27063125	679.33685625	690.5415875	542.6043	589.02404375
"ILMN_2667441"	539.6588	525.1207875	496.31449375	500.0371625	459.12235	514.38961875	492.403675	592.887675	555.8922625	494.868575	539.6588	509.03734375	542.6043	585.5234625	584.41195	570.901275
"ILMN_2676253"	109.4476275	126.65243125	127.95043125	115.2694675	102.7794925	96.549066875	103.721365	133.10364375	108.31334375	102.51513625	100.387825	118.565539375	101.40675375	98.7066625	125.909375	117.501056875
"ILMN_2692960"	131.514275	145.052675	142.13395625	111.298870625	129.316175	126.83335625	146.337125	124.1470375	143.487075	143.86384375	114.453108125	114.09009	138.84401875	128.0214625	100.926916875	148.40835
"ILMN_2600813"	137.87319375	122.0390925	129.4622	105.4081325	173.1867	102.02337875	106.576385	127.19753125	120.157548125	126.40724375	104.01733625	147.3033375	134.1805125	107.356945625	128.80449375	136.82820625
"ILMN_2694463"	126.83335625	125.909375	126.65243125	116.85027375	113.904466875	104.691335625	124.056975	108.548009375	95.156365625	109.377595	116.218871875	107.51221	117.785030625	112.38875	109.597521875	126.55820625
"ILMN_2749840"	652.8076625	686.72390625	637.9178125	593.84244375	838.76995	565.33768125	651.891225	556.671325	535.41675	686.72390625	596.12970625	652.8076625	595.30204375	544.1691625	607.31725	642.9729
"ILMN_2749842"	625.61735625	654.55994375	631.27063125	554.1605625	815.414375	627.34338125	658.75748125	597.8765375	496.31449375	714.822675	545.32123125	554.9542375	578.90990625	584.41195	612.15998125	571.902025
"ILMN_2849016"	10165.8596875	10276.904625	11274.7985625	7726.9431875	12022.1184375	10615.614375	10615.614375	7798.0423125	7507.8775625	11339.6023125	8047.471875	9357.0213125	9511.48625	7798.0423125	7726.9431875	9936.6240625
"ILMN_1219591"	174.6232625	180.16739375	216.0453	180.16739375	179.18690625	162.2762625	194.1203625	174.6232625	191.1885875	182.34723125	205.445	171.86004375	209.84545	172.16496875	170.08375625	192.5356375
"ILMN_3004177"	179.33101875	178.953525	176.3861875	161.8096	205.2870625	167.3223	171.1804625	140.53864375	150.8209875	132.0691125	157.61219375	195.0619375	208.0264875	168.9639625	166.962625	182.68725625
"ILMN_2681984"	4305.6294375	4126.3891875	4645.4514375	4379.1074375	4379.1074375	4403.614	3992.3678125	4364.1930625	4247.6826875	4218.05075	4038.2773125	3917.42275	4321.2529375	3992.3678125	4305.6294375	4472.218125
"ILMN_2687854"	261.992325	274.272375	295.6369875	296.226525	236.796525	252.12685	236.2630125	279.37680625	291.68979375	267.64753125	318.90009375	268.93265	254.99205625	291.433125	287.631325	241.81903125
"ILMN_2643291"	691.93594375	573.3738625	667.4936	821.23484375	710.8884375	871.08569375	741.6727625	635.1811875	733.2854375	675.5408125	691.93594375	543.3096125	779.2653	945.78110625	727.81856875	625.61735625
"ILMN_2893605"	1674.5379375	1895.6924375	1866.53925	2078.4186875	1463.571375	1876.826625	1677.8181875	1924.92825	1901.829125	1870.0569375	2112.686125	1907.0588125	1834.548	1963.29175	2046.6180625	1531.424875
"ILMN_1254878"	3097.4584375	3330.385125	3388.5791875	3874.252375	3107.309875	3350.0475625	3259.195875	3874.252375	3538.4080625	3814.110625	3442.0161875	3442.0161875	3248.3035625	3543.0768125	3701.24375	3442.0161875
"ILMN_1216168"	110.389105	191.0212875	146.9227125	111.9493375	108.97616625	149.739125	188.54851875	149.23314375	138.84401875	117.857815	140.1623375	184.6136125	185.1210875	149.85671875	140.33279375	143.86384375
"ILMN_2775213"	134.7069375	185.29855625	147.8332625	149.091075	133.10364375	171.1804625	183.5885	158.36090625	155.89431875	110.576255625	205.100125	156.419675	142.3190875	161.1169625	133.10364375	117.156748125
"ILMN_2737374"	5127.310375	5349.3264375	5387.1456875	5387.1456875	5432.1208125	5387.1456875	5065.319625	5179.0949375	5563.0125625	5467.5040625	5010.6171875	5065.319625	5283.5250625	5065.319625	5432.1208125	4744.4376875
"ILMN_2984793"	515.20924375	489.3833625	544.1691625	581.90118125	593.84244375	544.1691625	436.54803125	540.51569375	597.8765375	589.02404375	621.7679875	508.08930625	519.3563625	517.55479375	580.90806875	523.3652125
"ILMN_2523256"	1794.4246875	1733.1609375	2031.236625	1929.466625	2126.100375	1907.0588125	1632.5483125	2011.2341875	1797.0263125	2057.710125	1501.7019375	1872.962125	1667.1086875	1746.5230625	1855.76675	1710.0408125
"ILMN_1258543"	309.7184	328.2315625	318.90009375	373.33550625	377.12295625	322.95923125	341.75748125	350.7310625	323.7177875	372.82493125	343.43558125	294.6525125	301.81316875	364.7329125	327.28765625	315.46180625
"ILMN_2706964"	152.8813125	159.8800125	169.72580625	154.01814375	158.796875	156.84261875	156.419675	166.65600625	171.86004375	148.40835	171.7086875	139.335075	156.419675	138.20509375	158.1595375	147.41726875
"ILMN_2682271"	750.7542125	650.46941875	770.86421875	750.7542125	682.994525	687.98139375	705.98616875	827.55881875	779.2653	727.81856875	674.1961875	687.98139375	586.2167	714.822675	788.10545	696.56115
"ILMN_1228208"	132.0691125	139.66160625	112.263464375	123.69855625	97.617705	109.025455	116.0685975	133.1910875	118.565539375	111.9493375	100.8805825	103.537685625	126.048375	119.820021875	113.472058125	125.29280625
"ILMN_2637365"	3350.0475625	3248.3035625	3543.0768125	3375.6960625	3948.7111875	3401.315375	3627.76525	3584.8085	3469.855625	3558.081875	3042.4014375	2972.661125	3280.8254375	3226.965	3343.441125	3714.1604375
"ILMN_1252602"	207.070475	205.752275	193.48036875	149.37121875	218.46124375	210.89266875	204.9632	185.99401875	141.60225625	163.950325	174.764125	173.5161375	191.55401875	160.96233125	187.666425	220.2211625
"ILMN_2677056"	8150.200625	8751.5815	8150.200625	7943.6365	7108.2274375	8548.0080625	7419.959625	7156.718625	7369.15725	8150.200625	6799.5575	7662.624	7980.7325625	7369.15725	6893.8591875	10165.8596875
"ILMN_1250000"	300.04139375	299.24785	284.130375	215.12844375	343.43558125	285.15369375	318.1763625	263.46951875	232.20605625	378.055575	192.278725	270.9667	316.916175	254.99205625	246.59630625	320.71545
"ILMN_2752665"	270.3889125	226.57635	283.7978875	259.10086875	244.29798125	259.99785	270.64926875	313.20505625	237.06363125	249.7243	210.41654375	311.4795	253.4402375	239.43034375	239.21446875	287.631325
"ILMN_2769772"	733.2854375	555.8922625	935.4101625	730.3635	1050.24421875	936.8659625	538.19415625	723.8065125	573.3738625	805.34804375	407.921325	787.04511875	686.72390625	504.200175	824.58231875	723.8065125
"ILMN_1226261"	3428.1263125	3486.6504375	3937.3581875	4141.8938125	3874.252375	3796.905625	3558.081875	4247.6826875	4186.928375	3688.003875	3761.2193125	3676.100625	3320.2390625	3738.920875	3714.1604375	3538.4080625
"ILMN_2766279"	1070.6493875	1011.69045	1113.83363125	1085.91533125	1110.04635625	1055.98661875	951.3225875	983.59676875	1014.6866125	1199.44966875	967.52325625	1159.489775	987.38626875	985.8463875	1001.74539375	1025.38715
"ILMN_3127704"	219.489875	203.19638125	226.33205	227.09825	203.53366875	198.0223	168.80345	225.05390625	223.75849375	213.9903875	193.79353125	203.35528125	205.2870625	202.7597125	204.77735625	211.59015625
"ILMN_2731629"	4953.7386875	5065.319625	4507.455375	5065.319625	4430.0370625	4729.1003125	5232.6154375	4596.538125	4364.1930625	4569.2170625	5156.838125	4879.8963125	4364.1930625	5310.5491875	5010.6171875	4158.0104375
"ILMN_2973024"	417.18845625	390.08191875	369.49314375	400.88299375	382.5141125	417.99370625	361.95381875	397.3154375	385.809775	380.52413125	357.60513125	393.04778125	416.80261875	364.3113375	440.4799375	405.55344375
"ILMN_1257298"	3738.920875	3676.100625	3320.2390625	3598.82025	3738.920875	3658.6510625	3543.0768125	4107.2114375	4158.0104375	3500.7405	4204.1001875	3558.081875	3902.69575	4305.6294375	4204.1001875	3350.0475625
"ILMN_2939012"	806.6958625	886.03111875	1070.6493875	1249.08265625	1003.6911625	866.75105	886.03111875	1289.71745	1195.67565	1113.83363125	846.94178125	838.76995	947.76564375	962.397525	1378.9131875	1032.07013125
"ILMN_2661407"	203.03711875	194.84985625	186.96800625	155.9893625	229.79181875	184.41938125	174.6232625	184.74385	189.3455875	206.6462875	169.72580625	187.2342375	179.535125	175.5692	191.1885875	209.34676875
"ILMN_1249606"	1001.74539375	1136.6648125	1040.3809625	1120.43725	1229.01768125	1107.67528125	1222.9821	1042.00929375	1099.7499	1126.4124125	972.88915625	978.18965625	1087.3466875	1025.38715	1099.7499	1125.43935625
"ILMN_1218880"	132.75633125	119.0158425	112.52499375	110.100755625	128.1820625	117.718086875	134.26451875	122.9097875	132.0691125	131.6764125	134.09401875	129.4002375	122.399984375	140.758425	122.57942625	116.0685975
"ILMN_2680463"	415.83955625	417.99370625	382.5141125	443.24934375	448.44150625	395.40934375	524.3188875	383.01348125	439.987375	385.17415	402.89021875	423.30259375	464.7328625	339.82898125	396.19555625	449.74499375
"ILMN_1259794"	202.13511875	227.09825	179.94566875	201.35433125	243.19339375	207.8115125	221.0247	235.1268	243.5153	235.1268	220.5396375	196.7706	240.01421875	252.718175	216.8480125	222.3505375
"ILMN_2982736"	1495.3311875	1334.8682125	1463.571375	1551.11575	1541.3610625	1413.26638125	1334.8682125	1531.424875	1489.162	1505.664625	1300.52404375	1348.9208375	1470.4425625	1475.72125	1428.524	1582.8948125
"ILMN_3008277"	29198.485625	30705.6475	24154.835	26525.784375	28088.250625	30000.026875	30705.6475	25675.50375	24753.2475	29198.485625	24753.2475	29198.485625	30705.6475	28088.250625	24753.2475	29198.485625
"ILMN_2668977"	34703.595625	34703.595625	29198.485625	31706.59375	30705.6475	33148.40375	34703.595625	31706.59375	33148.40375	33148.40375	33148.40375	31706.59375	34703.595625	34703.595625	31706.59375	31706.59375
"ILMN_2688822"	186.1810125	168.1026125	175.5692	160.0477875	214.4501625	161.41156875	213.214425	136.72255	157.73433125	203.35528125	142.13395625	227.7343625	188.71925625	155.89431875	159.8800125	185.1210875
"ILMN_2648580"	7980.7325625	7980.7325625	7039.666875	7541.13875	7860.3515625	7479.230875	7943.6365	7601.73825	7156.718625	7541.13875	7662.624	6466.3218125	8150.200625	7479.230875	7071.3248125	7419.959625
"ILMN_2664993"	816.41575	845.3110625	761.4475375	809.6915375	853.388	924.120075	874.18005625	866.75105	763.20979375	699.4288	761.4475375	869.54311875	843.49291875	722.7396	642.9729	753.616675
"ILMN_3004151"	471.853	467.1607875	432.2625375	481.95138125	496.31449375	505.03666875	416.80261875	536.30255	580.90806875	435.80354375	527.97433125	458.2919125	536.30255	511.8949625	575.726775	423.30259375
"ILMN_2718861"	639.13488125	652.8076625	682.994525	735.2436125	592.887675	619.8589375	593.84244375	775.5117	743.24070625	672.850275	503.36816875	612.15998125	642.9729	596.12970625	700.8844	682.994525
"ILMN_1241020"	136.2780625	121.66337125	143.70768125	148.76030625	178.7428125	150.57566875	120.242454375	160.77870625	135.04935625	137.7085625	196.7706	151.7689375	152.7725125	150.25461875	145.052675	156.419675
"ILMN_2686187"	382.5141125	477.2194	397.3154375	435.80354375	363.284225	308.46138125	387.69631875	372.3487625	436.54803125	368.29223125	461.68015625	409.58745625	282.817125	437.247825	375.9184375	367.63785625
"ILMN_1234558"	1780.0900625	1834.548	1544.9056875	1518.4934375	1538.7828125	1759.0605	1692.298875	1463.571375	1557.4691875	1775.1008125	1594.2024375	1455.159625	1712.9796875	1702.633625	1522.2485625	1682.1164375
"ILMN_1258977"	1980.6018125	2155.87075	1945.120625	1895.6924375	1949.178875	1932.809875	2057.710125	1752.2866875	1847.5744375	2046.6180625	2173.1679375	1852.93025	2112.686125	2173.1679375	1818.694625	2247.425625
"ILMN_2739364"	138.84401875	130.0706125	148.53309375	163.64845625	163.950325	123.36474375	121.127618125	141.99598125	134.1805125	146.84636875	128.80449375	109.597521875	107.05458375	122.7431125	118.163625	132.85836875
"ILMN_2613851"	288.0676125	291.026025	300.74229375	327.28765625	238.79714375	274.72690625	246.03025	294.6525125	321.67085	232.5956875	281.61061875	312.47725625	259.712775	284.130375	314.9708375	280.3735125
"ILMN_2634157"	446.63266875	408.96751875	486.8490375	517.001575	422.79503125	439.27714375	410.31115625	532.1498625	524.3188875	410.31115625	456.8246	467.1607875	426.70765	448.44150625	432.2625375	399.33398125
"ILMN_1244634"	133.67243125	126.21285	157.1186375	141.217025	146.19573125	155.73429375	126.98818125	185.1210875	146.19573125	123.00808125	149.65268125	138.06913125	149.85671875	164.784175	146.50975625	134.1805125
"ILMN_2805631"	131.59916875	175.81434375	148.979125	138.20509375	156.11439375	149.85671875	128.74994375	149.55910625	142.20985	134.81919375	136.433125	154.01814375	137.7085625	153.43323125	169.459175	145.761225
"ILMN_2729634"	144.96089375	126.4920875	135.57924375	130.36976875	134.09401875	147.3033375	134.09401875	137.87319375	149.091075	159.77998125	144.0709875	145.61169375	148.0812	158.4774	145.761225	149.65268125
"ILMN_2868440"	123.916625	116.0685975	108.920955625	110.156050625	120.935578125	118.285725	113.904466875	136.65300625	97.58289875	114.09009	123.00808125	132.92771875	136.2780625	112.623793125	111.5830875	110.456805
"ILMN_2619718"	186.352	167.7780125	165.9051	200.56753125	173.97199375	177.3205375	166.55055	200.3612125	190.13030625	193.9764375	186.1810125	163.14453125	149.55910625	180.51763125	211.83433125	163.14453125
"ILMN_2645509"	111.53039	106.336995	110.70946125	122.9097875	126.4920875	102.7794925	96.257048125	96.35991375	126.048375	113.472058125	117.718086875	93.552860625	115.018353125	104.63404625	124.3636875	98.303585
"ILMN_2680237"	126.4920875	128.0214625	123.419725	114.21803125	148.2553875	144.40739375	151.97038125	107.315705	110.04152	109.12119375	124.3636875	138.539325	128.74994375	125.13798125	125.8138	118.163625
"ILMN_2680229"	150.25461875	137.3925375	138.9933875	109.025455	103.973995	121.2497075	103.805381875	113.525783125	127.37516875	116.67468125	128.1820625	140.43761875	119.588936875	103.37311125	112.998859375	118.36620625
"ILMN_1241675"	351.3019	378.055575	396.19555625	369.03061875	348.39780625	381.99676875	329.82200625	334.72335625	393.53711875	361.95381875	371.23356875	372.82493125	423.30259375	335.20279375	352.2032125	387.69631875
"ILMN_2645780"	157.9893375	114.453108125	155.25068125	184.74385	187.666425	176.03235625	116.73861375	185.5211625	181.2290125	208.0264875	99.1339275	159.8800125	156.11439375	105.1795875	155.12285	325.7995625
"ILMN_2727318"	11733.567375	11274.7985625	10765.566375	12136.5934375	10765.566375	11542.181125	12255.4739375	11098.6981875	13172.297875	10276.904625	12961.611375	10686.61875	12022.1184375	13718.9189375	12022.1184375	10885.485125
"ILMN_1239592"	619.8589375	570.901275	525.1207875	507.13303125	561.45229375	593.84244375	733.2854375	479.8137125	421.97100625	503.36816875	620.91896875	529.98285	617.6719875	510.3951625	479.8137125	501.98858125
"ILMN_2637180"	242.68321875	282.44331875	230.55338125	220.7673	250.671775	282.817125	209.84545	217.5735625	244.29798125	207.8115125	246.82248125	220.5396375	266.33793125	252.41470625	242.07989375	249.7243
"ILMN_2660924"	142.7377625	129.4002375	129.57466875	133.01849375	131.98764375	133.40468125	138.539325	115.550273125	139.74475	153.28154375	119.751296875	99.86248375	142.43964375	136.72255	121.772645625	138.7328625
"ILMN_2667257"	106.824434375	114.797201875	120.7926525	116.786333125	137.3925375	122.66405625	118.953629375	110.3359825	120.570734375	105.712236875	141.99598125	129.26061875	156.84261875	116.286911875	116.218871875	116.85027375
"ILMN_2634503"	130.47956875	139.96889375	120.40136625	113.809328125	112.488049375	129.966625	112.20645125	119.441101875	126.83335625	112.263464375	115.3305275	109.025455	113.809328125	145.88445	97.07607125	136.5366125
"ILMN_2649579"	125.55423125	114.711198125	118.47405375	137.48125	124.3636875	101.327090625	106.433465625	118.22448625	113.85569125	113.06367625	106.302510625	135.283975	108.26811625	137.48125	140.1623375	100.926916875
"ILMN_1236344"	2022.4721875	2112.686125	2198.099125	2424.1591875	2302.7791875	2202.8358125	2295.03325	2277.43625	2216.556375	2535.7879375	2028.299	2160.4850625	2247.425625	1936.8555625	2339.571375	2255.1854375
"ILMN_2624145"	1371.79743125	1397.06798125	1213.42171875	1159.489775	1403.350275	1271.32739375	1455.159625	1091.7272125	1093.46354375	1495.3311875	1463.571375	1186.45541875	1411.4146	1385.86663125	1422.125375	1168.38758125
"ILMN_2673628"	183.4160875	172.53425625	204.9632	191.0212875	162.95665	189.77638125	222.58170625	183.5885	189.1305	188.71925625	175.81434375	198.521375	155.12285	191.55401875	193.2644875	190.33600625
"ILMN_1232146"	962.397525	978.18965625	797.94845625	1001.74539375	891.9621375	995.0393375	859.087225	1093.46354375	1003.6911625	845.3110625	1089.68374375	1076.3518625	1011.69045	1062.77579375	1040.3809625	886.03111875
"ILMN_2761181"	10765.566375	10686.61875	10276.904625	10165.8596875	10069.3536875	11733.567375	11185.0796875	10381.7305625	10165.8596875	10885.485125	12255.4739375	11274.7985625	11009.9565	11185.0796875	10686.61875	10381.7305625
"ILMN_2741006"	631.27063125	671.48030625	564.52480625	609.15739375	433.3673375	599.761	611.2885125	611.2885125	566.9478125	546.0745625	615.13665625	599.761	596.12970625	501.98858125	608.093875	575.726775
"ILMN_2645917"	593.84244375	642.9729	587.318	666.07275	626.51121875	624.3748875	621.7679875	665.10776875	712.16630625	597.8765375	648.31620625	578.90990625	561.45229375	586.2167	560.39495	621.7679875
"ILMN_2957036"	720.15905625	700.8844	663.6307	763.20979375	624.3748875	636.37033125	719.327125	599.761	635.1811875	713.8766125	812.943	620.91896875	668.77444375	791.47709375	712.16630625	680.34566875
"ILMN_2643067"	1492.257625	1636.542625	1495.3311875	1281.13715625	1531.424875	1458.951875	1682.1164375	1251.42295	1160.7844625	1348.9208375	1413.26638125	1287.05383125	1528.8106875	1394.1235125	1204.60871875	1415.3043625
"ILMN_3030470"	523.3652125	500.9488875	517.55479375	677.40323125	699.4288	546.0745625	552.70248125	687.98139375	802.1467375	648.31620625	510.3951625	500.9488875	515.81448125	680.34566875	750.7542125	627.34338125
"ILMN_3103784"	252.12685	229.14716875	273.00749375	347.93013125	262.8041375	218.7987625	221.72159375	296.226525	301.81316875	260.77003125	280.3735125	263.16635625	240.74000625	230.35183125	253.82809375	264.91688125
"ILMN_2621909"	1183.43249375	1101.52970625	1237.6670125	1354.34208125	1067.2242	1122.60583125	1103.4479	1413.26638125	1601.1688125	1207.328275	1235.48928125	1172.46564375	1180.604725	1222.9821	1243.66574375	1245.9268375
"ILMN_2592313"	5349.3264375	5179.0949375	4953.7386875	4841.1090625	5954.9835625	4953.7386875	4879.8963125	5387.1456875	4986.7503125	5432.1208125	4645.4514375	4683.3188125	4807.5564375	4660.884	4973.2094375	4708.9626875
"ILMN_2660028"	565.33768125	537.29075625	659.7359625	573.3738625	670.750325	573.3738625	535.41675	573.3738625	587.318	639.13488125	457.3322875	463.1787875	520.20643125	565.33768125	611.2885125	506.55626875
"ILMN_2606470"	10276.904625	10615.614375	11435.2999375	13965.5400625	8948.2579375	10028.724375	8847.706625	12961.611375	13965.5400625	10381.7305625	11098.6981875	11435.2999375	9029.38475	11098.6981875	12753.743875	9593.003
"ILMN_2708920"	156.73405625	137.7085625	141.91661875	148.979125	150.25461875	143.5782875	164.9723375	116.579599375	132.15846875	141.33224375	129.66274375	156.84261875	153.7817875	150.8209875	137.9687625	142.3190875
"ILMN_2669982"	2319.68575	2166.2265	1771.0535625	1495.3311875	1524.771125	2084.294625	2166.2265	1682.1164375	1586.1915	1536.2146875	2139.582875	1920.0846875	2166.2265	2424.1591875	1674.5379375	1752.2866875
"ILMN_1214517"	486.8490375	593.84244375	538.19415625	669.51221875	535.41675	589.02404375	492.73689375	692.751325	578.90990625	603.45503125	585.5234625	545.32123125	495.48429375	568.59338125	625.61735625	569.84161875
"ILMN_2671266"	448.44150625	468.2711	409.58745625	447.21463125	358.12875	430.2709875	422.79503125	466.0927	510.3951625	402.89021875	544.1691625	511.8949625	473.54161875	539.6588	478.04355	348.39780625
"ILMN_1250435"	558.66334375	504.200175	609.15739375	506.55626875	669.51221875	657.20195625	473.54161875	460.78855625	475.17880625	569.26025	487.7655125	511.37675625	547.94208125	526.9879125	503.36816875	564.52480625
"ILMN_2723346"	123.419725	107.761495	126.3300625	124.1470375	129.74069375	137.57098125	101.984600625	136.82820625	137.87319375	122.0390925	114.154368125	134.02605	107.553396875	137.9687625	114.4196525	124.3063625
"ILMN_3121687"	1014.6866125	1156.8387125	802.1467375	1113.83363125	1062.77579375	1016.3591125	1310.47486875	1062.77579375	850.88728125	924.120075	1195.67565	715.899675	1202.76246875	1278.73228125	1149.43653125	999.9892375
"ILMN_2705655"	377.12295625	393.04778125	423.7890375	365.3517	403.70125625	412.90525625	423.30259375	396.19555625	454.06344375	429.70605625	390.5186875	368.29223125	476.6074	415.2649625	400.88299375	461.68015625
"ILMN_2732877"	1733.1609375	1483.54425	1435.8101875	981.96119375	1692.298875	1544.9056875	1536.2146875	1068.8899	1067.2242	1586.1915	1059.94405	1310.47486875	1364.5571875	993.4776625	1128.37155625	1455.159625
"ILMN_2685133"	4204.1001875	4236.6	3725.17475	3749.341625	3538.4080625	3968.61275	3781.0464375	3320.2390625	3725.17475	3992.3678125	3992.3678125	3937.3581875	3890.9494375	4281.1286875	4218.05075	3701.24375
"ILMN_2684388"	305.47679375	278.920525	259.10086875	235.4533375	323.7177875	276.1121875	300.74229375	216.5864875	224.4901	248.38111875	259.42550625	269.7045375	282.44331875	254.39213125	220.2211625	257.03089375
"ILMN_2897476"	2808.7315625	2513.31325	2601.092	2641.2374375	2354.48075	2746.322625	2657.6830625	2424.1591875	2255.1854375	2269.339	2563.022875	2453.9114375	2453.9114375	2601.092	2573.4615625	2179.9375625
"ILMN_1213070"	1324.82459375	1324.82459375	1281.13715625	1166.056025	1245.9268375	1249.08265625	1338.7863	1191.13270625	1114.94431875	1217.45435625	1032.07013125	1378.9131875	1324.82459375	1103.4479	1147.48524375	1249.08265625
"ILMN_2881024"	303.483375	261.22823125	278.920525	234.09353125	277.1950625	240.01421875	244.29798125	229.14716875	231.52921875	315.46180625	227.09825	209.5458	252.41470625	191.93235625	240.40243125	242.98343125
"ILMN_3034034"	1472.9005	1449.6651875	1667.1086875	1598.1508125	1499.3388125	1560.761875	1348.9208375	1803.9235625	1712.9796875	1475.72125	1547.57	1572.2295625	1360.29693125	1472.9005	1803.9235625	1674.5379375
"ILMN_3107690"	450.69689375	436.54803125	456.1551125	437.728075	484.564275	407.921325	441.69970625	437.728075	507.13303125	478.04355	366.36539375	392.53830625	460.78855625	394.8399375	444.228375	466.0927
"ILMN_2596007"	2685.290625	2734.9736875	2202.8358125	2084.294625	2362.171375	2376.677125	2814.803375	2078.4186875	2418.3295	2383.52925	2657.6830625	2620.036875	2433.1056875	2586.7810625	2112.686125	2593.8493125
"ILMN_2985579"	388.32369375	397.6639875	357.04663125	314.1618625	316.916175	431.14796875	364.3113375	346.77544375	315.86405	348.8210375	336.565875	369.49314375	346.44023125	427.64664375	329.82200625	313.20505625
"ILMN_1260593"	362.5706625	392.53830625	316.916175	337.58796875	371.23356875	358.75925625	342.73308125	306.98319375	348.39780625	291.026025	339.82898125	342.21289375	417.18845625	357.04663125	301.23424375	324.6985
"ILMN_2687372"	379.94990625	324.21904375	430.71465	410.31115625	391.17670625	460.23505	385.809775	429.70605625	390.5186875	377.12295625	346.44023125	444.228375	363.70033125	376.416275	380.52413125	460.23505
"ILMN_2645368"	256.12818125	250.96471875	258.01679375	283.7978875	257.7532375	291.026025	239.43034375	230.04545625	241.81903125	244.0659875	226.0252	280.78843125	255.4534625	227.41956875	235.1268	213.7292
"ILMN_2890399"	753.616675	708.58986875	696.56115	843.49291875	934.17030625	760.016675	848.62478125	918.47605	785.1105625	626.51121875	692.751325	741.6727625	675.5408125	936.8659625	852.04090625	769.31840625
"ILMN_1214753"	1518.4934375	1722.9694375	1696.7961875	1594.2024375	1536.2146875	1405.81893125	1755.344625	1401.06855	1531.424875	1401.06855	1752.2866875	1237.6670125	1357.10996875	1643.147375	1321.35028125	1166.056025
"ILMN_1239196"	241.45310625	252.12685	283.2316625	284.8685125	327.88030625	257.03089375	246.59630625	318.1763625	300.74229375	330.29816875	252.9415	250.671775	250.96471875	285.64140625	275.6885125	279.92881875
"ILMN_2665008"	1042.00929375	1016.3591125	978.18965625	1067.2242	963.9681375	1068.8899	1105.07545625	981.96119375	1068.8899	1082.82698125	1021.6953125	1006.582575	1126.4124125	1021.6953125	1219.9291875	1191.13270625
"ILMN_1252400"	172.01880625	179.78310625	197.674625	199.29734375	195.0619375	186.352	239.21446875	186.352	201.35433125	196.4535	223.24974375	187.50133125	191.93235625	208.31810625	178.5072375	196.4535
"ILMN_1241785"	396.19555625	375.9184375	342.21289375	360.73080625	372.82493125	319.46595	431.70553125	411.14406875	384.07974375	366.8555625	344.2765125	347.4346	365.858425	328.2315625	328.66174375	327.88030625
"ILMN_2613264"	123.97418125	125.13798125	142.43964375	109.4476275	134.81919375	146.66913125	106.4764675	107.80975375	110.389105	136.5366125	129.74069375	141.33224375	134.26451875	118.163625	126.55820625	119.751296875
"ILMN_2662036"	1759.0605	1929.466625	1344.11956875	1135.11054375	1551.11575	1803.9235625	1702.633625	1330.8783	1297.6508375	1557.4691875	1382.702325	1603.8749375	1836.439375	1524.771125	1235.48928125	1511.49525
"ILMN_2596569"	2545.5605	2497.0566875	1980.6018125	1901.829125	2383.52925	2607.5470625	2734.9736875	1920.0846875	1829.01725	1955.9444375	2057.710125	2119.2700625	2354.48075	1993.1465	1825.944125	2146.17425
"ILMN_2597332"	381.99676875	327.88030625	319.46595	380.52413125	375.9184375	325.1303125	388.32369375	327.28765625	350.04360625	407.06303125	392.53830625	334.72335625	342.73308125	402.19800625	332.3091625	312.47725625
"ILMN_2999447"	1415.3043625	1394.1235125	1207.328275	1360.29693125	1327.62036875	1141.74559375	1193.99459375	1294.01460625	1405.81893125	1413.26638125	1606.1010625	1067.2242	1291.7907625	1411.4146	1394.1235125	1307.1524375
"ILMN_2700765"	398.71056875	378.65840625	408.38614375	342.73308125	369.49314375	407.06303125	394.8399375	332.81544375	345.94235	344.2765125	321.374625	355.2402	331.742525	302.8226125	260.77003125	410.31115625
"ILMN_1233889"	2961.6290625	2754.4678125	2979.4065	3107.309875	2409.938125	2972.661125	2482.9536875	2545.5605	2614.077125	2657.6830625	2625.8334375	3128.8241875	2625.8334375	2876.7545	2808.7315625	2633.7453125
"ILMN_2719322"	108.590815625	102.354020625	130.15226875	145.761225	149.98421875	106.1879975	109.848235	144.96089375	131.4411375	131.59916875	120.6827425	124.21180625	115.68587625	100.552054375	130.47956875	133.01849375
"ILMN_1255634"	431.70553125	437.728075	398.71056875	349.45023125	635.1811875	498.9142875	487.7655125	472.5667625	395.40934375	439.27714375	451.2888375	377.12295625	493.6619875	397.3154375	365.858425	431.70553125
"ILMN_2839142"	384.5962625	376.416275	375.0392	321.10474375	365.3517	323.31540625	352.63408125	288.99533125	277.5543625	336.03175625	345.94235	335.20279375	322.95923125	267.64753125	252.718175	351.3019
"ILMN_2839145"	702.784375	780.13395	702.784375	697.83648125	721.739725	689.13815625	740.36884375	647.47771875	618.6698125	726.5232875	694.11808125	726.5232875	730.3635	666.07275	679.33685625	798.8415625
"ILMN_2617468"	777.27234375	545.32123125	955.7568875	1007.92801875	962.397525	1025.38715	439.27714375	1170.59585625	1210.36091875	777.27234375	640.4643375	999.9892375	1152.5140625	766.45550625	1151.0470375	593.84244375
"ILMN_1219656"	3523.8733125	3814.110625	3428.1263125	4089.44975	4038.2773125	3688.003875	4169.9660625	3814.110625	4026.5495625	3641.6975	4068.588375	3761.2193125	3832.903375	3852.391	4126.3891875	3814.110625
"ILMN_1221262"	694.11808125	631.27063125	704.218775	743.24070625	783.53573125	747.50439375	619.8589375	763.20979375	806.6958625	709.83329375	738.7639375	686.72390625	770.86421875	772.2590125	772.2590125	677.40323125
"ILMN_2872246"	291.68979375	269.270475	282.44331875	332.81544375	301.23424375	324.6985	304.0222125	292.9288	278.0741625	270.9667	300.74229375	282.05160625	266.81874375	307.39310625	305.47679375	268.93265
"ILMN_1223327"	108.0135675	110.04152	107.761495	146.84636875	94.759101875	97.53588375	133.40468125	112.07261625	114.453108125	95.708998125	132.15846875	116.286911875	113.369824375	125.4714	115.917260625	91.005470625
"ILMN_1241128"	378.055575	364.7329125	385.17415	488.4622375	358.75925625	398.71056875	421.97100625	449.74499375	457.3322875	381.0655875	563.2545375	373.83311875	441.69970625	480.36246875	483.78041875	342.73308125
"ILMN_2635850"	514.38961875	517.001575	479.1273375	598.88335625	532.87104375	582.71525	495.48429375	656.07823125	623.23298125	663.6307	548.52860625	623.23298125	600.65928125	589.02404375	691.93594375	514.38961875
"ILMN_2944301"	237.218225	230.35183125	212.3307375	195.9714875	238.193125	266.81874375	233.8516125	193.48036875	203.7036375	196.7706	246.03025	207.070475	222.806	259.42550625	194.1203625	240.40243125
"ILMN_1259470"	1670.214625	1682.1164375	1710.0408125	1932.809875	1771.0535625	1682.1164375	2028.299	1667.1086875	1780.0900625	1736.0078125	1685.458625	1771.0535625	1907.0588125	1557.4691875	1598.1508125	2053.1393125
"ILMN_2742293"	1217.45435625	1314.895575	1278.73228125	1394.1235125	1385.86663125	1291.7907625	1390.10550625	1334.8682125	1369.23980625	1258.5084875	1489.162	1268.02655	1289.71745	1492.257625	1452.8455	1213.42171875
"ILMN_2757087"	167.144325	222.806	214.87058125	194.1203625	218.7987625	183.4160875	216.21751875	182.68725625	201.61073125	207.38165625	153.28154375	153.8966625	213.9903875	162.7807125	181.81199375	135.78506875
"ILMN_1220430"	447.68239375	429.70605625	470.640325	511.37675625	569.26025	449.74499375	452.6686625	521.22874375	543.3096125	500.9488875	478.57549375	413.8246875	420.8278625	481.1763125	613.03275	439.987375
"ILMN_2694257"	484.564275	469.8672	492.403675	579.673675	525.1207875	486.8490375	481.95138125	567.74780625	613.03275	601.505725	498.9142875	434.19785	503.36816875	546.9559125	657.20195625	423.7890375
"ILMN_1254307"	670.750325	770.86421875	720.15905625	854.99735625	798.8415625	699.4288	627.34338125	767.94165	872.95540625	760.016675	770.86421875	659.7359625	694.11808125	815.414375	815.414375	887.8875125
"ILMN_1258998"	166.79903125	171.86004375	190.13030625	167.6348	185.1210875	174.89948125	149.98421875	242.07989375	194.6496125	191.38894375	171.86004375	144.96089375	177.922875	212.92013125	238.79714375	252.12685
"ILMN_1258728"	185.29855625	160.36623125	173.36885	154.25715625	164.106975	203.7036375	158.36090625	145.761225	161.8096	171.86004375	162.95665	149.85671875	189.3455875	148.40835	151.10538125	168.40875625
"ILMN_2963432"	591.04258125	494.868575	523.3652125	543.3096125	492.73689375	500.0371625	432.2625375	565.9701	489.3833625	507.13303125	588.19000625	632.8636	550.3105375	434.19785	524.3188875	580.90806875
"ILMN_1251065"	1475.72125	1470.4425625	1327.62036875	1603.8749375	1408.44643125	1397.06798125	1403.350275	1422.125375	1413.26638125	1378.9131875	1616.6285625	1397.06798125	1449.6651875	1726.885875	1547.57	1274.3487
"ILMN_1251930"	360.73080625	332.3091625	377.12295625	319.967375	347.0615875	306.98319375	332.3091625	347.93013125	332.3091625	395.40934375	255.85755625	329.34705625	290.00418125	309.12840625	317.23864375	377.56054375
"ILMN_2656871"	232.20605625	210.0105125	261.992325	262.8041375	282.05160625	260.77003125	259.99785	278.920525	291.433125	319.967375	256.12818125	247.56793125	302.349125	241.6497	277.1950625	304.0222125
"ILMN_2883952"	173.5161375	177.3205375	179.33101875	161.41156875	166.55055	186.96800625	149.85671875	195.0619375	184.41938125	178.7428125	204.0442375	224.4901	193.64621875	135.4736125	162.2762625	180.51763125
"ILMN_2745614"	14639.404375	10069.3536875	16217.518125	17954.566875	12753.743875	15117.95875	10765.566375	15936.1675	17044.609375	11542.181125	10381.7305625	11339.6023125	10069.3536875	11339.6023125	17044.609375	12435.84
"ILMN_1233160"	1235.48928125	1327.62036875	1283.01740625	1278.73228125	1422.125375	1310.47486875	1231.9370125	1245.9268375	1178.06565	1271.32739375	1265.327025	1202.76246875	1154.7735125	1085.91533125	1126.4124125	1183.43249375
"ILMN_1242942"	115.2694675	103.537685625	104.830466875	126.3300625	124.47621875	120.882648125	117.785030625	138.06913125	120.7926525	133.40468125	142.20985	109.638690625	109.2781775	92.030391875	135.57924375	131.88230625
"ILMN_2766315"	4009.490375	3948.7111875	3917.42275	4263.7541875	4403.614	4351.897875	3749.341625	4089.44975	3688.003875	4236.6	3852.391	3523.8733125	3814.110625	3725.17475	4026.5495625	3902.69575
"ILMN_2699294"	3890.9494375	3658.6510625	3558.081875	3832.903375	3486.6504375	4247.6826875	3513.9283125	3416.61325	3948.7111875	3523.8733125	3538.4080625	4169.9660625	3937.3581875	3658.6510625	3761.2193125	4009.490375
"ILMN_2896944"	4247.6826875	4445.070125	4107.2114375	4430.0370625	4660.884	4708.9626875	4507.455375	4218.05075	4281.1286875	3937.3581875	3874.252375	4305.6294375	4403.614	4403.614	4158.0104375	4379.1074375
"ILMN_2639402"	451.87211875	475.17880625	419.42740625	458.2919125	490.34479375	432.7302625	467.1607875	451.2888375	432.7302625	445.36558125	421.97100625	399.9620875	411.14406875	524.3188875	480.36246875	415.83955625
"ILMN_2981896"	1168.38758125	1172.46564375	1348.9208375	1321.35028125	1397.06798125	1178.06565	1207.328275	1189.44799375	1271.32739375	1327.62036875	1170.59585625	1135.11054375	1079.6510625	1049.3454625	1222.9821	1210.36091875
"ILMN_2875089"	12435.84	12435.84	11891.49075	16217.518125	12961.611375	13172.297875	12753.743875	14392.26875	17329.62125	12601.4119375	16589.97125	11733.567375	13965.5400625	17044.609375	16217.518125	12022.1184375
"ILMN_2701207"	422.79503125	397.3154375	416.80261875	390.5186875	336.03175625	436.54803125	372.3487625	449.20795	439.27714375	398.71056875	427.27374375	400.88299375	444.7976625	418.747925	388.7899	333.38666875
"ILMN_1221592"	1114.94431875	1055.98661875	1310.47486875	1289.71745	1170.59585625	1183.43249375	1156.8387125	1508.6094375	1126.4124125	991.44575625	983.59676875	1235.48928125	998.31044375	901.21771875	1202.76246875	1231.9370125
"ILMN_2873180"	7943.6365	7541.13875	7860.3515625	7980.7325625	6723.2856875	7943.6365	7479.230875	7726.9431875	8300.5935625	7369.15725	7726.9431875	7479.230875	8047.471875	8150.200625	7980.7325625	7860.3515625
"ILMN_1221983"	6377.3095	5772.2266875	6859.5449375	6927.059125	5875.1608125	7071.3248125	5838.7989375	7039.666875	7798.0423125	5838.7989375	6591.0685	7071.3248125	5954.9835625	6685.6085625	6428.544875	6466.3218125
"ILMN_3120652"	4169.9660625	4523.228	4068.588375	3738.920875	3992.3678125	3749.341625	4281.1286875	3852.391	3874.252375	4068.588375	3796.905625	3992.3678125	4089.44975	3641.6975	3612.062	4218.05075
"ILMN_1222682"	431.14796875	497.95498125	435.80354375	393.53711875	428.38743125	392.53830625	491.07211875	459.12235	444.7976625	438.60104375	492.403675	477.2194	457.3322875	470.640325	430.2709875	393.53711875
"ILMN_3045152"	139.335075	150.8209875	136.3514	125.3855125	154.25715625	138.27471875	118.565539375	123.419725	119.820021875	152.35095	120.312873125	139.96889375	106.718800625	127.4777875	122.81610625	130.47956875
"ILMN_2756074"	364.3113375	288.99533125	363.284225	386.5043625	421.2821375	375.0392	325.7995625	385.809775	358.75925625	352.63408125	313.6639875	371.23356875	334.29151875	292.0677	344.74945	326.664175
"ILMN_1239860"	2593.8493125	2173.1679375	2593.8493125	2808.7315625	2446.180375	2319.68575	2346.651625	2808.7315625	3022.225125	2007.2110625	2697.970125	2563.022875	2310.01975	2814.803375	2979.4065	2768.0050625
"ILMN_2684667"	4973.2094375	5156.838125	4430.0370625	5432.1208125	4986.7503125	5033.8555	4807.5564375	5266.1386875	4879.8963125	4364.1930625	5511.9364375	4823.556375	5266.1386875	5603.8941875	4823.556375	4403.614
"ILMN_1221820"	107.0977375	102.2456525	126.048375	99.86248375	145.48405	119.751296875	124.3063625	132.0691125	127.19753125	144.2734875	131.4411375	119.751296875	131.4411375	112.52499375	121.906201875	119.9140375
"ILMN_2724415"	1321.35028125	1403.350275	1518.4934375	1601.1688125	1522.2485625	1470.4425625	1330.8783	1567.026875	1440.297625	1547.57	1369.23980625	1575.5840625	1426.4050625	1369.23980625	1455.159625	1327.62036875
"ILMN_2640140"	460.78855625	426.70765	404.1772625	485.22894375	591.04258125	478.04355	430.71465	516.2531	456.8246	491.07211875	511.37675625	470.640325	539.6588	505.03666875	564.52480625	468.97165
"ILMN_2446990"	258.2902125	253.82809375	243.19339375	259.42550625	184.16316875	268.93265	259.10086875	278.54705625	271.79109375	213.214425	332.81544375	300.04139375	212.0886125	318.90009375	248.77758125	224.4901
"ILMN_2757861"	712.16630625	727.81856875	705.98616875	765.3012375	583.35471875	640.4643375	761.4475375	788.9523625	752.51255625	715.899675	805.34804375	758.9241125	666.07275	675.5408125	793.70504375	620.91896875
"ILMN_2695599"	408.38614375	479.8137125	364.7329125	378.055575	425.568775	412.3047375	443.24934375	348.39780625	371.23356875	386.5043625	428.38743125	390.08191875	424.72686875	405.55344375	395.40934375	471.3431875
"ILMN_2706652"	240.5617625	215.65326875	229.14716875	212.92013125	242.98343125	229.4819375	216.43915625	239.21446875	218.7987625	206.07911875	237.4585875	208.5434125	201.84556875	174.34795	227.935725	243.81895
"ILMN_2602204"	1452.8455	1344.11956875	1467.761125	1797.0263125	1143.343875	1357.10996875	1285.26755625	1594.2024375	1541.3610625	1357.10996875	1696.7961875	1281.13715625	1455.159625	1567.026875	1405.81893125	1195.67565
"ILMN_2757838"	527.97433125	546.9559125	563.2545375	494.461675	546.0745625	513.767075	540.51569375	445.36558125	498.9142875	548.52860625	590.05653125	555.8922625	508.08930625	490.34479375	526.9879125	448.44150625
"ILMN_3163481"	409.58745625	389.2009	412.90525625	381.99676875	437.247825	378.055575	397.6639875	369.03061875	352.2032125	406.37385625	394.8399375	398.07675625	335.20279375	391.82051875	381.0655875	388.7899
"ILMN_3011730"	119.0158425	95.0343675	119.63838875	141.65965625	110.50149375	95.156365625	92.258136875	141.60225625	134.4111125	97.07607125	127.4777875	113.7471975	110.3359825	105.296793125	126.21285	92.258136875
"ILMN_2720180"	3157.8791875	3226.965	2952.272375	2685.290625	2912.180875	2838.851625	3306.58425	2556.7989375	2489.4524375	3469.855625	2768.0050625	3136.9086875	2876.7545	2918.745375	2535.7879375	3157.8791875
"ILMN_1229082"	6511.084625	6723.2856875	6058.9016875	6248.408625	6290.24225	6685.6085625	6210.4018125	6962.8776875	6591.0685	6625.522875	5807.3333125	6893.8591875	6511.084625	6001.081	5511.9364375	6158.776375
"ILMN_2959372"	164.420575	147.95994375	140.62593125	173.757825	167.3223	167.144325	152.7725125	175.5692	188.136525	148.85370625	201.05835625	139.74475	146.337125	166.07181875	170.59660625	184.6136125
"ILMN_1250709"	6158.776375	6428.544875	5603.8941875	6511.084625	6333.1640625	6077.354	6428.544875	6117.9055	6001.081	5909.277875	6511.084625	6058.9016875	7200.2993125	6290.24225	6158.776375	6428.544875
"ILMN_2717569"	905.71059375	891.9621375	1084.00139375	899.8158	1197.66168125	940.56146875	831.24433125	915.080925	949.26629375	1087.3466875	893.52561875	864.6376	876.73246875	868.26401875	863.02495	1042.00929375
"ILMN_2957904"	976.43411875	958.69609375	1141.74559375	1241.1790375	1135.11054375	1085.91533125	1087.3466875	1099.7499	1110.04635625	1040.3809625	1014.6866125	1091.7272125	1010.49423125	1035.1083875	1112.35626875	1172.46564375
"ILMN_2957898"	397.3154375	347.93013125	404.8501	385.809775	451.87211875	366.36539375	331.742525	312.7602	336.565875	332.81544375	369.49314375	349.45023125	345.1946	359.42853125	367.63785625	379.2877125
"ILMN_2856187"	186.52754375	194.500175	180.77294375	186.8385125	152.49919375	166.07181875	141.81609375	180.31404375	214.4501625	163.47545	176.03235625	178.395625	194.6496125	189.54376875	198.0223	200.3612125
"ILMN_3155342"	132.92771875	134.89888125	129.4002375	147.01914375	117.0603175	133.495475	98.90738875	109.848235	138.27471875	148.53309375	106.857693125	126.73568125	146.84636875	117.785030625	156.11439375	157.61219375
"ILMN_2680665"	3416.61325	3388.5791875	2884.703625	3575.4696875	2808.7315625	3612.062	3270.1041875	3357.9559375	3627.76525	2972.661125	3676.100625	3469.855625	3627.76525	3676.100625	3538.4080625	2997.8144375
"ILMN_1257551"	225.05390625	264.726425	320.71545	350.04360625	305.47679375	317.23864375	243.81895	359.42853125	330.808375	311.85809375	264.91688125	332.3091625	280.78843125	243.81895	384.5962625	290.00418125
"ILMN_2645662"	1601.1688125	1149.43653125	1722.9694375	2126.100375	2190.5333125	1594.2024375	1135.11054375	1945.120625	1911.486125	2062.787125	1340.98901875	1749.6379375	1413.26638125	1338.7863	2418.3295	2173.1679375
"ILMN_2620131"	203.35528125	166.79903125	181.81199375	136.72255	165.72133125	136.433125	166.65600625	155.73429375	138.4033875	151.7689375	143.3203125	168.6341	151.7689375	162.56773125	153.03776875	173.5161375
"ILMN_2637624"	456.8246	411.14406875	534.0548125	464.00155	417.18845625	517.55479375	427.64664375	520.20643125	456.1551125	440.4799375	506.55626875	473.54161875	442.4851375	465.43049375	428.95229375	481.1763125
"ILMN_2805697"	1103.4479	996.23235625	1072.09820625	1074.1825625	928.80734375	1014.6866125	1030.10514375	1089.68374375	943.31915	912.4321125	1114.94431875	1231.9370125	993.4776625	1084.00139375	951.3225875	1068.8899
"ILMN_2650275"	658.75748125	581.90118125	632.8636	635.1811875	545.32123125	563.2545375	577.87453125	613.95905625	696.56115	677.40323125	687.98139375	770.86421875	682.994525	783.53573125	682.994525	691.93594375
"ILMN_1224014"	1107.67528125	1141.74559375	1135.11054375	1152.5140625	1072.09820625	869.54311875	1186.45541875	1014.6866125	1553.8566875	1551.11575	1285.26755625	889.52394375	1159.489775	1452.8455	1401.06855	1411.4146
"ILMN_2720930"	334.29151875	317.23864375	373.83311875	324.6985	375.0392	364.3113375	378.055575	358.75925625	313.912925	341.75748125	363.70033125	314.9708375	338.97425625	338.11564375	323.7177875	335.20279375
"ILMN_2702193"	276.7179375	245.44033125	288.69434375	267.13753125	268.086125	256.83043125	227.7343625	270.64926875	310.58943125	268.4554125	287.631325	255.85755625	236.2630125	202.13511875	284.51064375	318.90009375
"ILMN_2679695"	482.94526875	486.04989375	417.18845625	390.08191875	509.63761875	473.54161875	417.18845625	417.18845625	366.36539375	460.23505	424.72686875	397.3154375	445.36558125	408.38614375	411.7634625	443.24934375
"ILMN_1236049"	1746.5230625	1646.2829375	1485.7453125	1485.7453125	1652.57875	1660.214375	1567.026875	1524.771125	1627.8435625	1622.054	1611.9604375	1685.458625	1764.57425	1662.9405	1536.2146875	1636.542625
"ILMN_2656071"	485.22894375	500.0371625	481.95138125	578.90990625	510.3951625	454.8536125	468.97165	524.3188875	548.52860625	511.37675625	571.902025	471.853	552.70248125	478.04355	501.98858125	548.52860625
"ILMN_1237750"	2302.7791875	2573.4615625	2091.78225	2545.5605	3022.225125	2433.1056875	2997.8144375	2513.31325	2641.2374375	2392.535375	2685.290625	2506.3018125	3010.3569375	2808.7315625	2581.1375	2331.606375
"ILMN_1217225"	561.45229375	516.2531	674.1961875	466.0927	625.61735625	579.673675	510.3951625	490.34479375	481.1763125	620.91896875	479.1273375	531.27466875	467.1607875	396.19555625	412.3047375	602.364075
"ILMN_1235281"	2461.7744375	2289.2633125	2476.0315625	2777.01275	2247.425625	2424.1591875	2139.582875	2526.8005	3033.5199375	2497.0566875	2665.720625	2526.8005	2346.651625	2665.720625	2674.5666875	2198.099125
"ILMN_2643057"	202.7597125	188.71925625	201.61073125	191.38894375	249.35498125	207.38165625	215.65326875	215.89776875	203.53366875	238.193125	199.73144375	195.57435625	219.02440625	219.72244375	239.76948125	246.82248125
"ILMN_1232976"	1586.1915	1784.87	1788.49725	1794.4246875	1876.826625	1847.5744375	1670.214625	1829.01725	1834.548	1915.526625	1440.297625	1936.8555625	1784.87	1733.1609375	1891.157125	1895.6924375
"ILMN_2729743"	210.41654375	198.77406875	207.38165625	232.20605625	229.14716875	189.54376875	236.796525	227.41956875	235.4533375	234.09353125	225.30408125	205.100125	195.197125	214.70516875	233.8516125	247.1646875
"ILMN_1214402"	1470.4425625	1655.3744375	1354.34208125	1618.8371875	1300.52404375	1755.344625	1852.93025	1780.0900625	1870.0569375	1445.528	1677.8181875	2084.294625	1825.944125	1722.9694375	1652.57875	1492.257625
"ILMN_1238246"	598.88335625	575.726775	635.1811875	534.0548125	590.05653125	608.093875	561.45229375	651.891225	603.45503125	577.87453125	644.6966625	635.1811875	667.4936	582.71525	635.1811875	619.8589375
"ILMN_2927924"	402.89021875	438.60104375	509.63761875	419.42740625	444.228375	506.55626875	396.19555625	456.1551125	443.24934375	365.3517	411.14406875	560.39495	451.87211875	399.9620875	426.13781875	392.53830625
"ILMN_2759088"	151.3138125	131.07861875	140.758425	164.22484375	137.7085625	160.96233125	129.4002375	137.57098125	141.33224375	138.7328625	127.74073125	155.40856875	173.757825	133.10364375	139.88649375	129.4002375
"ILMN_2764865"	3781.0464375	3469.855625	3368.0494375	3357.9559375	3641.6975	3725.17475	3796.905625	3169.1403125	2788.859125	3343.441125	3368.0494375	3097.4584375	3375.6960625	3388.5791875	3053.95425	3117.95425
"ILMN_2706014"	199.078225	220.013025	214.70516875	220.5396375	223.98566875	214.87058125	294.6525125	321.10474375	256.39871875	231.864125	203.87181875	193.043575	180.77294375	192.278725	194.84985625	260.77003125
"ILMN_2968032"	602.364075	684.94580625	573.3738625	604.86969375	566.9478125	516.2531	811.5633125	628.72353125	660.9562125	613.03275	848.62478125	651.891225	660.9562125	702.784375	620.91896875	586.2167
"ILMN_1260020"	384.07974375	352.63408125	304.53516875	425.568775	289.51720625	336.565875	332.81544375	433.3673375	394.35784375	358.12875	433.3673375	367.63785625	355.6965	390.5186875	412.90525625	357.60513125
"ILMN_2597660"	193.2644875	176.3861875	183.2611375	197.9066	172.36616875	178.23885625	182.34723125	191.38894375	215.89776875	184.74385	173.36885	204.2428625	204.0442375	169.3054875	223.98566875	166.39635
"ILMN_3128270"	116.528839375	138.20509375	105.712236875	113.618420625	99.02683625	99.938884375	123.916625	95.465949375	112.69401375	109.913100625	129.8673875	114.4196525	133.67243125	118.036201875	89.23919375	105.65601875
"ILMN_1226228"	1261.6343125	1369.23980625	1147.48524375	1217.45435625	1089.68374375	1062.77579375	1344.11956875	1098.0628125	1168.38758125	1120.43725	1276.95708125	1219.9291875	1255.65941875	1522.2485625	1152.5140625	1062.77579375
"ILMN_1219459"	296.62184375	336.03175625	258.5847125	255.85755625	263.842925	286.20885625	290.51439375	269.270475	247.1646875	286.827325	360.18498125	314.1618625	297.28149375	337.05235	249.7243	250.11290625
"ILMN_2625035"	165.3524875	181.50995	198.2510125	166.07181875	183.76841875	169.72580625	176.3861875	165.3524875	204.430875	190.13030625	155.55105625	170.97615	185.99401875	189.3455875	189.8980875	165.9051
"ILMN_1260046"	1202.76246875	1300.52404375	1291.7907625	1318.56764375	1237.6670125	1351.6376	1271.32739375	1310.47486875	1324.82459375	1245.9268375	1249.08265625	1189.44799375	1271.32739375	1186.45541875	1175.58714375	1294.01460625
"ILMN_2662283"	856.60740625	649.38925625	719.327125	754.67213125	832.51063125	816.41575	727.81856875	780.13395	821.23484375	880.51689375	757.63383125	781.69595	884.5969875	854.99735625	846.94178125	750.7542125
"ILMN_1227103"	370.0059125	322.0296125	321.10474375	325.7995625	336.565875	306.5607625	333.38666875	322.95923125	337.05235	319.46595	351.802	326.2479375	331.23381875	326.664175	346.44023125	330.29816875
"ILMN_2702016"	180.832609375	186.1810125	197.9066	211.32431875	185.65298125	185.1210875	199.985175	195.57435625	236.45716875	157.1186375	213.7292	210.89266875	185.79605625	193.043575	209.84545	180.892275
"ILMN_1223176"	423.7890375	452.6686625	431.70553125	515.81448125	495.48429375	444.228375	396.83708125	437.247825	376.416275	397.6639875	440.4799375	344.74945	379.94990625	384.5962625	454.06344375	409.58745625
"ILMN_2610798"	1025.38715	1112.35626875	1007.92801875	1107.67528125	1006.582575	735.2436125	989.583825	993.4776625	1053.60926875	960.04960625	1003.6911625	993.4776625	886.03111875	915.080925	1042.00929375	1154.7735125
"ILMN_2776764"	1213.42171875	1360.29693125	1091.7272125	1324.82459375	1204.60871875	907.256775	1485.7453125	1156.8387125	1261.6343125	1313.45749375	1452.8455	1149.43653125	1313.45749375	1371.79743125	1367.22803125	1458.951875
"ILMN_2748300"	196.21144375	191.773575	270.3889125	252.41470625	182.08051875	252.41470625	170.08375625	232.20605625	186.52754375	211.59015625	152.35095	206.3916875	233.07575625	178.23885625	229.79181875	199.985175
"ILMN_2652425"	149.091075	166.65600625	165.72133125	158.1595375	172.16496875	164.22484375	167.4655125	144.66973125	165.1109125	146.19573125	179.78310625	149.091075	152.35095	149.55910625	148.979125	180.31404375
"ILMN_2670427"	4218.05075	4660.884	4054.2248125	4507.455375	4683.3188125	4204.1001875	5097.3593125	4457.1559375	4263.7541875	4126.3891875	4364.1930625	3832.903375	4218.05075	4953.7386875	4445.070125	3781.0464375
"ILMN_1228094"	215.65326875	185.1210875	139.335075	181.50995	175.38233125	199.985175	167.3223	182.470475	193.043575	180.77294375	199.078225	172.01880625	231.2587625	194.84985625	230.55338125	171.546275
"ILMN_1258638"	172.71671875	138.539325	168.9639625	214.87058125	179.535125	162.05531875	144.5738125	195.7639125	198.521375	160.36623125	159.8800125	178.23885625	155.25068125	167.3223	203.03711875	176.03235625
"ILMN_1252689"	1149.43653125	995.0393375	1193.99459375	1327.62036875	936.8659625	1084.00139375	1006.582575	1152.5140625	1215.14716875	1076.3518625	1141.74559375	1107.67528125	1023.99141875	1268.02655	1278.73228125	1055.98661875
"ILMN_2914347"	117.95385375	135.18933125	149.23314375	162.56773125	146.66913125	154.53503125	118.22448625	143.487075	154.98025625	136.03915625	108.693495625	144.40739375	133.86773125	166.65600625	173.5161375	129.316175
"ILMN_1239677"	43942.53375	43942.53375	43942.53375	43942.53375	39382.785	43942.53375	39382.785	43942.53375	43942.53375	43942.53375	43942.53375	43942.53375	43942.53375	43942.53375	43942.53375	43942.53375
"ILMN_2756628"	4864.437875	4321.2529375	4807.5564375	5179.0949375	5283.5250625	4973.2094375	4158.0104375	4986.7503125	5179.0949375	5065.319625	4553.349	4744.4376875	4523.228	4472.218125	4744.4376875	5310.5491875
"ILMN_1255823"	17583.018125	17954.566875	17583.018125	17044.609375	18214.775	19059.6	18214.775	18214.775	17583.018125	19059.6	17583.018125	18214.775	18760.23	18584.881875	17583.018125	18584.881875
"ILMN_2838372"	798.8415625	877.92143125	599.761	596.12970625	795.77954375	695.53653125	978.18965625	553.2030125	682.994525	674.1961875	905.71059375	747.50439375	803.67116875	837.33126875	680.34566875	672.850275
"ILMN_1215233"	730.3635	763.20979375	752.51255625	722.7396	831.24433125	850.88728125	819.45544375	802.1467375	783.53573125	825.71355625	756.09396875	769.31840625	866.75105	721.739725	758.9241125	893.52561875
"ILMN_1235179"	557.66410625	539.6588	715.899675	709.83329375	597.8765375	558.66334375	550.3105375	609.15739375	699.4288	543.3096125	537.29075625	583.35471875	575.726775	602.364075	753.616675	595.30204375
"ILMN_2602257"	1057.93018125	1070.6493875	1131.15279375	1068.8899	871.08569375	1028.589375	971.06836875	840.94978125	935.4101625	993.4776625	1016.3591125	953.7593875	955.7568875	895.183675	903.69043125	1047.2555875
"ILMN_2630884"	209.34676875	216.21751875	231.864125	219.489875	215.89776875	210.41654375	202.13511875	251.28089375	228.20060625	219.262125	190.72886875	226.8536625	207.8115125	235.4533375	209.11500625	202.7597125
"ILMN_2814385"	113.25763875	96.886755625	123.252375	132.0691125	105.85116625	91.3312175	93.912435625	117.419678125	133.01849375	122.57942625	83.179935	80.49264125	91.877046875	85.705901875	120.016961875	122.201485625
"ILMN_1241035"	2814.803375	2563.022875	2362.171375	2119.2700625	3061.8775625	2620.036875	2633.7453125	2224.8838125	2179.9375625	2838.851625	2091.78225	2476.0315625	2607.5470625	2139.582875	2325.9018125	2586.7810625
"ILMN_2667101"	11339.6023125	11435.2999375	11542.181125	12753.743875	14392.26875	12961.611375	11009.9565	11435.2999375	12255.4739375	12961.611375	12136.5934375	12601.4119375	12255.4739375	11435.2999375	12255.4739375	12601.4119375
"ILMN_2668778"	121.193045	130.618125	125.4714	115.3305275	139.66160625	140.9277875	119.36188375	117.156748125	110.772369375	129.74069375	119.6936	121.127618125	128.0214625	126.3300625	129.66274375	132.0691125
"ILMN_2624385"	797.94845625	812.943	1016.3591125	887.8875125	1313.45749375	812.943	822.8856875	829.13074375	845.3110625	972.88915625	868.26401875	697.83648125	812.943	938.45773125	876.73246875	781.69595
"ILMN_1250771"	1652.57875	1660.214375	1670.214625	1718.3888125	1511.49525	1627.8435625	1598.1508125	1577.6735	1685.458625	1479.4730625	1636.542625	1616.6285625	1551.11575	1775.1008125	1812.4966875	1788.49725
"ILMN_2592656"	3641.6975	3749.341625	3486.6504375	3188.1453125	3294.2288125	3442.0161875	4026.5495625	3368.0494375	3457.957875	3350.0475625	3575.4696875	4054.2248125	3428.1263125	3781.0464375	3357.9559375	3320.2390625
"ILMN_3124226"	672.850275	665.10776875	665.10776875	620.91896875	680.34566875	736.55418125	769.31840625	649.38925625	595.30204375	712.16630625	677.40323125	642.9729	809.6915375	684.94580625	652.8076625	662.1849625
"ILMN_1217039"	1677.8181875	1771.0535625	2011.2341875	1638.7200625	1743.4195	1606.1010625	1710.0408125	1638.7200625	1733.1609375	1818.694625	1702.633625	2028.299	1638.7200625	1739.1569375	1685.458625	1847.5744375
"ILMN_2744603"	251.70985625	225.68436875	233.603175	241.6497	225.05390625	253.4402375	233.35624375	246.82248125	228.589075	203.53366875	259.712775	206.07911875	215.65326875	253.4402375	249.017375	194.2811375
"ILMN_2655126"	164.9723375	147.54801875	164.22484375	179.18690625	189.54376875	186.8385125	154.53503125	151.2095	142.43964375	200.69875625	215.30675	160.2164375	178.23885625	192.75574375	185.5211625	160.64474375
"ILMN_2769393"	1907.0588125	1872.962125	1829.01725	1736.0078125	2084.294625	2133.6043125	1829.01725	1876.826625	1840.8434375	2031.236625	1736.0078125	1911.486125	2062.787125	1876.826625	1895.6924375	1901.829125
"ILMN_3105205"	1085.91533125	1281.13715625	1340.98901875	1276.95708125	1099.7499	1156.8387125	1107.67528125	1307.1524375	1049.3454625	1021.6953125	1226.22256875	1265.327025	1007.92801875	1042.00929375	1168.38758125	955.7568875
"ILMN_2751248"	145.61169375	151.399775	147.16050625	155.12285	166.39635	142.13395625	131.36425	153.6196125	160.51105	160.2164375	162.44010625	137.78745625	143.192725	131.16729375	178.395625	155.12285
"ILMN_1226642"	172.36616875	143.86384375	191.55401875	153.15165	200.3612125	155.40856875	155.40856875	164.22484375	160.64474375	159.68008125	146.19573125	191.55401875	134.81919375	134.1805125	132.75633125	166.962625
"ILMN_1247760"	234.60474375	183.2611375	276.1121875	246.82248125	246.82248125	236.042125	213.37485	192.75574375	250.671775	222.3505375	213.214425	180.892275	198.0223	250.96471875	200.3612125	243.19339375
"ILMN_2622891"	237.4585875	199.29734375	248.77758125	207.61158125	251.70985625	251.28089375	225.30408125	183.97743125	264.17246875	279.92881875	187.50133125	226.0252	248.77758125	223.05815	263.46951875	266.33793125
"ILMN_1216854"	2918.745375	2943.34825	2754.4678125	2884.703625	3070.3590625	2777.01275	2854.01125	2898.0708125	2918.745375	3320.2390625	3128.8241875	2854.01125	3022.225125	3178.6443125	3070.3590625	2912.180875
"ILMN_2643326"	153.43323125	149.85671875	151.7689375	185.5211625	175.81434375	150.15854375	168.26489375	224.22981875	194.2811375	169.3054875	160.77870625	156.11439375	162.05531875	181.2290125	231.52921875	182.93705625
"ILMN_1222516"	752.51255625	840.94978125	714.822675	624.3748875	709.83329375	908.87373125	788.10545	713.8766125	766.45550625	846.94178125	816.41575	797.94845625	832.51063125	884.5969875	787.04511875	819.45544375
"ILMN_2672208"	729.06335	733.2854375	602.364075	552.70248125	639.13488125	648.31620625	726.5232875	537.29075625	616.66825	651.891225	722.7396	568.59338125	766.45550625	695.53653125	623.23298125	756.09396875
"ILMN_2781118"	391.82051875	385.809775	425.568775	399.9620875	513.767075	363.70033125	432.7302625	388.32369375	419.42740625	414.57105	365.858425	385.17415	389.2009	351.3019	522.952875	389.2009
"ILMN_2809656"	111.42138375	127.95043125	115.7411025	118.953629375	119.36188375	123.419725	122.399984375	123.00808125	115.3305275	121.66337125	109.50569	114.04221125	124.6612875	142.43964375	113.984973125	101.65021875
"ILMN_1239808"	415.2649625	427.27374375	486.04989375	475.9832625	445.96159375	474.41370625	427.27374375	581.90118125	532.87104375	422.79503125	367.63785625	443.24934375	411.7634625	433.3673375	515.20924375	504.200175
"ILMN_2719702"	128.9028625	209.11500625	120.089904375	133.495475	142.63595625	181.50995	178.0684875	118.953629375	178.0684875	127.19753125	223.75849375	164.420575	136.3514	181.81199375	116.528839375	110.988516875
"ILMN_2660328"	388.7899	398.71056875	410.83665	382.5141125	304.0222125	373.33550625	463.1787875	363.70033125	398.71056875	353.69961875	437.728075	389.2009	355.2402	395.40934375	382.5141125	348.8210375
"ILMN_1226767"	460.23505	599.761	293.25979375	345.1946	296.62184375	317.90885625	506.55626875	358.12875	478.57549375	388.7899	341.75748125	322.95923125	551.37678125	367.63785625	372.82493125	458.2919125
"ILMN_2727847"	112.00672375	104.9048225	87.349834375	101.190835625	97.819019375	99.895920625	120.882648125	116.34778375	92.77665625	105.25211625	138.06913125	99.76100375	111.16054875	130.76800625	117.5803575	106.07530375
"ILMN_1229430"	454.8536125	526.0119625	644.6966625	626.51121875	567.74780625	515.81448125	497.33415625	590.05653125	626.51121875	551.37678125	504.200175	569.84161875	464.00155	535.41675	570.901275	527.97433125
"ILMN_1229211"	1077.78473125	1074.1825625	1287.05383125	1087.3466875	1189.44799375	983.59676875	1116.99195625	1210.36091875	1141.74559375	1025.38715	1043.453	1300.52404375	1068.8899	1207.328275	1105.07545625	1283.01740625
"ILMN_1217822"	907.256775	1007.92801875	827.55881875	863.02495	861.38474375	943.31915	967.52325625	1059.94405	913.892975	893.52561875	901.21771875	945.78110625	940.56146875	1122.60583125	915.080925	1067.2242
"ILMN_2670352"	543.3096125	449.74499375	660.9562125	538.19415625	581.90118125	494.461675	523.3652125	596.12970625	654.55994375	554.9542375	497.33415625	640.4643375	511.8949625	532.1498625	589.02404375	531.27466875
"ILMN_1245518"	130.28859375	106.26182125	127.65724375	110.576255625	127.324075	108.590815625	112.38875	131.76215	133.10364375	124.6612875	134.57726875	108.7976625	136.433125	139.335075	134.09401875	124.8635375
"ILMN_1218226"	106.576385	120.016961875	131.36425	113.85569125	133.01849375	101.519335625	169.58350625	99.1632875	126.1241625	125.4714	124.98413125	106.07530375	124.3636875	115.8649425	119.820021875	120.570734375
"ILMN_1240149"	1852.93025	1852.93025	1836.439375	1836.439375	1780.0900625	1829.01725	1736.0078125	1755.344625	1855.76675	1656.9044375	1852.93025	1949.178875	1603.8749375	2041.4144375	1876.826625	2046.6180625
"ILMN_2594066"	152.7725125	149.37121875	167.4655125	153.03776875	149.55910625	157.0106375	177.67216875	135.57924375	169.58350625	147.95994375	134.3388875	125.21805	147.01914375	164.420575	153.28154375	131.4411375
"ILMN_2612904"	141.52035625	164.6086125	176.90374375	150.25461875	175.5692	154.25715625	169.3054875	171.86004375	155.25068125	175.38233125	151.3138125	178.953525	169.86830625	182.34723125	155.55105625	177.3205375
"ILMN_3119914"	234.25645625	267.13753125	163.3029625	170.8125875	167.7780125	234.09353125	286.827325	142.20985	187.2342375	180.892275	260.77003125	236.796525	224.8225	276.7179375	166.79903125	164.784175
"ILMN_2799667"	2884.703625	2930.197	2625.8334375	2476.0315625	2697.970125	2798.007875	3204.330125	2346.651625	2310.01975	2607.5470625	2961.6290625	2754.4678125	2912.180875	2952.272375	2166.2265	2674.5666875
"ILMN_2901363"	161.25703125	169.3054875	151.97038125	175.5692	129.8673875	168.9639625	197.4835875	158.6116875	144.66973125	150.98616875	178.395625	158.1595375	189.54376875	157.73433125	169.72580625	127.95043125
"ILMN_1214119"	109.33107875	127.324075	92.499583125	85.20564375	102.89138625	129.57466875	98.6467475	91.62454625	93.552860625	98.343531875	113.618420625	106.1879975	129.966625	113.31440875	91.787950625	100.783863125
"ILMN_1244393"	1560.761875	1582.8948125	1271.32739375	1472.9005	1460.8476875	1710.0408125	1638.7200625	1432.3960625	1467.761125	1524.771125	1847.5744375	1586.1915	1746.5230625	1866.53925	1560.761875	1577.6735
"ILMN_1257360"	6428.544875	6685.6085625	6248.408625	6893.8591875	7156.718625	7200.2993125	6893.8591875	6685.6085625	7071.3248125	6998.21	6625.522875	6799.5575	6723.2856875	7071.3248125	6799.5575	6962.8776875
"ILMN_1238640"	1582.8948125	1265.327025	1401.06855	1231.9370125	1710.0408125	1281.13715625	1202.76246875	1226.22256875	1125.43935625	1531.424875	1166.056025	1321.35028125	1538.7828125	1229.01768125	1180.604725	1394.1235125
"ILMN_1216813"	955.7568875	991.44575625	1085.91533125	1122.60583125	1011.69045	1096.0162875	1050.24421875	1253.17414375	1074.1825625	812.943	853.388	960.04960625	889.52394375	1051.49076875	1120.43725	996.23235625
"ILMN_2747677"	1289.71745	1166.056025	1053.60926875	1300.52404375	1149.43653125	1215.14716875	1253.17414375	1199.44966875	1281.13715625	1116.99195625	1297.6508375	1226.22256875	1193.99459375	1405.81893125	1229.01768125	1107.67528125
"ILMN_2746107"	1072.09820625	1222.9821	1258.5084875	1226.22256875	1076.3518625	1163.6286375	1183.43249375	1159.489775	1136.6648125	1204.60871875	1245.9268375	1276.95708125	1219.9291875	1291.7907625	1089.68374375	1382.702325
"ILMN_2594567"	135.6653625	139.335075	122.0390925	151.51890625	138.20509375	141.4040875	114.797201875	128.10186875	153.7817875	140.62593125	143.5782875	160.77870625	129.8673875	159.21589375	151.3138125	158.36090625
"ILMN_1226476"	400.88299375	382.5141125	400.88299375	432.7302625	423.7890375	394.8399375	438.60104375	421.2821375	445.96159375	412.90525625	368.29223125	384.5962625	409.58745625	451.2888375	447.68239375	381.0655875
"ILMN_2666225"	1426.4050625	1418.5795625	1202.76246875	1219.9291875	1268.02655	1460.8476875	1524.771125	1180.604725	1243.66574375	1235.48928125	1217.45435625	1606.1010625	1508.6094375	1531.424875	1191.13270625	1159.489775
"ILMN_2733753"	5156.838125	4823.556375	5432.1208125	5310.5491875	4973.2094375	5266.1386875	4973.2094375	5033.8555	4403.614	5232.6154375	5179.0949375	4864.437875	5065.319625	4605.5571875	5232.6154375	4186.928375
"ILMN_2616422"	715.899675	721.739725	831.24433125	561.45229375	802.1467375	672.850275	697.83648125	522.952875	447.68239375	743.24070625	460.23505	608.093875	651.891225	541.17865	495.48429375	733.2854375
"ILMN_2730249"	242.07989375	238.79714375	217.37595625	190.72886875	245.1670375	214.4501625	273.2488625	175.18576875	209.11500625	202.4345375	172.96285	214.70516875	203.03711875	217.17126875	147.16050625	183.97743125
"ILMN_2693258"	4660.884	5387.1456875	4823.556375	5266.1386875	4926.7780625	4904.36175	5387.1456875	5349.3264375	5010.6171875	5127.310375	5740.3068125	4158.0104375	4744.4376875	5740.3068125	5540.2685	4953.7386875
"ILMN_2774456"	9936.6240625	9839.07575	9420.62425	9673.0278125	9839.07575	10381.7305625	9936.6240625	8666.6628125	8847.706625	9263.605375	9511.48625	9593.003	9673.0278125	9593.003	8847.706625	10028.724375
"ILMN_2709179"	298.4882625	316.916175	249.017375	207.38165625	255.85755625	264.17246875	350.7310625	252.41470625	259.42550625	223.24974375	354.1894	247.1646875	281.61061875	356.33750625	241.6497	238.45175625
"ILMN_2595857"	453.2523375	465.43049375	375.9184375	394.35784375	371.9615	456.8246	425.568775	338.11564375	379.2877125	437.247825	575.726775	486.8490375	478.04355	481.95138125	490.34479375	432.7302625
"ILMN_1222196"	215.12844375	181.06749375	199.73144375	187.666425	190.72886875	188.54851875	193.64621875	196.21144375	182.08051875	224.22981875	174.1694	188.35061875	194.84985625	164.6086125	208.31810625	240.981925
"ILMN_1238583"	710.8884375	736.55418125	722.7396	772.2590125	720.15905625	697.83648125	791.47709375	729.06335	730.3635	719.327125	660.9562125	735.2436125	787.04511875	713.8766125	774.34953125	770.86421875
"ILMN_2892904"	704.218775	651.891225	765.3012375	658.75748125	719.327125	696.56115	631.27063125	684.94580625	650.46941875	595.30204375	595.30204375	675.5408125	613.03275	612.15998125	548.52860625	700.8844
"ILMN_2964816"	171.546275	187.50133125	168.40875625	166.962625	162.05531875	158.796875	157.26195625	158.9071625	140.1623375	156.419675	166.39635	160.96233125	183.5885	144.82524375	175.06481875	192.0934625
"ILMN_2699624"	169.86830625	151.87925625	163.64845625	186.1810125	160.51105	169.86830625	154.01814375	181.50995	183.97743125	181.50995	164.106975	171.546275	178.7428125	182.08051875	186.1810125	182.470475
"ILMN_1225520"	393.04778125	416.80261875	421.97100625	445.96159375	441.69970625	443.24934375	381.0655875	432.7302625	490.34479375	408.38614375	413.8246875	454.06344375	410.83665	447.68239375	456.8246	472.5667625
"ILMN_2904961"	3306.58425	3401.315375	3575.4696875	3658.6510625	3968.61275	3169.1403125	3330.385125	3612.062	3428.1263125	4089.44975	3558.081875	3081.87775	3796.905625	3280.8254375	3368.0494375	3306.58425
"ILMN_2660056"	183.97743125	183.76841875	214.4501625	185.79605625	194.6496125	213.7292	205.752275	232.89545	209.5458	205.2870625	219.02440625	189.8980875	204.430875	240.981925	247.3329875	277.1950625
"ILMN_2592266"	1829.01725	1836.439375	2346.651625	2099.771	2234.3534375	2099.771	1891.157125	2339.571375	2476.0315625	2002.9741875	1803.9235625	1818.694625	1936.8555625	1881.095125	2190.5333125	2277.43625
"ILMN_2696360"	412.90525625	446.63266875	454.06344375	363.70033125	480.36246875	426.13781875	411.7634625	353.18153125	328.2315625	444.7976625	377.12295625	465.43049375	456.1551125	314.5734875	366.8555625	425.568775
"ILMN_2742136"	457.3322875	415.2649625	492.73689375	512.6917	554.1605625	551.37678125	403.70125625	471.3431875	440.4799375	515.81448125	501.98858125	487.7655125	535.41675	386.5043625	438.60104375	554.1605625
"ILMN_2644480"	145.39879375	156.419675	154.1876625	130.28859375	169.72580625	129.8673875	129.4622	123.8031125	115.018353125	162.05531875	133.67243125	157.1186375	119.077958125	122.107636875	115.8649425	138.539325
"ILMN_2644477"	224.8225	235.1268	237.4585875	238.79714375	284.8685125	248.38111875	235.7126625	213.37485	185.1210875	212.7093	203.19638125	227.935725	210.41654375	168.80345	194.2811375	215.12844375
"ILMN_2601851"	147.54801875	134.7069375	147.652575	134.26451875	138.539325	142.50945	139.335075	138.539325	141.91661875	123.69855625	154.01814375	143.487075	144.0709875	136.03915625	145.29385625	130.28859375
"ILMN_1219918"	139.88649375	131.16729375	122.7431125	156.24549375	177.67216875	139.96889375	138.9933875	143.192725	130.47956875	142.20985	124.3063625	155.9893625	116.218871875	122.9097875	124.7353875	153.43323125
"ILMN_2659456"	128.973025	137.25285	126.83335625	136.03915625	118.091490625	130.15226875	125.909375	108.660346875	128.4515375	104.533906875	126.3300625	121.66337125	127.19753125	140.33279375	127.81891875	123.8031125
"ILMN_2640348"	831.24433125	656.07823125	766.45550625	840.94978125	781.69595	793.70504375	832.51063125	795.77954375	938.45773125	758.9241125	842.2797125	765.3012375	872.95540625	940.56146875	864.6376	763.20979375
"ILMN_2752408"	3107.309875	3061.8775625	3598.82025	3280.8254375	3117.95425	3128.8241875	2754.4678125	3157.8791875	2961.6290625	3128.8241875	2713.513	3270.1041875	2461.7744375	2746.322625	3107.309875	2827.7445625
"ILMN_1240868"	662.1849625	754.67213125	803.67116875	700.8844	765.3012375	644.6966625	723.8065125	730.3635	687.98139375	817.69208125	730.3635	619.8589375	648.31620625	617.6719875	777.27234375	736.55418125
"ILMN_2713673"	783.53573125	882.18558125	1079.6510625	1330.8783	1128.37155625	962.397525	785.1105625	1492.257625	1367.22803125	1049.3454625	907.256775	866.75105	813.95219375	843.49291875	1217.45435625	1105.07545625
"ILMN_1239221"	188.71925625	183.04915	158.9071625	193.2644875	196.7706	190.72886875	204.430875	171.1804625	166.39635	166.1963625	193.48036875	179.18690625	174.6232625	181.50995	168.80345	177.462375
"ILMN_2926198"	547.94208125	602.364075	588.19000625	608.093875	576.9724625	569.26025	640.4643375	557.66410625	563.2545375	546.9559125	635.1811875	617.6719875	620.91896875	650.46941875	600.65928125	541.17865
"ILMN_2625855"	2234.3534375	2084.294625	2078.4186875	2166.2265	2202.8358125	1972.582	2099.771	2433.1056875	2556.7989375	2126.100375	2461.7744375	1977.7008125	2139.582875	2302.7791875	2586.7810625	2078.4186875
"ILMN_2625854"	2062.787125	1866.53925	1911.486125	1936.8555625	1955.9444375	1736.0078125	2037.483125	2370.272375	2259.2845625	1784.87	2155.87075	1649.251375	1929.466625	2062.787125	2022.4721875	1649.251375
"ILMN_2653166"	1891.157125	1812.4966875	1891.157125	2133.6043125	1746.5230625	1722.9694375	1872.962125	2031.236625	2011.2341875	1638.7200625	1915.526625	1674.5379375	1743.4195	1852.93025	1980.6018125	1733.1609375
"ILMN_2885293"	5563.0125625	6333.1640625	5563.0125625	7071.3248125	6210.4018125	5838.7989375	6117.9055	6591.0685	6377.3095	6333.1640625	6893.8591875	5690.447375	6248.408625	6998.21	6723.2856875	6058.9016875
"ILMN_1256843"	191.773575	193.2644875	199.078225	223.24974375	191.0212875	195.197125	183.76841875	188.35061875	190.5250625	187.50133125	213.37485	193.64621875	209.34676875	200.3612125	215.65326875	203.35528125
"ILMN_1249408"	10615.614375	11009.9565	10381.7305625	11185.0796875	11098.6981875	11098.6981875	10885.485125	11891.49075	12022.1184375	12022.1184375	12435.84	11542.181125	11274.7985625	12753.743875	11733.567375	10069.3536875
"ILMN_1220086"	11891.49075	11339.6023125	12136.5934375	11274.7985625	11891.49075	12255.4739375	12136.5934375	11009.9565	10765.566375	11098.6981875	12022.1184375	9936.6240625	11098.6981875	12255.4739375	11098.6981875	10765.566375
"ILMN_1250750"	987.38626875	949.26629375	1103.4479	1207.328275	1053.60926875	985.8463875	993.4776625	1010.49423125	1151.0470375	971.06836875	1027.40008125	1085.91533125	1027.40008125	1089.68374375	1172.46564375	965.448975
"ILMN_1234425"	13718.9189375	13718.9189375	13513.015	14973.883125	14129.805625	13718.9189375	14973.883125	14639.404375	15645.155625	14392.26875	15645.155625	13718.9189375	13172.297875	14973.883125	14973.883125	13965.5400625
"ILMN_2715152"	127.74073125	113.472058125	133.40468125	142.81923125	155.73429375	111.820041875	111.862495625	133.592925	117.419678125	141.217025	131.76215	144.1759875	139.96889375	81.9476075	134.02605	126.73568125
"ILMN_2715153"	109.99626625	122.399984375	120.6827425	104.069160625	144.40739375	116.912251875	91.417540625	107.0977375	112.623793125	121.2497075	122.107636875	117.338401875	116.42814625	98.53282125	108.0135675	130.5351625
"ILMN_1217926"	344.2765125	326.664175	359.42853125	408.38614375	288.0676125	338.59659375	356.33750625	412.3047375	410.31115625	301.23424375	403.70125625	361.4595125	338.59659375	383.01348125	463.1787875	315.86405
"ILMN_3004931"	442.4851375	511.8949625	448.44150625	402.89021875	413.8246875	472.5667625	507.13303125	479.1273375	461.68015625	412.3047375	447.21463125	522.0960875	512.6917	518.84098125	466.0927	411.7634625
"ILMN_1257333"	3852.391	4507.455375	4126.3891875	3796.905625	4623.8029375	3890.9494375	4904.36175	3401.315375	3558.081875	4379.1074375	4523.228	4218.05075	4445.070125	3968.61275	3832.903375	4660.884
"ILMN_1251682"	630.12605	487.7655125	774.34953125	714.822675	731.98135	507.13303125	377.12295625	642.9729	788.9523625	753.616675	388.32369375	708.58986875	432.2625375	488.4622375	709.83329375	687.98139375
"ILMN_2601884"	6962.8776875	5310.5491875	9357.0213125	9357.0213125	7200.2993125	6511.084625	4263.7541875	8237.6955	8751.5815	8548.0080625	4430.0370625	6428.544875	5540.2685	4823.556375	8047.471875	9263.605375
"ILMN_2751887"	158.796875	165.550775	170.08375625	193.043575	211.32431875	195.0619375	186.96800625	170.97615	177.12665625	217.5735625	178.5072375	163.47545	192.0934625	192.0934625	139.74475	193.9764375
"ILMN_1232120"	361.95381875	384.5962625	338.97425625	434.19785	361.4595125	369.03061875	406.37385625	367.63785625	422.79503125	362.5706625	463.1787875	354.1894	381.0655875	497.95498125	454.8536125	341.4254
"ILMN_1255657"	246.59630625	205.445	264.48115	209.5458	202.4345375	227.7343625	193.043575	205.445	207.8115125	230.04545625	230.9218	246.82248125	195.0619375	238.79714375	203.87181875	195.9714875
"ILMN_2642411"	131.6764125	178.5072375	143.86384375	161.25703125	148.53309375	139.43243125	142.13395625	151.399775	144.82524375	151.51890625	153.15165	157.61219375	162.95665	155.12285	156.84261875	128.54684375
"ILMN_2646771"	1508.6094375	1764.57425	1492.257625	1243.66574375	1560.761875	1536.2146875	1582.8948125	1163.6286375	1314.895575	1616.6285625	1445.528	1557.4691875	1736.0078125	1428.524	1294.01460625	1536.2146875
"ILMN_1231096"	2289.2633125	2581.1375	3178.6443125	2453.9114375	2469.6346875	2295.03325	2614.077125	2713.513	2289.2633125	2346.651625	2319.68575	2133.6043125	1980.6018125	2277.43625	2150.2455	2489.4524375
"ILMN_1229716"	1847.5744375	1920.0846875	1538.7828125	1759.0605	1840.8434375	1977.7008125	2053.1393125	1677.8181875	1655.3744375	1901.829125	1967.6745	1662.9405	1977.7008125	1949.178875	1788.49725	1755.344625
"ILMN_2625058"	486.04989375	466.54915	437.247825	575.726775	406.37385625	374.20874375	374.20874375	523.3652125	579.673675	463.1787875	570.901275	493.6619875	399.33398125	520.20643125	511.37675625	519.3563625
"ILMN_2879506"	4807.5564375	4419.230375	4708.9626875	5127.310375	4569.2170625	4986.7503125	4534.1989375	4953.7386875	5467.5040625	4472.218125	4534.1989375	4660.884	4708.9626875	5097.3593125	4864.437875	5266.1386875
"ILMN_1230221"	206.3916875	193.9764375	143.487075	291.026025	173.5161375	189.1305	199.29734375	248.77758125	256.12818125	201.35433125	259.99785	252.12685	186.8385125	232.5956875	236.2630125	210.0105125
"ILMN_2705570"	170.08375625	161.8096	189.77638125	197.4835875	183.2611375	178.0684875	157.4278125	256.39871875	199.73144375	190.72886875	167.7780125	191.38894375	179.78310625	177.3205375	195.7639125	223.05815
"ILMN_2897214"	6333.1640625	6077.354	5467.5040625	4807.5564375	6077.354	6591.0685	7369.15725	4379.1074375	4926.7780625	4879.8963125	6764.837125	6377.3095	7071.3248125	6764.837125	5127.310375	5772.2266875
"ILMN_2619836"	3117.95425	3022.225125	3204.330125	3543.0768125	3523.8733125	3500.7405	2979.4065	3428.1263125	3584.8085	3357.9559375	3280.8254375	2979.4065	3157.8791875	3523.8733125	3658.6510625	3280.8254375
"ILMN_1256927"	197.24515625	209.84545	194.500175	217.78400625	199.29734375	200.1890875	193.9764375	174.34795	157.0106375	204.0442375	203.03711875	195.9714875	191.38894375	221.9986125	227.09825	204.430875
"ILMN_2629030"	1028.589375	843.49291875	1170.59585625	1340.98901875	1193.99459375	1175.58714375	913.892975	1183.43249375	1289.71745	1189.44799375	1011.69045	958.69609375	965.448975	1136.6648125	1423.8325	1076.3518625
"ILMN_2957987"	20850.139375	22392.400625	18214.775	19420.533125	16589.97125	21373.914375	21373.914375	18584.881875	19420.533125	17583.018125	22392.400625	23517.495625	23047.061875	19420.533125	17954.566875	17954.566875
"ILMN_2754997"	11009.9565	10381.7305625	10615.614375	8847.706625	9357.0213125	10493.2706875	11098.6981875	9357.0213125	9420.62425	10493.2706875	10069.3536875	12255.4739375	10885.485125	10165.8596875	9511.48625	10615.614375
"ILMN_1226712"	261.22823125	268.086125	241.81903125	186.352	273.6787	263.16635625	269.270475	190.13030625	193.64621875	269.270475	193.2644875	233.35624375	278.920525	166.1963625	202.13511875	254.99205625
"ILMN_2611295"	148.40835	106.93114625	130.96285	131.514275	156.73405625	105.46888125	144.66973125	132.85836875	126.21285	142.13395625	104.167905625	138.9933875	107.95984875	130.673325	117.718086875	132.34635
"ILMN_2609772"	112.883929375	157.26195625	132.69996875	156.419675	141.60225625	108.506135625	108.076790625	127.37516875	130.618125	139.571175	127.81891875	98.90738875	105.7632925	134.02605	129.57466875	119.077958125
"ILMN_2689138"	746.36065625	699.4288	709.83329375	602.364075	695.53653125	792.59404375	717.49173125	639.13488125	651.891225	779.2653	612.15998125	783.53573125	792.59404375	615.13665625	637.9178125	775.5117
"ILMN_2783457"	6685.6085625	6625.522875	6764.837125	6998.21	6962.8776875	6117.9055	6799.5575	6859.5449375	7200.2993125	6859.5449375	7256.1364375	7507.8775625	7108.2274375	7039.666875	7479.230875	6893.8591875
"ILMN_1251766"	3688.003875	3701.24375	3033.5199375	4054.2248125	3725.17475	3738.920875	4321.2529375	3781.0464375	3598.82025	3204.330125	4457.1559375	3388.5791875	4169.9660625	4744.4376875	4038.2773125	3676.100625
"ILMN_1246127"	120.882648125	141.33224375	124.3636875	133.67243125	120.882648125	120.6827425	141.91661875	134.57726875	120.495390625	158.36090625	119.274784375	129.966625	121.382654375	132.28085	124.79509375	166.79903125
"ILMN_2675760"	208.7850375	223.98566875	236.796525	223.75849375	227.09825	219.489875	240.5617625	237.89168125	292.9288	246.59630625	249.017375	185.65298125	293.88715625	220.7673	254.18753125	294.6525125
"ILMN_2651698"	318.1763625	283.2316625	271.464275	278.920525	309.7184	296.226525	298.4882625	329.82200625	239.21446875	261.66200625	290.00418125	288.0676125	241.45310625	292.523625	271.464275	252.9415
"ILMN_1258578"	1340.98901875	1243.66574375	1577.6735	1499.3388125	1812.4966875	1528.8106875	1251.42295	1483.54425	1492.257625	1794.4246875	1401.06855	1449.6651875	1423.8325	1283.01740625	1712.9796875	1527.3249375
"ILMN_2909105"	197.674625	218.46124375	226.57635	231.52921875	219.262125	214.70516875	218.28855	223.51984375	222.58170625	229.14716875	222.3505375	197.24515625	210.89266875	207.61158125	240.5617625	247.89775
"ILMN_2923736"	9511.48625	9673.0278125	10028.724375	10885.485125	8751.5815	9673.0278125	9263.605375	10069.3536875	9673.0278125	9511.48625	9357.0213125	9839.07575	9839.07575	9740.1449375	9593.003	9420.62425
"ILMN_1256699"	168.6341	161.41156875	148.6497	136.82820625	109.812659375	155.12285	155.55105625	163.950325	149.37121875	130.28859375	183.4160875	149.98421875	160.64474375	162.2762625	132.4452375	151.10538125
"ILMN_2946608"	1972.582	1986.81125	1932.809875	1755.344625	2581.1375	1915.526625	2209.1385	1881.095125	2022.4721875	2150.2455	1986.81125	1812.4966875	2216.556375	1886.0055625	2002.9741875	2155.87075
"ILMN_2645763"	481.95138125	531.27466875	565.9701	476.6074	577.87453125	462.26758125	509.63761875	481.1763125	508.08930625	596.12970625	522.952875	485.22894375	481.95138125	424.72686875	518.84098125	497.33415625
"ILMN_1259004"	105.296793125	104.781284375	132.92771875	113.984973125	133.40468125	115.39087375	109.99626625	139.1651375	130.0706125	130.15226875	122.7431125	92.334466875	111.5830875	108.7976625	113.6803	133.495475
"ILMN_1259621"	157.1186375	156.24549375	170.97615	182.08051875	157.9893375	154.1876625	126.55820625	181.34725625	173.97199375	138.06913125	180.77294375	146.84636875	176.3861875	131.4411375	165.3524875	170.34245625
"ILMN_2640203"	1460.8476875	1357.10996875	1210.36091875	1442.690875	1467.761125	1455.159625	1360.29693125	1485.7453125	1646.2829375	1360.29693125	1475.72125	1364.5571875	1527.3249375	1575.5840625	1531.424875	1501.7019375
"ILMN_2987107"	8548.0080625	7860.3515625	7321.8260625	7662.624	6685.6085625	7726.9431875	7601.73825	7662.624	7860.3515625	7039.666875	9263.605375	8300.5935625	7601.73825	9357.0213125	7419.959625	6377.3095
"ILMN_1233630"	913.892975	901.21771875	912.4321125	895.183675	792.59404375	781.69595	788.9523625	777.27234375	774.34953125	945.78110625	741.6727625	901.21771875	797.94845625	720.15905625	800.71358125	1003.6911625
"ILMN_2638781"	185.65298125	163.950325	162.2762625	191.773575	182.470475	170.8125875	162.56773125	213.214425	221.3074625	184.16316875	151.399775	165.72133125	165.1109125	179.18690625	178.23885625	149.98421875
"ILMN_1244187"	134.02605	129.316175	154.25715625	150.8209875	177.922875	125.7254	143.96694375	148.0812	172.96285	178.23885625	115.8649425	140.53864375	118.8443075	114.913556875	148.76030625	121.382654375
"ILMN_2718217"	1764.57425	1515.313875	1505.664625	1501.7019375	1324.82459375	1136.6648125	1855.76675	1527.3249375	1603.8749375	1603.8749375	1739.1569375	1855.76675	1616.6285625	1705.8923125	1636.542625	1825.944125
"ILMN_2678502"	181.06749375	164.106975	211.32431875	194.84985625	205.752275	197.674625	177.462375	201.05835625	197.24515625	186.352	145.99215625	197.9066	159.21589375	169.13246875	199.985175	192.278725
"ILMN_2732998"	301.81316875	297.00449375	267.64753125	374.20874375	325.1303125	283.7978875	321.374625	399.33398125	396.83708125	294.35015	456.1551125	314.5734875	313.6639875	373.33550625	468.97165	308.46138125
"ILMN_2732997"	249.017375	287.631325	228.20060625	350.7310625	216.0453	229.14716875	265.66158125	296.62184375	316.916175	215.65326875	378.055575	257.03089375	223.24974375	345.94235	394.8399375	203.03711875
"ILMN_2633275"	179.94566875	198.0223	191.1885875	167.7780125	278.0741625	191.773575	200.3612125	190.5250625	192.75574375	221.9986125	195.197125	181.34725625	193.48036875	172.36616875	192.0934625	233.603175
"ILMN_2703204"	958.69609375	1133.63441875	843.49291875	884.5969875	884.5969875	1019.3040625	1163.6286375	1025.38715	833.79806875	824.58231875	924.120075	1125.43935625	1147.48524375	1081.4379875	880.51689375	1014.6866125
"ILMN_2860725"	147.16050625	173.5161375	195.197125	201.84556875	174.34795	173.36885	167.7780125	164.9723375	171.546275	172.71671875	191.38894375	141.91661875	188.35061875	165.72133125	207.38165625	150.8209875
"ILMN_2672035"	262.349275	282.817125	286.827325	246.03025	313.6639875	230.55338125	267.64753125	258.5847125	279.92881875	275.6885125	279.37680625	284.51064375	270.9667	266.81874375	256.39871875	227.935725
"ILMN_2762944"	2657.6830625	3178.6443125	2581.1375	3641.6975	2665.720625	2854.01125	2808.7315625	4864.437875	4596.538125	2556.7989375	3136.9086875	2685.290625	3350.0475625	3375.6960625	3416.61325	3469.855625
"ILMN_1254027"	1055.98661875	1057.93018125	983.59676875	1005.12975	1101.52970625	1035.1083875	983.59676875	989.583825	901.21771875	1070.6493875	1084.00139375	965.448975	1098.0628125	918.47605	940.56146875	1091.7272125
"ILMN_2688834"	859.087225	848.62478125	861.38474375	795.77954375	877.92143125	875.69781875	850.88728125	812.943	740.36884375	895.183675	792.59404375	833.79806875	905.71059375	877.92143125	827.55881875	861.38474375
"ILMN_1235324"	412.3047375	423.7890375	340.2664125	310.58943125	373.33550625	417.18845625	460.23505	428.95229375	430.71465	411.7634625	460.78855625	442.4851375	466.54915	381.99676875	415.83955625	378.055575
"ILMN_1219565"	189.3455875	189.54376875	164.9723375	194.6496125	175.18576875	199.49650625	168.1026125	183.4160875	216.21751875	176.03235625	234.25645625	240.5617625	180.31404375	235.7126625	235.7126625	169.86830625
"ILMN_2639271"	2979.4065	2876.7545	3270.1041875	3428.1263125	3042.4014375	2989.498	2724.67725	2961.6290625	2972.661125	2961.6290625	2854.01125	3107.309875	2827.7445625	2884.703625	3117.95425	2808.7315625
"ILMN_2745841"	391.17670625	402.19800625	438.60104375	415.2649625	426.70765	384.5962625	402.89021875	486.8490375	426.13781875	426.13781875	375.9184375	412.3047375	402.89021875	385.809775	460.78855625	426.70765
"ILMN_1245489"	788.10545	690.5415875	668.77444375	913.892975	743.24070625	731.98135	757.63383125	928.80734375	886.03111875	748.7588125	1013.32305625	772.2590125	902.18765625	889.52394375	927.3898375	754.67213125
"ILMN_2733356"	995.0393375	918.47605	1017.39125625	1040.3809625	893.52561875	951.3225875	927.3898375	1005.12975	940.56146875	1168.38758125	934.17030625	1055.98661875	962.397525	960.04960625	1122.60583125	1215.14716875
"ILMN_1227758"	149.739125	156.11439375	142.3190875	169.72580625	108.12169125	154.3985	148.0812	157.9893375	202.7597125	168.26489375	169.58350625	139.66160625	152.8813125	171.546275	179.535125	134.3388875
"ILMN_1254444"	795.77954375	743.24070625	662.1849625	757.63383125	696.56115	554.1605625	868.26401875	769.31840625	677.40323125	692.751325	971.06836875	798.8415625	640.4643375	947.76564375	765.3012375	494.461675
"ILMN_3084818"	236.45716875	242.68321875	203.7036375	246.3669	226.57635	205.100125	211.83433125	226.8536625	224.8225	232.89545	227.41956875	231.2587625	217.37595625	222.3505375	231.2587625	258.5847125
"ILMN_2631192"	588.19000625	640.4643375	605.90225	659.7359625	736.55418125	780.13395	696.56115	758.9241125	756.09396875	690.5415875	613.95905625	504.200175	619.8589375	719.327125	702.784375	744.6064125
"ILMN_2607215"	342.21289375	432.2625375	309.7184	321.67085	398.07675625	346.44023125	522.0960875	250.671775	329.82200625	338.97425625	429.70605625	421.97100625	435.80354375	432.2625375	311.04834375	304.53516875
"ILMN_3158565"	4553.349	6248.408625	4789.1378125	3917.42275	4807.5564375	4823.556375	6377.3095	3761.2193125	4553.349	4645.4514375	6333.1640625	4789.1378125	5807.3333125	6248.408625	4107.2114375	5208.2486875
"ILMN_2635801"	1797.0263125	1649.251375	1743.4195	1662.9405	1847.5744375	1859.828	1563.7163125	1636.542625	1836.439375	1866.53925	1522.2485625	1915.526625	1710.0408125	1569.15675	1784.87	1911.486125
"ILMN_2673380"	2331.606375	2216.556375	2190.5333125	2269.339	2734.9736875	2346.651625	2255.1854375	2482.9536875	2331.606375	2099.771	2362.171375	1891.157125	2376.677125	2526.8005	2354.48075	2526.8005
"ILMN_2981871"	13172.297875	12753.743875	14129.805625	12022.1184375	12255.4739375	11009.9565	13513.015	12753.743875	12435.84	11009.9565	12753.743875	13513.015	12961.611375	12601.4119375	10765.566375	14392.26875
"ILMN_2720740"	342.73308125	357.04663125	326.2479375	356.33750625	376.416275	241.6497	435.0936125	332.3091625	309.12840625	282.44331875	286.20885625	363.284225	363.284225	288.99533125	263.842925	316.916175
"ILMN_2976120"	4534.1989375	4605.5571875	4729.1003125	4026.5495625	4351.897875	3902.69575	4553.349	4765.8735	4334.681	4953.7386875	4683.3188125	5010.6171875	4379.1074375	4534.1989375	4364.1930625	4789.1378125
"ILMN_1260112"	467.1607875	565.33768125	576.9724625	489.3833625	565.33768125	543.3096125	536.30255	761.4475375	492.403675	624.3748875	471.853	474.41370625	471.3431875	517.001575	500.9488875	645.9289125
"ILMN_2749955"	205.445	241.17445	221.4735125	167.95834375	208.96401875	203.03711875	226.33205	189.8980875	170.8125875	210.41654375	192.75574375	192.5356375	206.07911875	153.8966625	172.53425625	214.87058125
"ILMN_2609948"	9673.0278125	9593.003	10686.61875	9740.1449375	10381.7305625	9593.003	9673.0278125	9175.445125	9740.1449375	9740.1449375	10028.724375	10028.724375	9420.62425	9029.38475	9175.445125	10493.2706875
"ILMN_1241910"	478.04355	482.94526875	569.26025	542.6043	460.23505	517.001575	478.04355	648.31620625	469.8672	449.20795	370.0059125	554.1605625	365.3517	500.0371625	540.51569375	518.84098125
"ILMN_1254132"	295.6369875	272.65581875	322.47270625	313.6639875	318.1763625	321.67085	298.8011875	411.7634625	297.918925	272.65581875	261.66200625	297.00449375	314.1618625	288.0676125	357.60513125	352.2032125
"ILMN_2524776"	284.130375	282.05160625	242.38804375	286.20885625	256.12818125	287.1888875	320.32921875	249.017375	289.51720625	278.54705625	261.22823125	258.2902125	242.98343125	294.6525125	272.1875125	268.086125
"ILMN_2747331"	1996.4138125	1501.7019375	2119.2700625	2289.2633125	1886.0055625	1886.0055625	1489.162	2105.761875	2112.686125	2190.5333125	1649.251375	1646.2829375	1866.53925	1755.344625	2017.236625	2022.4721875
"ILMN_2655144"	1291.7907625	1210.36091875	1030.10514375	987.38626875	1096.0162875	1435.8101875	1371.79743125	940.56146875	968.64079375	1084.00139375	1156.8387125	1314.895575	1376.17988125	1255.65941875	1014.6866125	1010.49423125
"ILMN_2596259"	637.9178125	586.2167	721.739725	727.81856875	944.844025	757.63383125	699.4288	636.37033125	662.1849625	797.94845625	623.23298125	669.51221875	750.7542125	631.27063125	735.2436125	760.016675
"ILMN_2845980"	877.92143125	924.120075	899.8158	1077.78473125	1023.99141875	913.892975	925.6917125	925.6917125	962.397525	947.76564375	1006.582575	880.51689375	936.8659625	891.9621375	1133.63441875	1021.6953125
"ILMN_2718974"	1575.5840625	1538.7828125	1759.0605	1643.147375	1702.633625	1696.7961875	1616.6285625	1541.3610625	1479.4730625	1872.962125	1524.771125	1808.7046875	1553.8566875	1579.5619375	1594.2024375	1553.8566875
"ILMN_2773422"	1636.542625	1799.6424375	1656.9044375	1955.9444375	2209.1385	2105.761875	1936.8555625	1949.178875	1808.7046875	2041.4144375	1924.92825	1660.214375	2133.6043125	2146.17425	2198.099125	2031.236625
"ILMN_2629648"	487.7655125	370.4164625	476.6074	545.32123125	544.1691625	493.6619875	445.96159375	457.3322875	494.461675	459.12235	435.0936125	553.2030125	459.12235	391.17670625	554.1605625	473.54161875
"ILMN_2965641"	311.4795	339.82898125	417.99370625	440.4799375	427.64664375	387.69631875	394.35784375	379.2877125	417.18845625	420.2250875	321.10474375	419.42740625	387.19616875	343.85986875	392.53830625	437.247825
"ILMN_2775300"	112.657985	137.48125	103.879461875	104.691335625	125.63270625	109.2781775	141.217025	117.6579425	122.7431125	126.73568125	120.157548125	125.8138	109.025455	114.154368125	131.6764125	136.1406375
"ILMN_2697092"	383.61483125	459.12235	471.853	371.9615	355.2402	340.85738125	329.34705625	445.96159375	329.34705625	404.8501	387.19616875	399.33398125	370.0059125	475.17880625	402.89021875	396.19555625
"ILMN_2870950"	10028.724375	11098.6981875	11339.6023125	10069.3536875	11185.0796875	10765.566375	10381.7305625	9673.0278125	9029.38475	10028.724375	9740.1449375	9263.605375	10493.2706875	9126.596	8751.5815	10686.61875
"ILMN_2687534"	369.49314375	435.80354375	491.07211875	449.74499375	486.8490375	485.22894375	417.99370625	487.7655125	427.27374375	418.747925	442.4851375	421.2821375	377.56054375	421.2821375	444.7976625	524.3188875
"ILMN_1239178"	127.073225	113.197445625	112.998859375	131.4411375	128.6563625	113.6803	154.98025625	120.089904375	115.21423875	133.495475	119.820021875	125.909375	144.66973125	85.015225625	134.89888125	117.338401875
"ILMN_2639035"	243.19339375	236.45716875	298.4882625	268.4554125	246.03025	292.523625	263.842925	306.5607625	304.53516875	227.09825	265.866425	325.1303125	258.2902125	344.2765125	320.32921875	337.58796875
"ILMN_2691706"	178.23885625	155.73429375	154.53503125	142.3190875	140.33279375	170.34245625	170.34245625	145.61169375	149.55910625	163.3029625	168.40875625	163.950325	169.459175	215.12844375	124.47621875	176.73908125
"ILMN_1245112"	181.9437375	185.79605625	168.80345	194.2811375	193.64621875	183.76841875	211.59015625	179.535125	178.7428125	170.34245625	192.5356375	178.5072375	201.61073125	168.26489375	228.20060625	168.26489375
"ILMN_2749747"	574.73696875	591.04258125	583.35471875	517.55479375	637.9178125	714.822675	628.72353125	497.33415625	480.36246875	637.9178125	541.9119	684.94580625	634.0563625	459.12235	516.2531	630.12605
"ILMN_2740646"	353.18153125	388.7899	345.1946	362.5706625	377.56054375	366.8555625	400.88299375	319.46595	413.8246875	377.56054375	420.2250875	347.93013125	414.57105	368.29223125	399.33398125	387.19616875
"ILMN_2589838"	501.98858125	568.59338125	586.2167	591.9939625	541.9119	468.97165	565.9701	578.90990625	611.2885125	578.90990625	577.87453125	536.30255	587.318	564.52480625	582.71525	618.6698125
"ILMN_2681604"	985.8463875	931.23015625	863.02495	1036.73783125	1105.07545625	978.18965625	1023.99141875	980.09125	1023.99141875	1011.69045	1010.49423125	962.397525	1074.1825625	1114.94431875	1084.00139375	1027.40008125
"ILMN_2605096"	1547.57	1511.49525	1522.2485625	1467.761125	1470.4425625	1572.2295625	1501.7019375	1382.702325	1460.8476875	1594.2024375	1538.7828125	1445.528	1646.2829375	1360.29693125	1518.4934375	1670.214625
"ILMN_2605094"	1135.11054375	1175.58714375	1152.5140625	1265.327025	1057.93018125	1145.2287125	1152.5140625	1145.2287125	1101.52970625	1213.42171875	1178.06565	1120.43725	1285.26755625	1170.59585625	1062.77579375	1147.48524375
"ILMN_2987015"	184.6136125	204.0442375	186.52754375	182.93705625	163.14453125	167.7780125	172.01880625	176.2277625	185.5211625	170.97615	196.4535	186.52754375	200.69875625	177.922875	190.13030625	205.445
"ILMN_1249116"	310.58943125	294.6525125	292.523625	288.69434375	303.06303125	295.02664375	291.433125	333.84525	312.7602	313.6639875	301.23424375	315.86405	309.12840625	297.28149375	322.47270625	296.62184375
"ILMN_2759563"	343.85986875	318.52400625	460.23505	318.52400625	526.9879125	376.416275	328.2315625	322.47270625	471.853	436.54803125	326.664175	411.14406875	366.36539375	369.03061875	371.9615	360.73080625
"ILMN_1220362"	18584.881875	18214.775	17044.609375	16589.97125	18584.881875	17583.018125	17044.609375	17044.609375	17954.566875	18584.881875	18760.23	19059.6	18584.881875	18760.23	17329.62125	17329.62125
"ILMN_2716783"	331.23381875	355.6965	371.23356875	412.3047375	329.82200625	365.3517	348.39780625	401.43568125	373.83311875	363.70033125	383.01348125	354.72424375	349.45023125	297.00449375	361.4595125	310.246
"ILMN_1243462"	141.217025	163.47545	142.7377625	141.99598125	170.8125875	145.29385625	126.21285	148.6497	153.28154375	151.2095	126.21285	148.0812	155.55105625	134.4111125	130.15226875	168.9639625
"ILMN_2997796"	125.0645625	148.53309375	132.75633125	115.60705875	121.772645625	137.48125	121.57034375	155.9893625	158.36090625	127.81891875	148.40835	153.28154375	113.85569125	126.65243125	160.0477875	159.21589375
"ILMN_2744036"	98.413585	109.07892375	104.32323125	156.84261875	92.959173125	100.2071875	99.62667125	153.7817875	167.95834375	110.988516875	190.13030625	147.652575	135.9188125	188.71925625	141.0830875	82.520461875
"ILMN_1222602"	211.83433125	223.51984375	197.24515625	432.2625375	156.419675	201.35433125	206.86939375	335.6156625	472.5667625	180.31404375	523.3652125	261.22823125	257.48868125	554.9542375	370.0059125	183.76841875
"ILMN_2596230"	226.57635	219.02440625	194.1203625	327.88030625	184.74385	196.4535	232.89545	339.82898125	391.82051875	178.395625	426.70765	262.8041375	275.1821875	410.83665	373.33550625	174.764125
"ILMN_1232025"	140.62593125	141.91661875	183.04915	145.88445	194.84985625	139.88649375	146.50975625	146.9227125	164.106975	179.33101875	132.0691125	122.0390925	141.52035625	138.06913125	157.1186375	151.51890625
"ILMN_1230931"	2535.7879375	2556.7989375	2105.761875	2563.022875	2838.851625	2814.803375	2453.9114375	2461.7744375	2461.7744375	2259.2845625	2754.4678125	2289.2633125	2535.7879375	2647.688375	2497.0566875	2476.0315625
"ILMN_1228334"	1743.4195	1712.9796875	1733.1609375	2041.4144375	2289.2633125	1784.87	1799.6424375	2173.1679375	2133.6043125	1739.1569375	1886.0055625	1870.0569375	1872.962125	1870.0569375	2139.582875	1886.0055625
"ILMN_1257110"	245.1670375	221.3074625	252.12685	258.2902125	307.8985375	256.39871875	257.48868125	295.02664375	294.35015	314.9708375	200.69875625	267.64753125	285.92029375	202.4345375	300.2887625	336.03175625
"ILMN_2972325"	201.61073125	204.60563125	153.8966625	195.197125	196.21144375	202.13511875	203.35528125	223.98566875	186.1810125	171.3909	203.53366875	199.29734375	225.30408125	172.96285	219.262125	196.21144375
"ILMN_2621304"	2126.100375	1945.120625	2002.9741875	2409.938125	1572.2295625	2002.9741875	2017.236625	2037.483125	2155.87075	1929.466625	2099.771	2150.2455	1775.1008125	2255.1854375	2031.236625	1907.0588125
"ILMN_2807750"	201.05835625	173.757825	193.9764375	187.99031875	172.96285	196.21144375	158.9071625	163.64845625	178.5072375	177.12665625	160.64474375	176.6034375	141.91661875	163.47545	156.24549375	183.4160875
"ILMN_1218311"	5690.447375	5266.1386875	5349.3264375	4445.070125	5010.6171875	5432.1208125	5540.2685	4729.1003125	4569.2170625	5511.9364375	4864.437875	6158.776375	5511.9364375	4492.6698125	4729.1003125	5467.5040625
"ILMN_2908780"	981.96119375	1087.3466875	1028.589375	1079.6510625	1152.5140625	1057.93018125	981.96119375	1036.73783125	1055.98661875	985.8463875	1019.3040625	1081.4379875	1030.10514375	1138.998875	1047.2555875	945.78110625
"ILMN_2679723"	3584.8085	3188.1453125	3147.1090625	3320.2390625	3781.0464375	3270.1041875	3081.87775	3350.0475625	3575.4696875	3306.58425	3157.8791875	3022.225125	3216.1718125	3575.4696875	3442.0161875	3270.1041875
"ILMN_2681814"	390.08191875	445.96159375	468.2711	431.70553125	489.3833625	419.42740625	475.9832625	424.72686875	412.3047375	493.6619875	439.27714375	408.38614375	367.63785625	372.82493125	441.69970625	480.36246875
"ILMN_2758896"	286.827325	314.1618625	314.9708375	250.43120625	345.94235	260.3836875	315.46180625	226.0252	262.349275	286.20885625	242.68321875	286.20885625	323.7177875	281.61061875	250.43120625	338.59659375
"ILMN_1234516"	613.03275	668.77444375	580.90806875	615.13665625	679.33685625	649.38925625	644.6966625	608.093875	592.887675	566.9478125	702.784375	613.95905625	632.8636	668.77444375	647.47771875	609.15739375
"ILMN_2652518"	882.18558125	827.55881875	850.88728125	833.79806875	700.8844	750.7542125	901.21771875	936.8659625	980.09125	831.24433125	943.31915	785.1105625	941.5663625	1010.49423125	947.76564375	921.58768125
"ILMN_2759983"	285.15369375	398.07675625	274.72690625	257.03089375	297.918925	330.29816875	430.2709875	255.4534625	213.7292	273.2488625	276.7179375	274.72690625	320.32921875	335.6156625	257.7532375	213.9903875
"ILMN_2982985"	541.9119	470.640325	479.8137125	474.41370625	485.22894375	487.7655125	522.952875	496.31449375	504.200175	585.5234625	520.20643125	494.868575	492.73689375	509.63761875	509.63761875	584.41195
"ILMN_1255301"	109.751948125	132.6169625	156.6076	117.0603175	112.20645125	106.970838125	107.92169	104.533906875	135.38901875	116.218871875	116.579599375	134.89888125	102.612943125	129.966625	115.018353125	124.3636875
"ILMN_1244801"	101.68944375	86.019873125	94.448178125	139.1651375	83.295063125	101.011436875	91.277645	129.08156875	129.57466875	114.453108125	115.2694675	117.419678125	99.293643125	102.89138625	130.866825	93.38775625
"ILMN_2640453"	281.61061875	252.41470625	259.99785	239.21446875	298.8011875	257.48868125	262.349275	268.4554125	234.8745	292.523625	247.3329875	284.130375	246.82248125	227.7343625	269.9456875	258.01679375
"ILMN_2854117"	188.95624375	172.71671875	160.2164375	137.3925375	154.1876625	153.15165	149.65268125	127.324075	135.18933125	211.83433125	130.618125	132.6169625	148.40835	125.21805	139.1651375	153.7817875
"ILMN_2598520"	613.95905625	618.6698125	597.8765375	619.8589375	756.09396875	611.2885125	602.364075	568.59338125	634.0563625	720.15905625	515.20924375	570.901275	609.15739375	573.3738625	624.3748875	679.33685625
"ILMN_1239698"	6998.21	6962.8776875	6511.084625	6001.081	7256.1364375	7108.2274375	7256.1364375	6511.084625	6210.4018125	7200.2993125	6248.408625	7039.666875	7321.8260625	6625.522875	6625.522875	7156.718625
"ILMN_3157649"	3701.24375	3761.2193125	3584.8085	3676.100625	3676.100625	3513.9283125	3902.69575	4009.490375	3832.903375	3874.252375	4334.681	3781.0464375	4038.2773125	3937.3581875	3874.252375	3543.0768125
"ILMN_2524043"	219.72244375	234.09353125	218.7987625	214.70516875	222.3505375	201.61073125	179.18690625	206.86939375	220.7673	225.30408125	208.7850375	220.7673	225.5053	194.2811375	208.96401875	193.64621875
"ILMN_2638147"	4523.228	4364.1930625	3874.252375	3814.110625	4158.0104375	4534.1989375	4334.681	4054.2248125	3814.110625	4281.1286875	4026.5495625	4419.230375	4507.455375	3948.7111875	3738.920875	4523.228
"ILMN_3095257"	570.901275	584.41195	666.07275	758.9241125	623.23298125	541.9119	564.52480625	783.53573125	815.414375	568.59338125	568.59338125	577.87453125	540.51569375	611.2885125	726.5232875	686.72390625
"ILMN_1249032"	1572.2295625	1594.2024375	2216.556375	1553.8566875	1818.694625	1432.3960625	1440.297625	1445.528	1163.6286375	1726.885875	1152.5140625	1733.1609375	1091.7272125	1217.45435625	1300.52404375	1413.26638125
"ILMN_2739645"	301.23424375	311.85809375	311.4795	369.49314375	366.36539375	389.2009	248.77758125	333.38666875	387.69631875	267.13753125	250.671775	341.75748125	298.8011875	244.29798125	322.0296125	328.2315625
"ILMN_2629718"	392.53830625	441.69970625	430.2709875	376.416275	519.3563625	433.3673375	447.21463125	398.71056875	383.61483125	475.17880625	381.0655875	478.57549375	428.38743125	378.65840625	358.75925625	408.38614375
"ILMN_2696272"	2697.970125	2593.8493125	2713.513	2179.9375625	2563.022875	2259.2845625	2674.5666875	2269.339	2202.8358125	2754.4678125	2346.651625	2497.0566875	2489.4524375	2295.03325	2078.4186875	2620.036875
"ILMN_2682063"	3627.76525	3157.8791875	4204.1001875	4321.2529375	4364.1930625	3701.24375	3226.965	3890.9494375	3641.6975	4351.897875	2777.01275	3641.6975	3749.341625	3107.309875	3598.82025	4038.2773125
"ILMN_2606015"	532.1498625	546.0745625	541.9119	607.31725	707.5388	568.59338125	515.20924375	586.2167	511.8949625	590.05653125	412.90525625	432.7302625	524.3188875	419.42740625	515.81448125	604.86969375
"ILMN_1228394"	6290.24225	5875.1608125	6117.9055	5657.804625	5467.5040625	6001.081	5740.3068125	5563.0125625	5511.9364375	5740.3068125	5603.8941875	5954.9835625	6290.24225	6058.9016875	5909.277875	5909.277875
"ILMN_2676716"	213.9903875	196.4535	177.786475	163.14453125	255.4534625	184.16316875	203.19638125	180.892275	142.81923125	219.02440625	163.47545	163.77671875	222.3505375	146.84636875	180.31404375	193.48036875
"ILMN_2858173"	7798.0423125	6893.8591875	6625.522875	6723.2856875	6117.9055	6290.24225	6591.0685	6625.522875	6248.408625	7156.718625	6466.3218125	7321.8260625	7039.666875	6723.2856875	6333.1640625	6625.522875
"ILMN_2682516"	263.46951875	317.90885625	291.433125	335.6156625	286.20885625	315.86405	357.04663125	346.44023125	361.95381875	265.66158125	338.97425625	323.7177875	312.7602	377.12295625	299.66855	282.817125
"ILMN_1240515"	111.862495625	132.75633125	129.74069375	175.38233125	126.55820625	120.935578125	133.495475	154.1876625	152.35095	130.5351625	138.84401875	158.36090625	116.912251875	133.67243125	167.6348	119.588936875
"ILMN_2635260"	121.906201875	139.74475	142.50945	184.9457625	117.2339	136.3514	144.2734875	167.7780125	204.2428625	120.935578125	199.985175	130.76800625	144.2734875	189.77638125	157.61219375	141.0830875
"ILMN_2675908"	95.64463375	122.66405625	109.638690625	154.6688625	102.51513625	121.84311875	110.988516875	173.757825	133.495475	119.6936	139.43243125	100.968575	111.754379375	132.5155125	123.52100625	96.928155
"ILMN_1255236"	872.95540625	705.98616875	943.31915	993.4776625	748.7588125	822.8856875	736.55418125	1231.9370125	797.94845625	833.79806875	679.33685625	811.5633125	650.46941875	853.388	838.76995	925.6917125
"ILMN_1225204"	1702.633625	2011.2341875	1859.828	2053.1393125	1891.157125	1638.7200625	1705.8923125	2255.1854375	2399.2875625	2155.87075	1901.829125	1705.8923125	1656.9044375	1967.6745	1972.582	2556.7989375
"ILMN_1235697"	1739.1569375	1586.1915	1475.72125	1803.9235625	2198.099125	1677.8181875	1808.7046875	1710.0408125	1536.2146875	1660.214375	1726.885875	1467.761125	1932.809875	1538.7828125	1572.2295625	1797.0263125
"ILMN_2615920"	137.25285	144.0709875	126.98818125	115.981615625	117.12237875	155.9893625	136.433125	151.51890625	139.66160625	119.274784375	146.66913125	161.1169625	167.7780125	154.98025625	156.419675	149.091075
"ILMN_1249344"	2339.571375	2277.43625	2126.100375	2657.6830625	2346.651625	2190.5333125	2469.6346875	2289.2633125	2734.9736875	2173.1679375	2641.2374375	2202.8358125	2269.339	2754.4678125	2838.851625	2238.3295
"ILMN_3052390"	2112.686125	2179.9375625	2037.483125	1907.0588125	1915.526625	2022.4721875	2112.686125	2146.17425	1891.157125	2526.8005	1799.6424375	2255.1854375	2238.3295	2028.299	1945.120625	2289.2633125
"ILMN_2614522"	2867.9606875	3010.3569375	2633.7453125	2259.2845625	2439.68675	2918.745375	2884.703625	2234.3534375	2409.938125	2433.1056875	2724.67725	3226.965	2586.7810625	2641.2374375	2234.3534375	2517.37275
"ILMN_2590350"	741.6727625	802.1467375	613.95905625	628.72353125	681.76365625	666.07275	798.8415625	663.6307	659.7359625	722.7396	714.822675	717.49173125	658.75748125	736.55418125	636.37033125	600.65928125
"ILMN_2590349"	583.35471875	616.66825	569.84161875	588.19000625	652.8076625	617.6719875	681.76365625	583.35471875	564.52480625	640.4643375	558.66334375	604.86969375	613.95905625	658.75748125	543.3096125	626.51121875
"ILMN_2974280"	1082.82698125	1131.15279375	1107.67528125	928.80734375	1283.01740625	1098.0628125	1099.7499	886.03111875	829.13074375	1261.6343125	910.59219375	1199.44966875	1149.43653125	1014.6866125	907.256775	1261.6343125
"ILMN_1255323"	244.0659875	300.04139375	253.82809375	215.30675	300.74229375	286.827325	314.1618625	219.02440625	225.05390625	268.086125	295.02664375	267.13753125	343.85986875	233.603175	254.69883125	259.42550625
"ILMN_1248637"	4507.455375	4169.9660625	6001.081	6158.776375	6764.837125	4305.6294375	3890.9494375	6466.3218125	6058.9016875	6428.544875	4569.2170625	4379.1074375	4569.2170625	4445.070125	7200.2993125	6001.081
"ILMN_2699989"	210.0105125	168.9639625	172.71671875	160.64474375	193.9764375	172.71671875	185.1210875	175.38233125	183.04915	173.97199375	181.50995	204.77735625	208.96401875	185.79605625	172.36616875	188.95624375
"ILMN_2719924"	440.4799375	458.2919125	391.82051875	535.41675	326.664175	385.809775	424.72686875	481.95138125	521.22874375	415.2649625	584.41195	439.987375	505.03666875	479.1273375	535.41675	382.5141125
"ILMN_2594165"	162.7807125	160.51105	144.40739375	152.7725125	145.61169375	157.4278125	162.7807125	160.2164375	133.747825	152.49919375	146.337125	169.459175	142.7377625	142.63595625	146.84636875	157.85396875
"ILMN_2639155"	1101.52970625	943.31915	1183.43249375	1508.6094375	1501.7019375	1168.38758125	1032.07013125	1515.313875	1524.771125	1501.7019375	1076.3518625	1003.6911625	1084.00139375	951.3225875	1603.8749375	1692.298875
"ILMN_2815374"	193.043575	125.99110625	181.06749375	188.54851875	164.420575	157.61219375	170.97615	168.26489375	174.34795	128.74994375	154.53503125	209.11500625	181.34725625	130.28859375	142.20985	167.6348
"ILMN_2625352"	12601.4119375	14973.883125	12753.743875	14129.805625	13965.5400625	12753.743875	12435.84	13718.9189375	12961.611375	13718.9189375	14392.26875	13172.297875	13513.015	14129.805625	13172.297875	12961.611375
"ILMN_1227773"	189.8980875	208.96401875	206.3916875	211.59015625	220.7673	195.7639125	220.7673	240.01421875	218.46124375	204.430875	236.042125	200.69875625	208.31810625	200.8762	205.100125	224.8225
"ILMN_2496121"	327.88030625	346.77544375	258.2902125	261.22823125	333.84525	334.72335625	312.47725625	330.808375	268.4554125	304.0222125	308.46138125	313.20505625	357.60513125	323.31540625	286.20885625	280.78843125
"ILMN_2730926"	578.90990625	621.7679875	575.726775	640.4643375	557.66410625	574.73696875	459.12235	598.88335625	694.11808125	498.9142875	582.71525	596.12970625	566.9478125	592.887675	591.04258125	552.70248125
"ILMN_2643723"	968.64079375	965.448975	908.87373125	812.943	1079.6510625	927.3898375	1042.00929375	850.88728125	880.51689375	1027.40008125	886.03111875	995.0393375	1035.1083875	788.10545	949.26629375	1049.3454625
"ILMN_2595283"	494.461675	410.31115625	497.95498125	541.9119	486.04989375	477.2194	409.58745625	460.23505	546.9559125	448.44150625	396.83708125	323.31540625	497.33415625	616.66825	557.66410625	475.9832625
"ILMN_2880346"	218.46124375	200.1890875	247.56793125	245.44033125	254.18753125	226.33205	263.16635625	205.2870625	229.14716875	221.4735125	194.1203625	231.864125	227.7343625	211.085175	221.4735125	223.24974375
"ILMN_1231868"	476.6074	451.87211875	489.3833625	569.26025	550.3105375	537.29075625	449.74499375	486.04989375	569.84161875	535.41675	371.9615	373.33550625	425.568775	411.14406875	545.32123125	464.7328625
"ILMN_2874128"	5772.2266875	5603.8941875	6799.5575	5909.277875	7071.3248125	6158.776375	5772.2266875	6158.776375	5954.9835625	6799.5575	6117.9055	5740.3068125	5772.2266875	6511.084625	6290.24225	5349.3264375
"ILMN_2615854"	6764.837125	7369.15725	7726.9431875	6962.8776875	8150.200625	6428.544875	6511.084625	7256.1364375	6893.8591875	7662.624	7200.2993125	6998.21	6893.8591875	6799.5575	7321.8260625	6591.0685
"ILMN_2887104"	106.777164375	113.525783125	114.34263375	127.19753125	135.18933125	119.274784375	130.0706125	109.33107875	123.8031125	119.36188375	94.27569625	101.432425625	134.57726875	116.141575	94.184535	103.844930625
"ILMN_1253150"	1207.328275	1195.67565	1180.604725	1062.77579375	1265.327025	1285.26755625	1204.60871875	1348.9208375	1303.7116	1166.056025	1050.24421875	1114.94431875	1096.0162875	1243.66574375	1327.62036875	1281.13715625
"ILMN_2682173"	414.57105	421.2821375	381.99676875	393.04778125	392.53830625	402.89021875	397.3154375	341.75748125	430.2709875	423.7890375	428.95229375	445.96159375	381.57836875	412.90525625	432.7302625	450.69689375
"ILMN_2590200"	141.99598125	172.01880625	152.60274375	117.6579425	123.916625	140.758425	147.95994375	132.6169625	154.6688625	154.3985	138.648125	140.758425	145.99215625	149.739125	132.0691125	148.979125
"ILMN_1234824"	1360.29693125	1432.3960625	1110.04635625	1261.6343125	903.69043125	1551.11575	1321.35028125	1435.8101875	1307.1524375	1145.2287125	1313.45749375	1367.22803125	1618.8371875	1245.9268375	1197.66168125	1376.17988125
"ILMN_2736360"	404.1772625	404.8501	431.14796875	389.2009	500.9488875	326.2479375	376.416275	364.3113375	485.22894375	442.4851375	337.58796875	366.36539375	449.20795	357.60513125	405.55344375	441.69970625
"ILMN_2630362"	226.33205	216.8480125	273.6787	270.3889125	270.64926875	211.59015625	190.72886875	261.22823125	254.39213125	235.4533375	246.59630625	225.30408125	190.33600625	234.8745	210.41654375	210.89266875
"ILMN_2896492"	1053.60926875	1105.07545625	981.96119375	1014.6866125	1112.35626875	1180.604725	1098.0628125	960.04960625	1042.00929375	1035.1083875	1045.07010625	1103.4479	1175.58714375	949.26629375	1016.3591125	1143.343875
"ILMN_2696511"	113.472058125	89.0309	119.48989875	119.6936	123.252375	114.797201875	113.7471975	122.81610625	119.6936	132.6169625	112.1349525	105.34826625	116.73861375	135.78506875	103.23122	135.18933125
"ILMN_1234672"	4158.0104375	5010.6171875	4419.230375	4169.9660625	4107.2114375	4596.538125	5010.6171875	4605.5571875	4841.1090625	4986.7503125	5232.6154375	4334.681	4879.8963125	5807.3333125	4623.8029375	5511.9364375
"ILMN_1240735"	254.69883125	311.04834375	290.00418125	308.46138125	329.34705625	244.0659875	289.51720625	268.086125	270.3889125	321.374625	325.7995625	234.8745	299.24785	323.7177875	292.523625	311.85809375
"ILMN_2673768"	144.1759875	153.43323125	172.36616875	139.335075	188.136525	164.6086125	148.40835	130.2182625	145.99215625	175.18576875	157.1186375	147.16050625	145.88445	142.81923125	141.91661875	163.3029625
"ILMN_2654568"	269.9456875	264.48115	281.61061875	284.130375	261.66200625	269.7045375	274.272375	244.29798125	240.01421875	265.3193125	257.7532375	238.193125	250.671775	236.796525	261.66200625	269.7045375
"ILMN_2772380"	640.4643375	636.37033125	548.52860625	621.7679875	636.37033125	613.03275	615.13665625	615.13665625	640.4643375	636.37033125	599.761	593.84244375	670.750325	576.9724625	603.45503125	574.73696875
"ILMN_2699833"	282.817125	278.54705625	251.70985625	269.7045375	253.82809375	259.42550625	286.20885625	268.3302125	301.23424375	257.48868125	256.83043125	273.2488625	276.7179375	240.01421875	291.433125	268.4554125
"ILMN_1225027"	326.664175	336.565875	396.83708125	439.987375	267.13753125	341.75748125	305.2121375	571.902025	432.2625375	331.23381875	340.2664125	362.5706625	305.47679375	403.70125625	458.2919125	344.74945
"ILMN_2732190"	2746.322625	2827.7445625	2854.01125	3157.8791875	2150.2455	2476.0315625	2506.3018125	3188.1453125	3320.2390625	2814.803375	3306.58425	2746.322625	2545.5605	3320.2390625	3350.0475625	2607.5470625
"ILMN_2667709"	359.42853125	330.29816875	352.2032125	478.57549375	259.42550625	361.4595125	340.2664125	405.55344375	412.90525625	271.79109375	421.2821375	363.70033125	296.226525	351.802	439.27714375	362.5706625
"ILMN_2717172"	941.5663625	869.54311875	1074.1825625	935.4101625	951.3225875	761.4475375	991.44575625	1116.99195625	972.88915625	936.8659625	895.183675	971.06836875	874.18005625	875.69781875	1036.73783125	879.30458125
"ILMN_2704641"	4263.7541875	4596.538125	4038.2773125	4403.614	4247.6826875	4068.588375	4569.2170625	4569.2170625	4321.2529375	4263.7541875	4841.1090625	3814.110625	4141.8938125	4973.2094375	4472.218125	3761.2193125
"ILMN_2731592"	107.95984875	124.7353875	117.156748125	128.4515375	110.70946125	108.12169125	105.9257075	108.361553125	117.6579425	102.89138625	112.31941125	102.3803625	100.16014625	106.07530375	147.3033375	133.40468125
"ILMN_2761720"	286.20885625	265.866425	250.96471875	292.0677	243.81895	288.99533125	260.3836875	280.3735125	250.43120625	259.712775	263.46951875	306.0933625	307.39310625	269.9456875	256.83043125	299.24785
"ILMN_1226169"	313.6639875	335.20279375	306.5607625	282.44331875	250.43120625	307.8985375	299.24785	277.1950625	298.8011875	323.31540625	341.4254	273.00749375	279.37680625	304.87086875	264.17246875	314.1618625
"ILMN_2843403"	179.18690625	186.52754375	179.78310625	152.8813125	188.71925625	182.08051875	186.1810125	161.41156875	136.1406375	169.72580625	133.1910875	166.65600625	157.9893375	146.19573125	152.8813125	163.77671875
"ILMN_2466655"	112.31941125	114.913556875	127.4777875	113.105346875	113.809328125	128.6563625	112.07261625	116.85027375	129.66274375	116.34778375	118.953629375	102.715284375	127.324075	133.495475	127.37516875	110.653024375
"ILMN_2683528"	1276.95708125	1291.7907625	1195.67565	1101.52970625	1222.9821	1287.05383125	1418.5795625	1136.6648125	1258.5084875	1241.1790375	1411.4146	1422.125375	1405.81893125	1382.702325	1183.43249375	1278.73228125
"ILMN_2698115"	479.1273375	456.8246	467.1607875	452.6686625	426.13781875	434.19785	456.1551125	388.7899	385.17415	416.80261875	409.58745625	491.07211875	472.5667625	460.78855625	390.5186875	486.04989375
"ILMN_2854659"	1147.48524375	1114.94431875	1133.63441875	1105.07545625	1021.6953125	1067.2242	1178.06565	1103.4479	1154.7735125	995.0393375	1327.62036875	1077.78473125	1120.43725	1340.98901875	1138.998875	1077.78473125
"ILMN_2629610"	195.9714875	248.77758125	228.589075	207.070475	202.7597125	217.37595625	184.16316875	177.67216875	175.5692	216.5864875	181.34725625	199.49650625	187.50133125	204.430875	187.2342375	207.8115125
"ILMN_1238939"	876.73246875	905.71059375	840.94978125	815.414375	965.448975	898.15866875	921.58768125	819.45544375	838.76995	908.87373125	877.92143125	976.43411875	882.18558125	824.58231875	806.6958625	919.9506125
"ILMN_3142193"	793.70504375	853.388	738.7639375	767.94165	803.67116875	808.31851875	793.70504375	691.93594375	775.5117	803.67116875	709.83329375	822.8856875	753.616675	758.9241125	797.94845625	783.53573125
"ILMN_2599935"	466.54915	512.6917	452.6686625	466.54915	466.0927	567.74780625	520.20643125	535.41675	484.564275	466.0927	583.35471875	410.83665	555.8922625	514.38961875	496.31449375	462.26758125
"ILMN_1258552"	626.51121875	682.994525	567.74780625	680.34566875	587.318	630.12605	694.11808125	658.75748125	656.07823125	654.55994375	798.8415625	598.88335625	744.6064125	816.41575	729.06335	624.3748875
"ILMN_2835461"	2031.236625	2046.6180625	2062.787125	1859.828	1799.6424375	2011.2341875	2072.523875	1818.694625	1722.9694375	1949.178875	2146.17425	1932.809875	2099.771	2037.483125	1847.5744375	1870.0569375
"ILMN_2890357"	787.04511875	710.8884375	717.49173125	949.26629375	800.71358125	843.49291875	780.13395	787.04511875	825.71355625	903.69043125	788.10545	868.26401875	777.27234375	607.31725	887.8875125	1007.92801875
"ILMN_2750842"	250.11290625	288.69434375	229.4819375	289.51720625	300.2887625	259.10086875	242.68321875	235.7126625	288.69434375	237.4585875	233.07575625	258.5847125	216.0453	221.72159375	315.46180625	254.39213125
"ILMN_2690306"	921.58768125	983.59676875	919.9506125	875.69781875	1043.453	825.71355625	949.26629375	974.65268125	1096.0162875	976.43411875	1028.589375	893.52561875	995.0393375	1125.43935625	1021.6953125	905.71059375
"ILMN_2624135"	808.31851875	835.47774375	788.10545	848.62478125	875.69781875	746.36065625	797.94845625	791.47709375	827.55881875	859.087225	921.58768125	743.24070625	853.388	879.30458125	875.69781875	848.62478125
"ILMN_2743494"	413.8246875	517.55479375	384.5962625	459.12235	450.69689375	390.08191875	503.36816875	438.60104375	464.00155	462.26758125	478.04355	390.5186875	435.0936125	464.7328625	497.95498125	493.6619875
"ILMN_2630710"	509.63761875	553.2030125	561.45229375	521.22874375	595.30204375	491.07211875	571.902025	512.6917	513.767075	582.71525	535.41675	535.41675	541.9119	543.3096125	531.27466875	616.66825
"ILMN_1257485"	738.7639375	608.093875	612.15998125	589.02404375	660.9562125	641.70960625	607.31725	631.27063125	574.73696875	669.51221875	609.15739375	567.74780625	654.55994375	645.9289125	577.87453125	658.75748125
"ILMN_1219670"	321.10474375	310.246	347.4346	337.05235	456.1551125	411.7634625	347.4346	314.5734875	293.88715625	329.34705625	314.9708375	300.74229375	310.58943125	309.7184	336.03175625	301.23424375
"ILMN_2712957"	1771.0535625	1825.944125	2017.236625	1911.486125	1980.6018125	1872.962125	1949.178875	1886.0055625	1749.6379375	1764.57425	1829.01725	1746.5230625	1622.054	1803.9235625	1859.828	1840.8434375
"ILMN_2596970"	477.2194	551.37678125	456.8246	453.2523375	394.8399375	495.48429375	569.84161875	491.68241875	540.51569375	497.95498125	682.994525	459.12235	563.2545375	691.93594375	445.96159375	535.41675
"ILMN_1257117"	772.2590125	601.505725	877.92143125	774.34953125	880.51689375	829.13074375	667.4936	931.23015625	793.70504375	783.53573125	668.77444375	750.7542125	725.467375	806.6958625	809.6915375	833.79806875
"ILMN_2612090"	205.2870625	206.86939375	191.0212875	199.078225	186.96800625	192.0934625	181.34725625	213.9903875	239.76948125	201.61073125	210.89266875	213.214425	203.35528125	205.752275	172.71671875	166.07181875
"ILMN_2612091"	176.90374375	176.90374375	174.764125	197.674625	160.36623125	194.84985625	202.7597125	197.24515625	196.21144375	174.764125	187.99031875	199.078225	179.33101875	177.67216875	197.24515625	189.54376875
"ILMN_2678269"	2930.197	2665.720625	2838.851625	2439.68675	2657.6830625	3010.3569375	2497.0566875	2620.036875	2517.37275	2586.7810625	2497.0566875	2838.851625	2854.01125	2461.7744375	2513.31325	3033.5199375
"ILMN_1234604"	636.37033125	609.15739375	511.8949625	468.97165	608.093875	679.33685625	579.673675	485.22894375	475.9832625	526.9879125	670.750325	546.9559125	641.70960625	591.9939625	446.63266875	515.20924375
"ILMN_2913326"	520.20643125	554.1605625	654.55994375	612.15998125	517.001575	570.901275	465.43049375	587.318	666.07275	625.61735625	514.38961875	569.26025	514.38961875	486.04989375	645.9289125	681.76365625
"ILMN_1229246"	183.2611375	158.796875	177.922875	169.3054875	183.4160875	183.97743125	163.47545	145.99215625	162.95665	207.61158125	154.98025625	150.37110625	172.36616875	124.1470375	182.08051875	165.1109125
"ILMN_2647476"	181.34725625	178.23885625	160.96233125	184.16316875	180.31404375	170.08375625	150.37110625	167.144325	200.3612125	181.2290125	177.922875	173.97199375	166.55055	157.9893375	161.8096	185.5211625
"ILMN_2737463"	96.549066875	124.79509375	129.966625	133.29675	109.377595	106.433465625	117.95385375	126.27369375	137.57098125	117.95385375	135.38901875	137.25285	119.48989875	87.231285	126.9317625	145.29385625
"ILMN_3136593"	158.9071625	167.95834375	159.77998125	143.3203125	164.22484375	136.82820625	195.57435625	152.8813125	148.2553875	142.81923125	186.352	133.10364375	186.52754375	175.38233125	150.8209875	152.7725125
"ILMN_2674425"	238.45175625	241.6497	220.2211625	234.8745	245.65989375	227.41956875	241.17445	249.35498125	273.6787	238.45175625	244.6799375	185.99401875	246.03025	268.93265	243.5153	242.07989375
"ILMN_1252490"	3343.441125	3169.1403125	3781.0464375	3513.9283125	2952.272375	3117.95425	3178.6443125	3457.957875	3401.315375	3136.9086875	3188.1453125	3627.76525	3401.315375	3128.8241875	3259.195875	3416.61325
"ILMN_2719131"	192.0934625	140.53864375	171.1804625	159.54588125	140.1623375	135.78506875	124.79509375	154.6688625	184.6136125	171.1804625	157.0106375	181.81199375	121.47113125	173.36885	196.4535	144.82524375
"ILMN_1224434"	1172.46564375	1168.38758125	1330.8783	1432.3960625	1049.3454625	1255.65941875	1043.453	1378.9131875	1371.79743125	1237.6670125	1351.6376	1401.06855	1178.06565	1074.1825625	1397.06798125	1202.76246875
"ILMN_2701562"	940.56146875	932.8508625	980.09125	995.0393375	793.70504375	941.5663625	821.23484375	1030.10514375	1025.38715	798.8415625	854.99735625	944.844025	968.64079375	1013.32305625	919.9506125	938.45773125
"ILMN_3089931"	141.33224375	129.08156875	122.57942625	124.98413125	130.47956875	125.99110625	140.1623375	124.21180625	115.917260625	141.4040875	108.8338675	157.85396875	143.70768125	120.157548125	136.5366125	121.127618125
"ILMN_1258929"	208.5434125	201.05835625	201.84556875	168.26489375	193.48036875	185.65298125	140.758425	167.4655125	147.95994375	187.2342375	136.72255	174.764125	171.1804625	137.14124375	174.89948125	185.99401875
"ILMN_1218814"	332.3091625	329.82200625	364.3113375	291.433125	344.74945	314.5734875	309.12840625	285.15369375	316.24873125	365.858425	273.6787	322.0296125	332.3091625	314.1618625	301.81316875	365.858425
"ILMN_2776485"	251.28089375	253.4402375	303.483375	272.1875125	318.52400625	277.1950625	223.05815	253.82809375	253.4402375	256.39871875	184.16316875	248.38111875	251.28089375	207.38165625	266.81874375	264.48115
"ILMN_2810443"	345.94235	365.858425	380.52413125	360.18498125	384.5962625	379.2877125	345.1946	354.1894	386.5043625	381.57836875	286.827325	355.6965	351.3019	350.7310625	356.33750625	372.82493125
"ILMN_2706051"	3033.5199375	2808.7315625	3097.4584375	2768.0050625	2685.290625	2674.5666875	2798.007875	2593.8493125	2625.8334375	2724.67725	2469.6346875	2943.34825	2476.0315625	2399.2875625	2346.651625	2788.859125
"ILMN_2706057"	3147.1090625	2952.272375	2943.34825	2754.4678125	2798.007875	2768.0050625	2768.0050625	2469.6346875	2482.9536875	2641.2374375	2647.688375	2930.197	2601.092	2433.1056875	2399.2875625	2362.171375
"ILMN_2749595"	117.6579425	136.9274375	132.15846875	130.15226875	110.389105	135.57924375	143.86384375	125.63270625	127.90001875	141.60225625	158.796875	141.99598125	148.979125	141.217025	153.15165	145.052675
"ILMN_1258657"	356.33750625	426.13781875	399.9620875	359.42853125	452.6686625	371.23356875	421.2821375	325.7995625	407.06303125	379.2877125	412.3047375	380.52413125	379.2877125	387.69631875	381.57836875	340.2664125
"ILMN_2895991"	1808.7046875	1780.0900625	1582.8948125	1611.9604375	1411.4146	1818.694625	1627.8435625	1560.761875	1432.3960625	1606.1010625	1307.1524375	1924.92825	1567.026875	1499.3388125	1483.54425	1470.4425625
"ILMN_1237846"	7200.2993125	8300.5935625	6333.1640625	8751.5815	6893.8591875	7507.8775625	8751.5815	7541.13875	7419.959625	5603.8941875	6927.059125	7798.0423125	6591.0685	7980.7325625	8452.9129375	8047.471875
"ILMN_2893063"	443.24934375	442.4851375	449.20795	495.48429375	446.63266875	457.3322875	410.83665	456.8246	396.19555625	384.5962625	425.568775	430.71465	394.35784375	422.79503125	414.57105	445.36558125
"ILMN_2930057"	1160.7844625	1338.7863	1235.48928125	1160.7844625	813.95219375	1149.43653125	1089.68374375	1268.02655	1348.9208375	1307.1524375	1371.79743125	1093.46354375	1151.0470375	1330.8783	1226.22256875	1136.6648125
"ILMN_3104094"	1065.3506625	1013.32305625	1136.6648125	1131.15279375	1122.60583125	1023.99141875	1081.4379875	1213.42171875	1087.3466875	1215.14716875	1070.6493875	1016.3591125	1081.4379875	921.58768125	1025.38715	1271.32739375
"ILMN_2744228"	163.77671875	157.1186375	159.03290625	181.06749375	199.078225	151.7689375	159.03290625	152.14845	164.420575	154.6688625	134.81919375	172.53425625	173.1867	168.1026125	172.16496875	156.73405625
"ILMN_3145474"	211.32431875	174.6232625	196.21144375	196.94810625	190.5250625	180.16739375	177.12665625	157.61219375	177.786475	204.2428625	166.1963625	204.430875	191.0212875	165.550775	184.16316875	190.72886875
"ILMN_2770270"	142.43964375	138.9933875	143.96694375	164.106975	161.8096	130.36976875	187.666425	126.98818125	133.29675	141.91661875	137.9687625	144.0709875	125.4714	128.4515375	136.72255	150.15854375
"ILMN_2676726"	227.09825	226.0252	254.39213125	273.2488625	264.726425	234.8745	230.9218	248.38111875	285.64140625	261.992325	231.52921875	238.79714375	228.20060625	203.19638125	274.272375	275.1821875
"ILMN_2680937"	552.70248125	625.61735625	579.673675	660.9562125	578.90990625	623.23298125	531.27466875	662.1849625	625.61735625	696.56115	639.13488125	625.61735625	604.86969375	686.72390625	672.850275	641.70960625
"ILMN_1256682"	918.47605	955.7568875	931.23015625	800.71358125	763.20979375	859.087225	962.397525	869.54311875	816.41575	921.58768125	928.80734375	915.080925	824.58231875	817.69208125	808.31851875	943.31915
"ILMN_2998406"	394.35784375	432.7302625	412.3047375	398.07675625	342.21289375	397.3154375	361.4595125	426.70765	410.83665	366.36539375	466.0927	448.44150625	364.7329125	370.0059125	397.3154375	454.06344375
"ILMN_1252832"	1803.9235625	1859.828	1726.885875	1733.1609375	1670.214625	1749.6379375	1712.9796875	1722.9694375	1394.1235125	1455.159625	1435.8101875	1722.9694375	1460.8476875	1432.3960625	1538.7828125	1866.53925
"ILMN_1224589"	1455.159625	1674.5379375	1632.5483125	1572.2295625	1297.6508375	1586.1915	1538.7828125	1511.49525	1547.57	1382.702325	1601.1688125	1435.8101875	1371.79743125	1586.1915	1413.26638125	1594.2024375
"ILMN_2746132"	1369.23980625	1855.76675	1579.5619375	1515.313875	1318.56764375	1385.86663125	1572.2295625	1479.4730625	1696.7961875	1636.542625	1632.5483125	1324.82459375	1318.56764375	1603.8749375	1575.5840625	1746.5230625
"ILMN_1246018"	434.19785	390.5186875	399.33398125	428.95229375	439.27714375	423.7890375	352.2032125	450.69689375	411.7634625	411.14406875	398.71056875	403.70125625	347.93013125	430.71465	370.4164625	436.54803125
"ILMN_2695468"	2620.036875	2674.5666875	2814.803375	2854.01125	2370.272375	2713.513	2392.535375	2884.703625	2620.036875	2625.8334375	2734.9736875	2489.4524375	2647.688375	2545.5605	2614.077125	2685.290625
"ILMN_3014965"	9126.596	9357.0213125	9263.605375	8666.6628125	7419.959625	9263.605375	9175.445125	8548.0080625	8452.9129375	9420.62425	9126.596	9740.1449375	10165.8596875	8300.5935625	8150.200625	8666.6628125
"ILMN_3086201"	338.97425625	274.72690625	287.631325	355.2402	277.5543625	318.90009375	301.23424375	328.66174375	353.69961875	318.90009375	447.68239375	404.1772625	300.74229375	415.83955625	409.58745625	272.65581875
"ILMN_2745151"	246.03025	236.2630125	254.99205625	270.9667	261.22823125	290.51439375	228.78979375	234.8745	248.77758125	226.57635	300.04139375	232.89545	225.68436875	234.09353125	261.992325	229.4819375
"ILMN_1220620"	106.0030875	119.9140375	126.4920875	89.5740175	110.156050625	103.805381875	96.886755625	123.97418125	110.621724375	123.14139375	104.11592875	108.548009375	110.621724375	110.04152	118.22448625	138.4033875
"ILMN_2690772"	813.95219375	866.75105	758.9241125	785.1105625	805.34804375	846.94178125	903.69043125	765.3012375	882.18558125	788.9523625	869.54311875	806.6958625	864.6376	795.77954375	744.6064125	752.51255625
"ILMN_1245872"	394.8399375	384.07974375	361.95381875	418.747925	431.70553125	383.01348125	398.07675625	422.79503125	483.78041875	387.69631875	458.2919125	329.82200625	382.5141125	446.63266875	425.568775	312.7602
"ILMN_1238733"	781.69595	797.94845625	1047.2555875	761.4475375	1207.328275	861.38474375	766.45550625	876.73246875	795.77954375	1028.589375	802.1467375	921.58768125	791.47709375	827.55881875	908.87373125	902.18765625
"ILMN_2761422"	169.459175	186.352	174.34795	176.3861875	154.3985	177.462375	159.8800125	159.68008125	181.34725625	194.6496125	132.6169625	148.2553875	168.6341	136.2780625	159.21589375	181.34725625
"ILMN_2710312"	1385.86663125	1385.86663125	1418.5795625	1470.4425625	1483.54425	1318.56764375	1357.10996875	1276.95708125	1376.17988125	1746.5230625	1442.690875	1258.5084875	1394.1235125	1145.2287125	1344.11956875	1567.026875
"ILMN_1218617"	1632.5483125	1829.01725	1636.542625	1980.6018125	1567.026875	1705.8923125	1788.49725	1986.81125	1967.6745	1598.1508125	1907.0588125	1775.1008125	1692.298875	1907.0588125	1967.6745	1852.93025
"ILMN_1233531"	3136.9086875	3097.4584375	2647.688375	2724.67725	2867.9606875	3042.4014375	3216.1718125	2647.688375	2697.970125	3107.309875	3294.2288125	2633.7453125	2884.703625	3428.1263125	2930.197	2535.7879375
"ILMN_1253682"	273.00749375	298.8011875	306.0933625	318.90009375	338.59659375	335.6156625	338.59659375	298.8011875	288.99533125	304.87086875	373.33550625	265.3193125	270.3889125	314.9708375	286.827325	291.026025
"ILMN_2666999"	225.68436875	297.28149375	289.51720625	299.24785	330.808375	272.1875125	292.0677	274.272375	247.89775	245.44033125	254.39213125	309.12840625	269.270475	237.218225	209.5458	268.3302125
"ILMN_2761273"	517.55479375	623.23298125	513.767075	493.6619875	471.3431875	471.853	515.81448125	478.57549375	491.68241875	542.6043	513.767075	523.3652125	487.7655125	492.403675	460.23505	371.23356875
"ILMN_2710773"	1204.60871875	1307.1524375	1255.65941875	1346.2142	1156.8387125	1268.02655	1324.82459375	1135.11054375	1265.327025	1226.22256875	1258.5084875	1166.056025	1213.42171875	1297.6508375	1255.65941875	1354.34208125
"ILMN_2737381"	150.98616875	176.2277625	143.5782875	165.3524875	132.5155125	162.95665	153.15165	166.962625	163.77671875	145.88445	168.80345	148.6497	151.97038125	160.64474375	161.41156875	143.192725
"ILMN_1251220"	181.50995	192.0934625	189.54376875	201.61073125	182.34723125	203.19638125	181.81199375	243.81895	228.78979375	183.4160875	217.78400625	187.666425	190.5250625	212.7093	239.43034375	178.0684875
"ILMN_1234766"	3538.4080625	3280.8254375	3157.8791875	2713.513	3558.081875	3226.965	3500.7405	2777.01275	3053.95425	3270.1041875	3401.315375	3575.4696875	3543.0768125	3416.61325	2952.272375	3375.6960625
"ILMN_2748914"	1955.9444375	2091.78225	2517.37275	2150.2455	1993.1465	1996.4138125	1945.120625	2126.100375	1980.6018125	2022.4721875	2209.1385	2331.606375	1870.0569375	2234.3534375	1996.4138125	2216.556375
"ILMN_2590015"	280.78843125	341.75748125	344.74945	421.97100625	383.01348125	328.66174375	384.07974375	392.53830625	387.19616875	371.23356875	312.47725625	280.3735125	350.7310625	365.3517	359.42853125	336.565875
"ILMN_2894984"	819.45544375	1006.582575	760.016675	983.59676875	989.583825	932.8508625	1025.38715	895.183675	925.6917125	958.69609375	993.4776625	996.23235625	943.31915	965.448975	958.69609375	854.99735625
"ILMN_1219539"	971.06836875	915.080925	985.8463875	1099.7499	901.21771875	733.2854375	928.80734375	1013.32305625	924.120075	1107.67528125	845.3110625	918.47605	793.70504375	842.2797125	1019.3040625	981.96119375
"ILMN_3124364"	2198.099125	2325.9018125	2277.43625	2346.651625	2037.483125	2446.180375	2302.7791875	2190.5333125	2295.03325	2376.677125	2418.3295	2346.651625	2084.294625	2238.3295	2277.43625	2439.68675
"ILMN_2605703"	402.19800625	360.18498125	328.2315625	346.77544375	395.40934375	372.82493125	345.94235	369.49314375	380.52413125	424.72686875	370.4164625	412.90525625	437.247825	407.06303125	393.53711875	418.747925
"ILMN_2672606"	399.33398125	483.78041875	466.0927	375.9184375	428.95229375	414.57105	415.2649625	394.35784375	369.03061875	391.17670625	417.18845625	422.79503125	393.04778125	398.71056875	347.93013125	479.1273375
"ILMN_1252621"	436.54803125	400.88299375	381.0655875	399.33398125	444.7976625	409.58745625	381.57836875	414.57105	424.72686875	428.95229375	427.64664375	393.53711875	369.49314375	432.7302625	436.54803125	410.83665
"ILMN_2719498"	3575.4696875	3500.7405	3375.6960625	3226.965	2754.4678125	3575.4696875	3428.1263125	3343.441125	3117.95425	2997.8144375	3070.3590625	3538.4080625	3033.5199375	3216.1718125	2734.9736875	3053.95425
"ILMN_2655929"	278.0741625	379.94990625	261.66200625	230.04545625	236.2630125	285.64140625	372.82493125	205.100125	215.65326875	318.1763625	376.416275	250.43120625	328.2315625	237.4585875	293.88715625	291.68979375
"ILMN_1225213"	21818.649375	21373.914375	23047.061875	23047.061875	21818.649375	21818.649375	20850.139375	21373.914375	22392.400625	21373.914375	21373.914375	21818.649375	20850.139375	23047.061875	21818.649375	20850.139375
"ILMN_1245380"	343.43558125	334.72335625	318.52400625	297.632825	315.46180625	293.51820625	300.2887625	345.1946	328.66174375	339.82898125	362.5706625	297.632825	315.86405	330.29816875	331.742525	309.12840625
"ILMN_2847285"	212.3307375	213.37485	208.96401875	216.8480125	219.489875	216.21751875	221.9986125	198.521375	195.0619375	195.197125	209.5458	183.5885	228.78979375	254.18753125	168.6341	202.13511875
"ILMN_2675765"	151.87925625	151.97038125	167.3223	137.9687625	178.23885625	123.69855625	150.15854375	121.57034375	123.52100625	162.95665	149.55910625	146.66913125	164.22484375	143.192725	119.274784375	129.08156875
"ILMN_3052726"	219.02440625	260.3836875	235.1268	293.88715625	207.61158125	226.8536625	308.46138125	284.130375	296.62184375	234.60474375	304.53516875	310.58943125	314.5734875	297.632825	293.51820625	226.33205
"ILMN_2691227"	736.55418125	822.8856875	918.47605	792.59404375	1010.49423125	852.04090625	721.739725	893.52561875	788.10545	795.77954375	662.1849625	875.69781875	735.2436125	575.726775	725.467375	792.59404375
"ILMN_2615369"	264.48115	260.77003125	270.64926875	318.1763625	303.483375	281.146125	234.8745	295.6369875	269.7045375	284.51064375	285.92029375	346.77544375	255.85755625	299.66855	296.62184375	267.64753125
"ILMN_2725493"	300.2887625	393.53711875	334.29151875	402.19800625	443.24934375	318.52400625	363.70033125	379.94990625	416.80261875	437.728075	454.8536125	402.89021875	326.2479375	279.92881875	386.5043625	311.4795
"ILMN_1214482"	110.621724375	151.51890625	101.620171875	93.453121875	107.4668875	109.751948125	108.693495625	125.13798125	129.4622	120.016961875	106.824434375	119.0158425	108.461024375	117.156748125	128.9028625	115.10685625
"ILMN_2720334"	2418.3295	2424.1591875	2370.272375	2526.8005	2295.03325	2370.272375	2354.48075	2535.7879375	2657.6830625	2399.2875625	2573.4615625	2319.68575	2674.5666875	2489.4524375	2607.5470625	2392.535375
"ILMN_2644664"	744.6064125	872.95540625	679.33685625	726.5232875	729.06335	767.94165	710.8884375	717.49173125	772.2590125	733.2854375	772.2590125	812.943	816.41575	792.59404375	783.53573125	694.11808125
"ILMN_2704919"	255.4534625	238.45175625	213.7292	235.1268	200.1890875	232.5956875	172.71671875	247.3329875	203.35528125	240.40243125	207.38165625	268.4554125	215.89776875	236.042125	216.43915625	278.920525
"ILMN_1243609"	104.01733625	129.66274375	115.60705875	114.96053625	126.40724375	115.550273125	117.501056875	113.25763875	103.916674375	139.66160625	104.281994375	128.54684375	99.52139875	113.904466875	147.01914375	155.55105625
"ILMN_2589960"	129.4002375	120.242454375	119.173605625	122.7431125	112.263464375	114.154368125	135.78506875	125.8138	122.81610625	115.981615625	126.40724375	115.68587625	116.528839375	118.8443075	117.12237875	144.2734875
"ILMN_2762514"	1193.99459375	1110.04635625	1217.45435625	1017.39125625	1251.42295	1204.60871875	1007.92801875	998.31044375	1199.44966875	1152.5140625	1001.74539375	1163.6286375	1168.38758125	991.44575625	918.47605	1186.45541875
"ILMN_1214187"	3226.965	2768.0050625	3042.4014375	3128.8241875	3259.195875	3216.1718125	3157.8791875	3042.4014375	3157.8791875	2979.4065	2814.803375	2777.01275	3117.95425	2513.31325	3188.1453125	3061.8775625
"ILMN_2671436"	148.979125	155.12285	153.7817875	144.5738125	130.673325	138.648125	121.2497075	143.96694375	140.9277875	156.73405625	137.25285	143.5782875	154.898	148.76030625	141.33224375	144.0709875
"ILMN_2830837"	236.796525	228.20060625	275.6885125	229.79181875	233.35624375	254.99205625	218.46124375	264.91688125	227.7343625	268.3302125	214.70516875	297.918925	213.7292	225.05390625	240.981925	276.1121875
"ILMN_3088934"	4141.8938125	4430.0370625	5127.310375	6290.24225	5127.310375	3992.3678125	4054.2248125	5772.2266875	6158.776375	5387.1456875	4419.230375	4321.2529375	3992.3678125	4430.0370625	6117.9055	5033.8555
"ILMN_1213231"	1006.582575	1003.6911625	1021.6953125	1103.4479	1145.2287125	1042.00929375	1136.6648125	1154.7735125	1019.3040625	983.59676875	1180.604725	907.256775	1089.68374375	1189.44799375	1141.74559375	983.59676875
"ILMN_1252210"	1825.944125	1505.664625	1378.9131875	1357.10996875	1085.91533125	1401.06855	1442.690875	1297.6508375	1508.6094375	1135.11054375	1557.4691875	1499.3388125	1515.313875	1825.944125	1215.14716875	1175.58714375
"ILMN_1217827"	1467.761125	1376.17988125	1428.524	1449.6651875	1733.1609375	1563.7163125	1294.01460625	1652.57875	1743.4195	1646.2829375	1492.257625	1495.3311875	1524.771125	1606.1010625	1726.885875	1495.3311875
"ILMN_2741063"	193.48036875	187.99031875	197.4835875	263.842925	192.0934625	193.64621875	175.06481875	259.10086875	217.5735625	253.82809375	237.89168125	214.87058125	171.7086875	203.7036375	222.3505375	200.8762
"ILMN_1248657"	341.4254	360.73080625	415.83955625	354.1894	400.88299375	382.5141125	367.63785625	410.83665	371.9615	396.19555625	325.1303125	338.97425625	322.0296125	340.2664125	417.99370625	479.8137125
"ILMN_2602406"	1489.162	1401.06855	1334.8682125	1418.5795625	1428.524	1364.5571875	1423.8325	1499.3388125	1598.1508125	1442.690875	1197.66168125	1501.7019375	1369.23980625	1670.214625	1577.6735	1371.79743125
"ILMN_2994063"	757.63383125	695.53653125	634.0563625	691.93594375	656.07823125	618.6698125	687.98139375	710.8884375	735.2436125	565.33768125	822.8856875	861.38474375	767.94165	760.016675	719.327125	599.761
"ILMN_2950721"	697.83648125	680.34566875	846.94178125	779.2653	628.72353125	692.751325	662.1849625	715.899675	689.13815625	647.47771875	713.8766125	721.739725	601.505725	733.2854375	736.55418125	705.98616875
"ILMN_1239177"	647.47771875	723.8065125	684.94580625	525.1207875	752.51255625	663.6307	803.67116875	526.0119625	505.03666875	750.7542125	540.51569375	663.6307	731.98135	581.90118125	567.74780625	800.71358125
"ILMN_2632187"	491.07211875	505.03666875	540.51569375	560.39495	526.0119625	511.37675625	464.7328625	555.8922625	478.04355	468.97165	554.1605625	526.9879125	465.43049375	527.97433125	544.1691625	497.95498125
"ILMN_1253355"	265.66158125	240.40243125	278.0741625	242.68321875	241.81903125	250.96471875	237.06363125	265.3193125	297.28149375	282.05160625	291.026025	270.64926875	265.866425	258.01679375	255.85755625	241.45310625
"ILMN_2674668"	104.533906875	123.59584375	119.6936	96.845825625	117.6579425	127.37516875	111.110415625	122.475746875	109.025455	126.98818125	114.73329125	130.618125	89.422923125	128.54684375	103.008310625	111.35877875
"ILMN_2674032"	1367.22803125	1435.8101875	1586.1915	1364.5571875	1784.87	1422.125375	1458.951875	1397.06798125	1422.125375	1579.5619375	1321.35028125	1472.9005	1397.06798125	1470.4425625	1351.6376	1467.761125
"ILMN_2645865"	200.8762	180.51763125	225.05390625	216.21751875	171.3909	166.962625	158.6116875	223.75849375	241.17445	225.5053	178.0684875	204.60563125	188.95624375	198.521375	235.4533375	237.06363125
"ILMN_2673917"	612.15998125	635.1811875	815.414375	687.98139375	788.9523625	602.364075	575.726775	781.69595	690.5415875	679.33685625	656.07823125	639.13488125	569.84161875	665.10776875	617.6719875	617.6719875
"ILMN_1233613"	167.95834375	155.25068125	152.8813125	151.87925625	151.87925625	141.99598125	147.01914375	167.3223	132.4452375	151.3138125	151.87925625	168.9639625	105.1795875	157.61219375	129.26061875	152.60274375
"ILMN_2896976"	138.9933875	93.42159375	105.607609375	117.419678125	97.411860625	117.338401875	135.6653625	120.935578125	122.57942625	125.63270625	109.70716625	129.66274375	144.96089375	131.98764375	121.31494125	121.2497075
"ILMN_2684732"	833.79806875	868.26401875	925.6917125	871.08569375	714.822675	798.8415625	779.2653	848.62478125	842.2797125	744.6064125	965.448975	840.94978125	707.5388	835.47774375	791.47709375	712.16630625
"ILMN_2768850"	682.994525	704.218775	813.95219375	788.10545	617.6719875	598.88335625	632.8636	853.388	754.67213125	560.39495	795.77954375	816.41575	580.90806875	729.06335	746.36065625	674.1961875
"ILMN_2694074"	1511.49525	1479.4730625	1622.054	1660.214375	1696.7961875	1531.424875	1408.44643125	1618.8371875	1649.251375	1627.8435625	1572.2295625	1475.72125	1432.3960625	1483.54425	1501.7019375	1538.7828125
"ILMN_2757916"	1258.5084875	1183.43249375	1499.3388125	1582.8948125	1415.3043625	1307.1524375	1160.7844625	1367.22803125	1189.44799375	1251.42295	1283.01740625	1408.44643125	1128.37155625	1154.7735125	1390.10550625	1237.6670125
"ILMN_2798674"	788.9523625	821.23484375	795.77954375	934.17030625	672.850275	704.218775	754.67213125	884.5969875	891.9621375	864.6376	951.3225875	792.59404375	720.15905625	800.71358125	962.397525	650.46941875
"ILMN_2658153"	389.2009	373.33550625	439.987375	328.66174375	407.06303125	337.58796875	402.19800625	416.80261875	404.1772625	390.5186875	415.2649625	364.7329125	377.12295625	417.99370625	352.63408125	395.40934375
"ILMN_1246034"	866.75105	725.467375	817.69208125	976.43411875	727.81856875	748.7588125	887.8875125	846.94178125	915.080925	682.994525	872.95540625	713.8766125	835.47774375	1141.74559375	902.18765625	767.94165
"ILMN_1230505"	172.16496875	197.674625	212.92013125	294.6525125	198.77406875	188.71925625	166.1963625	230.35183125	241.6497	233.603175	209.34676875	215.89776875	183.2611375	205.2870625	227.41956875	243.5153
"ILMN_1227212"	2586.7810625	2620.036875	2876.7545	2238.3295	2497.0566875	2497.0566875	2607.5470625	2625.8334375	2319.68575	3375.6960625	1794.4246875	2269.339	2506.3018125	2331.606375	2319.68575	3330.385125
"ILMN_2753604"	103.150916875	103.721365	111.42138375	120.157548125	99.788094375	105.7632925	112.52499375	124.47621875	144.2734875	104.830466875	114.4196525	100.51070875	115.39087375	110.19512625	114.711198125	137.48125
"ILMN_1244070"	5266.1386875	5563.0125625	5010.6171875	4623.8029375	5033.8555	5232.6154375	5310.5491875	4926.7780625	4605.5571875	5283.5250625	4973.2094375	6210.4018125	5179.0949375	5010.6171875	4569.2170625	5657.804625
"ILMN_1222607"	1667.1086875	1536.2146875	1963.29175	1866.53925	1603.8749375	1718.3888125	1426.4050625	1797.0263125	1718.3888125	1710.0408125	1646.2829375	1784.87	1501.7019375	1652.57875	1780.0900625	1677.8181875
"ILMN_1224651"	3457.957875	3428.1263125	2930.197	2376.677125	2918.745375	3368.0494375	3188.1453125	2418.3295	2535.7879375	3368.0494375	2838.851625	3368.0494375	3500.7405	3042.4014375	2489.4524375	3343.441125
"ILMN_1238542"	2409.938125	2614.077125	2777.01275	2607.5470625	3226.965	2961.6290625	2601.092	2814.803375	2685.290625	2798.007875	2674.5666875	2705.3735625	2620.036875	2788.859125	2961.6290625	2734.9736875
"ILMN_1244649"	108.461024375	124.98413125	122.81610625	109.70716625	145.39879375	134.1805125	99.895920625	115.21423875	123.419725	129.26061875	117.501056875	126.40724375	137.9687625	121.772645625	101.810603125	114.154368125
"ILMN_2641063"	86.902935	90.304625625	98.303585	89.79638	97.18847625	99.86248375	101.54080375	93.809855625	99.02683625	114.913556875	122.81610625	87.8539375	95.425490625	130.47956875	105.03876125	107.26728375
"ILMN_2588663"	119.274784375	129.8673875	114.21803125	115.8649425	114.09009	118.641365	131.07861875	123.69855625	116.85027375	126.65243125	125.63270625	138.27471875	121.31494125	131.26336875	98.343531875	113.105346875
"ILMN_3163044"	949.26629375	925.6917125	887.8875125	869.54311875	846.94178125	827.55881875	861.38474375	736.55418125	731.98135	808.31851875	766.45550625	730.3635	817.69208125	747.50439375	817.69208125	772.2590125
"ILMN_2964728"	465.43049375	480.36246875	459.12235	451.87211875	605.90225	580.90806875	517.001575	393.04778125	423.7890375	461.68015625	526.0119625	562.3249125	494.868575	438.60104375	427.27374375	522.952875
"ILMN_2602396"	3612.062	3627.76525	3538.4080625	3500.7405	3902.69575	3627.76525	3469.855625	3641.6975	3330.385125	3714.1604375	3486.6504375	3725.17475	3538.4080625	3627.76525	3575.4696875	3428.1263125
"ILMN_2692986"	563.2545375	592.887675	595.30204375	592.887675	536.30255	581.90118125	539.6588	616.66825	497.33415625	556.671325	659.7359625	520.20643125	626.51121875	637.9178125	568.59338125	557.66410625
"ILMN_1221102"	607.31725	529.98285	543.3096125	526.9879125	552.70248125	569.84161875	591.04258125	607.31725	591.9939625	580.90806875	720.15905625	544.1691625	624.3748875	609.15739375	573.3738625	568.59338125
"ILMN_2692989"	635.1811875	632.8636	524.3188875	563.2545375	612.15998125	552.70248125	650.46941875	584.41195	617.6719875	555.8922625	690.5415875	613.03275	607.31725	561.45229375	585.5234625	520.20643125
"ILMN_2706451"	423.30259375	388.32369375	482.94526875	435.0936125	454.8536125	442.4851375	392.53830625	377.12295625	393.04778125	516.2531	393.04778125	410.31115625	391.82051875	380.52413125	385.17415	381.99676875
"ILMN_1256528"	122.57942625	114.154368125	146.84636875	147.652575	170.97615	121.906201875	128.973025	135.283975	156.73405625	174.34795	122.9097875	133.592925	119.63838875	120.312873125	162.05531875	165.72133125
"ILMN_2650475"	131.36425	119.274784375	141.60225625	127.324075	157.26195625	144.2734875	124.6612875	120.312873125	148.53309375	169.86830625	118.285725	146.9227125	122.475746875	123.69855625	132.69996875	140.9277875
"ILMN_1228040"	1977.7008125	2224.8838125	2325.9018125	2620.036875	2017.236625	2255.1854375	2247.425625	2453.9114375	2370.272375	1829.01725	2277.43625	2198.099125	2091.78225	2224.8838125	2289.2633125	1993.1465
"ILMN_2625188"	194.84985625	204.430875	195.57435625	194.500175	208.0264875	180.31404375	203.87181875	178.395625	175.06481875	210.89266875	183.2611375	211.32431875	212.92013125	173.1867	193.64621875	176.90374375
"ILMN_2635968"	599.761	582.71525	598.88335625	519.3563625	520.20643125	518.84098125	521.22874375	593.84244375	526.9879125	517.001575	586.2167	498.9142875	516.2531	554.1605625	493.6619875	537.29075625
"ILMN_2588728"	350.04360625	325.7995625	344.2765125	361.95381875	365.858425	305.47679375	317.90885625	317.23864375	336.03175625	335.20279375	323.7177875	317.23864375	342.21289375	293.25979375	309.12840625	310.58943125
"ILMN_2749143"	2713.513	2657.6830625	2607.5470625	3097.4584375	3097.4584375	2526.8005	3117.95425	3294.2288125	2808.7315625	2665.720625	3216.1718125	2433.1056875	2943.34825	2734.9736875	2997.8144375	2424.1591875
"ILMN_2629856"	365.858425	371.9615	330.29816875	345.94235	372.3487625	359.42853125	381.99676875	311.04834375	345.1946	375.9184375	400.88299375	356.33750625	384.5962625	317.23864375	337.05235	364.3113375
"ILMN_2974601"	1432.3960625	1415.3043625	1382.702325	1567.026875	1553.8566875	1324.82459375	1547.57	1475.72125	1455.159625	1289.71745	1590.64425	1195.67565	1463.571375	1518.4934375	1463.571375	1367.22803125
"ILMN_2658135"	157.85396875	165.3524875	173.1867	141.4040875	163.3029625	144.96089375	173.757825	138.27471875	176.90374375	164.784175	167.95834375	153.43323125	168.1026125	211.83433125	143.96694375	143.0773
"ILMN_1221936"	3270.1041875	3350.0475625	2439.68675	2446.180375	2884.703625	3306.58425	3457.957875	2409.938125	2633.7453125	2620.036875	3375.6960625	3738.920875	3042.4014375	3204.330125	2302.7791875	3097.4584375
"ILMN_1216182"	143.70768125	157.9893375	175.18576875	147.16050625	151.6387125	178.7428125	151.87925625	151.7689375	164.6086125	155.73429375	161.41156875	156.24549375	158.36090625	154.3985	167.95834375	151.399775
"ILMN_1250576"	166.39635	183.5885	184.16316875	177.786475	166.1963625	179.535125	149.091075	162.2762625	160.36623125	164.420575	147.652575	157.4278125	149.739125	142.93508125	160.77870625	155.89431875
"ILMN_2669991"	191.1885875	197.24515625	193.043575	181.34725625	177.3205375	165.72133125	175.18576875	172.36616875	190.72886875	208.7850375	224.22981875	171.3909	176.2277625	215.89776875	173.97199375	191.55401875
"ILMN_2799217"	345.1946	359.42853125	314.1618625	324.21904375	349.45023125	331.23381875	383.61483125	307.39310625	303.06303125	363.284225	350.04360625	357.04663125	364.3113375	302.349125	318.1763625	347.93013125
"ILMN_2745318"	136.3514	136.72255	147.01914375	134.4111125	132.28085	150.25461875	131.6764125	162.56773125	147.652575	134.48510625	132.28085	150.67323125	106.857693125	139.43243125	186.52754375	158.9071625
"ILMN_1226035"	825.71355625	761.4475375	1013.32305625	907.256775	852.04090625	905.71059375	824.58231875	816.41575	960.04960625	861.38474375	859.087225	805.34804375	945.78110625	924.120075	843.49291875	842.2797125
"ILMN_1249171"	141.0830875	113.618420625	127.74073125	145.052675	132.15846875	159.77998125	116.141575	168.40875625	139.96889375	151.10538125	139.96889375	188.54851875	117.95385375	120.40136625	159.68008125	197.24515625
"ILMN_2992403"	727.81856875	765.3012375	757.63383125	842.2797125	761.4475375	765.3012375	747.50439375	760.016675	770.86421875	827.55881875	829.13074375	695.53653125	781.69595	780.13395	825.71355625	720.15905625
"ILMN_1224076"	875.69781875	1522.2485625	995.0393375	1053.60926875	915.080925	1089.68374375	1327.62036875	1043.453	1152.5140625	832.51063125	1579.5619375	1057.93018125	949.26629375	1638.7200625	1027.40008125	976.43411875
"ILMN_2627557"	627.34338125	709.83329375	750.7542125	729.06335	741.6727625	719.327125	613.95905625	898.15866875	777.27234375	717.49173125	601.505725	709.83329375	659.7359625	569.84161875	665.10776875	944.844025
"ILMN_2688135"	355.6965	358.12875	372.82493125	346.44023125	338.97425625	368.29223125	358.12875	347.4346	360.73080625	367.63785625	335.6156625	395.40934375	360.73080625	346.77544375	324.21904375	371.9615
"ILMN_2607297"	277.1950625	275.6885125	287.1888875	309.12840625	269.7045375	247.1646875	295.6369875	305.2121375	295.6369875	278.920525	289.51720625	311.04834375	258.5847125	327.88030625	285.92029375	295.02664375
"ILMN_2734368"	134.89888125	144.2734875	110.156050625	128.10186875	110.653024375	115.981615625	123.97418125	130.28859375	111.53039	112.821178125	143.487075	107.92169	97.67886875	126.98818125	116.579599375	135.4736125
"ILMN_2524723"	142.13395625	158.4774	140.1623375	169.86830625	147.652575	141.81609375	138.648125	157.85396875	145.61169375	151.87925625	149.85671875	174.34795	136.82820625	125.8138	156.73405625	149.37121875
"ILMN_1231705"	780.13395	731.98135	700.8844	577.87453125	687.98139375	654.55994375	702.784375	659.7359625	641.70960625	697.83648125	721.739725	696.56115	715.899675	798.8415625	587.318	702.784375
"ILMN_2695217"	1189.44799375	1152.5140625	1245.9268375	1423.8325	1154.7735125	1143.343875	1014.6866125	1285.26755625	1287.05383125	1318.56764375	1079.6510625	1243.66574375	1055.98661875	1151.0470375	1324.82459375	1207.328275
"ILMN_2615628"	507.13303125	550.3105375	829.13074375	760.016675	604.86969375	702.784375	588.19000625	793.70504375	619.8589375	532.87104375	532.87104375	588.19000625	531.27466875	651.891225	671.48030625	708.58986875
"ILMN_2713039"	605.90225	658.75748125	730.3635	541.17865	869.54311875	712.16630625	645.9289125	601.505725	549.745325	800.71358125	437.247825	586.2167	523.3652125	443.24934375	550.3105375	729.06335
"ILMN_1232922"	373.33550625	375.0392	354.72424375	298.8011875	415.83955625	369.49314375	354.1894	307.8985375	284.8685125	378.65840625	228.78979375	345.94235	306.98319375	284.51064375	324.6985	344.2765125
"ILMN_2848163"	7662.624	9175.445125	7419.959625	10276.904625	7039.666875	8388.05225	8047.471875	10165.8596875	10615.614375	7943.6365	9936.6240625	8751.5815	8452.9129375	9511.48625	9263.605375	7541.13875
"ILMN_2702628"	439.987375	514.38961875	424.72686875	634.0563625	462.26758125	430.71465	560.39495	630.12605	600.65928125	509.63761875	626.51121875	451.87211875	534.0548125	628.72353125	632.8636	484.564275
"ILMN_2948800"	137.7085625	152.35095	153.03776875	147.3033375	150.8209875	151.399775	152.49919375	147.01914375	137.14124375	137.48125	127.95043125	152.8813125	129.4622	144.96089375	153.43323125	160.2164375
"ILMN_2628551"	1307.1524375	1251.42295	1178.06565	1199.44966875	1287.05383125	1226.22256875	1369.23980625	1081.4379875	1207.328275	1285.26755625	1344.11956875	1255.65941875	1310.47486875	1258.5084875	1170.59585625	1243.66574375
"ILMN_2733835"	194.6496125	206.6462875	185.1210875	164.6086125	222.806	161.8096	192.5356375	200.1890875	158.9071625	168.80345	168.1026125	169.86830625	183.97743125	207.070475	192.75574375	201.84556875
"ILMN_2877367"	21373.914375	20850.139375	18584.881875	22392.400625	20850.139375	19933.958125	19420.533125	21818.649375	24154.835	19420.533125	24154.835	20238.77625	21818.649375	24753.2475	23047.061875	20238.77625
"ILMN_2600426"	180.832609375	136.5366125	182.68725625	134.89888125	187.99031875	198.2510125	140.53864375	134.26451875	151.3138125	161.1169625	142.7377625	161.63675625	160.77870625	115.161709375	157.9893375	142.63595625
"ILMN_2842802"	208.0264875	237.4585875	209.84545	200.3612125	215.65326875	219.02440625	193.48036875	217.37595625	191.0212875	199.29734375	241.81903125	186.352	208.5434125	213.7292	189.77638125	193.2644875
"ILMN_3160416"	278.54705625	345.1946	314.5734875	358.12875	290.51439375	300.74229375	277.5543625	336.03175625	322.95923125	293.51820625	310.246	306.5607625	264.17246875	259.712775	314.1618625	257.7532375
"ILMN_2696110"	311.04834375	372.82493125	363.70033125	348.39780625	317.23864375	284.8685125	384.5962625	373.33550625	311.4795	374.20874375	333.84525	272.65581875	376.416275	326.2479375	340.85738125	342.21289375
"ILMN_2950422"	195.0619375	232.20605625	218.46124375	198.0223	194.2811375	206.6462875	229.79181875	224.8225	181.06749375	218.46124375	202.13511875	219.72244375	196.7706	186.352	191.93235625	254.69883125
"ILMN_2743650"	264.726425	292.523625	270.9667	340.2664125	245.44033125	221.4735125	265.866425	389.2009	451.87211875	315.86405	384.5962625	281.61061875	297.00449375	363.70033125	383.01348125	286.20885625
"ILMN_2713060"	1603.8749375	1577.6735	2150.2455	2319.68575	1870.0569375	1652.57875	1667.1086875	2439.68675	1996.4138125	1752.2866875	1403.350275	1788.49725	1303.7116	1544.9056875	1924.92825	2084.294625
"ILMN_1237942"	1021.6953125	884.5969875	999.9892375	1028.589375	993.4776625	1049.3454625	915.080925	987.38626875	928.80734375	1006.582575	944.844025	980.09125	1013.32305625	971.06836875	1011.69045	910.59219375
"ILMN_2755059"	919.9506125	856.60740625	974.65268125	868.26401875	1180.604725	960.04960625	1235.48928125	1321.35028125	1077.78473125	981.96119375	899.8158	1116.99195625	863.02495	1087.3466875	1043.453	1403.350275
"ILMN_1217767"	8948.2579375	9511.48625	8751.5815	9029.38475	7601.73825	9511.48625	9029.38475	8751.5815	9263.605375	7980.7325625	9029.38475	10069.3536875	8847.706625	9175.445125	9029.38475	7943.6365
"ILMN_2682046"	1660.214375	1980.6018125	2046.6180625	1872.962125	2517.37275	1808.7046875	2091.78225	1649.251375	1736.0078125	2277.43625	1866.53925	2091.78225	1911.486125	1660.214375	1872.962125	2139.582875
"ILMN_2751247"	284.8685125	310.58943125	257.7532375	241.17445	321.10474375	272.65581875	330.808375	238.45175625	269.9456875	373.33550625	290.51439375	276.1121875	375.0392	278.0741625	252.9415	349.45023125
"ILMN_1252373"	336.565875	277.5543625	294.35015	311.04834375	265.66158125	299.24785	247.56793125	300.04139375	274.72690625	252.12685	254.99205625	328.66174375	293.25979375	214.87058125	293.25979375	361.4595125
"ILMN_1221714"	122.0390925	117.857815	125.3855125	116.579599375	114.34263375	136.72255	111.820041875	117.718086875	112.76624	98.767628125	131.36425	128.80449375	109.597521875	121.127618125	129.4002375	120.016961875
"ILMN_2677197"	152.49919375	132.0691125	160.51105	148.6497	151.10538125	164.784175	139.88649375	172.16496875	146.50975625	143.96694375	139.335075	119.441101875	150.37110625	162.95665	160.51105	158.4774
"ILMN_1247302"	244.29798125	208.31810625	224.4901	215.89776875	247.1646875	226.0252	214.4501625	220.013025	214.87058125	210.68221875	211.085175	255.4534625	261.66200625	216.5864875	244.0659875	217.78400625
"ILMN_1377921"	23517.495625	23047.061875	24753.2475	24154.835	27225.3225	23517.495625	23047.061875	23517.495625	23517.495625	26525.784375	23047.061875	20850.139375	23517.495625	24154.835	24154.835	23517.495625
"ILMN_2643092"	9263.605375	9420.62425	10493.2706875	9936.6240625	12136.5934375	9357.0213125	9839.07575	12022.1184375	10885.485125	12255.4739375	9593.003	9673.0278125	10276.904625	10381.7305625	11435.2999375	11009.9565
"ILMN_2588053"	20238.77625	19933.958125	20238.77625	19933.958125	23517.495625	18214.775	19933.958125	20238.77625	21373.914375	20850.139375	19420.533125	17329.62125	20238.77625	20850.139375	20850.139375	19933.958125
"ILMN_1214918"	19059.6	18584.881875	19420.533125	20238.77625	21373.914375	18584.881875	20238.77625	22392.400625	21818.649375	18214.775	17954.566875	18760.23	19059.6	20238.77625	21373.914375	21818.649375
"ILMN_2709456"	884.5969875	919.9506125	869.54311875	915.080925	887.8875125	868.26401875	976.43411875	947.76564375	1047.2555875	848.62478125	1072.09820625	895.183675	953.7593875	1152.5140625	1007.92801875	895.183675
"ILMN_2706022"	2376.677125	2295.03325	2898.0708125	2160.4850625	2433.1056875	2409.938125	2439.68675	2179.9375625	2062.787125	2453.9114375	2046.6180625	2665.720625	2339.571375	2198.099125	2160.4850625	2601.092
"ILMN_2807335"	186.8385125	203.87181875	181.2290125	224.8225	185.5211625	166.1963625	183.4160875	191.0212875	166.55055	179.18690625	173.5161375	172.36616875	206.6462875	178.395625	182.34723125	188.54851875
"ILMN_2971131"	4492.6698125	4492.6698125	4305.6294375	5540.2685	4334.681	4334.681	4218.05075	5232.6154375	5772.2266875	4807.5564375	5097.3593125	4351.897875	4823.556375	4879.8963125	5563.0125625	4364.1930625
"ILMN_2665959"	430.71465	439.27714375	411.7634625	412.90525625	449.20795	393.53711875	447.68239375	417.99370625	372.3487625	451.2888375	399.33398125	449.20795	396.19555625	493.6619875	401.43568125	422.79503125
"ILMN_2678755"	223.05815	200.3612125	200.69875625	213.7292	264.17246875	227.935725	205.445	370.0059125	219.72244375	237.06363125	176.73908125	223.24974375	186.96800625	227.09825	226.57635	294.35015
"ILMN_1223812"	379.2877125	340.2664125	362.5706625	315.86405	385.809775	375.9184375	323.31540625	350.04360625	363.70033125	382.5141125	292.0677	338.11564375	404.1772625	360.73080625	333.38666875	345.94235
"ILMN_2727967"	184.9457625	146.0836625	192.278725	183.5885	186.52754375	151.10538125	160.2164375	156.24549375	163.3029625	201.84556875	149.37121875	187.99031875	149.23314375	173.97199375	157.73433125	178.5072375
"ILMN_1217567"	517.001575	513.767075	483.78041875	569.84161875	537.29075625	511.8949625	581.90118125	538.19415625	569.26025	554.1605625	578.90990625	547.94208125	553.2030125	634.0563625	561.45229375	492.73689375
"ILMN_3142391"	172.96285	216.0453	183.76841875	176.2277625	167.144325	179.94566875	210.68221875	160.96233125	178.23885625	211.085175	210.0105125	194.1203625	175.18576875	165.1109125	162.44010625	171.86004375
"ILMN_3162499"	974.65268125	985.8463875	1057.93018125	1110.04635625	1030.10514375	991.44575625	866.75105	1051.49076875	1143.343875	874.18005625	1098.0628125	1131.15279375	899.8158	928.80734375	1091.7272125	934.17030625
"ILMN_2867158"	129.57466875	135.6653625	150.15854375	151.2095	170.59660625	132.34635	126.4920875	139.66160625	174.89948125	159.8800125	137.14124375	114.755384375	151.399775	163.64845625	154.25715625	154.25715625
"ILMN_1235047"	556.671325	591.9939625	493.6619875	571.902025	512.6917	466.54915	576.9724625	476.6074	558.66334375	495.48429375	624.3748875	517.55479375	546.9559125	619.8589375	532.87104375	466.54915
"ILMN_1214561"	1915.526625	1924.92825	1775.1008125	1788.49725	1736.0078125	1825.944125	1791.22925	1825.944125	1920.0846875	2179.9375625	1876.826625	2031.236625	2017.236625	1797.0263125	1834.548	1834.548
"ILMN_1220014"	327.28765625	320.32921875	333.38666875	275.1821875	360.73080625	314.9708375	304.87086875	264.726425	257.03089375	399.33398125	257.48868125	304.0222125	317.23864375	256.39871875	234.09353125	385.17415
"ILMN_1217150"	123.69855625	125.3855125	123.52100625	131.6764125	125.29280625	125.0645625	119.6936	137.14124375	139.88649375	131.88230625	133.747825	124.056975	133.96085625	130.15226875	130.0706125	118.285725
"ILMN_2836246"	212.92013125	204.2428625	204.2428625	166.79903125	227.41956875	216.8480125	184.9457625	163.3029625	150.67323125	231.2587625	169.459175	201.84556875	206.3916875	147.652575	157.0106375	242.38804375
"ILMN_2703621"	159.77998125	153.03776875	177.462375	179.78310625	159.77998125	172.96285	156.11439375	166.55055	167.144325	156.84261875	143.86384375	203.87181875	152.49919375	153.7817875	169.58350625	169.13246875
"ILMN_2652085"	235.4533375	273.00749375	242.68321875	223.98566875	210.68221875	242.38804375	272.1875125	316.24873125	246.59630625	241.81903125	267.64753125	225.5053	241.81903125	298.4882625	284.130375	332.3091625
"ILMN_2671878"	229.79181875	202.4345375	218.28855	195.7639125	204.430875	235.4533375	200.8762	169.72580625	183.2611375	214.4501625	197.24515625	229.14716875	184.16316875	179.535125	216.5864875	209.84545
"ILMN_1255496"	916.6208875	875.69781875	903.69043125	980.09125	1051.49076875	899.8158	863.02495	945.78110625	918.47605	932.8508625	850.88728125	902.18765625	928.80734375	908.87373125	938.45773125	947.76564375
"ILMN_1213728"	118.8443075	122.201485625	101.190835625	108.461024375	118.036201875	103.490705625	127.95043125	111.9493375	120.935578125	104.86736625	122.57942625	128.4515375	110.918741875	123.8031125	112.488049375	108.506135625
"ILMN_2680628"	445.96159375	338.59659375	264.17246875	210.68221875	269.270475	410.31115625	318.90009375	254.18753125	264.48115	247.1646875	306.98319375	423.7890375	370.4164625	369.49314375	247.89775	285.64140625
"ILMN_2680128"	835.47774375	567.74780625	793.70504375	364.3113375	774.34953125	958.69609375	898.15866875	293.88715625	403.70125625	775.5117	311.85809375	430.2709875	774.34953125	404.1772625	344.2765125	743.24070625
"ILMN_1221011"	1405.81893125	1364.5571875	1575.5840625	1667.1086875	1291.7907625	1408.44643125	1258.5084875	1360.29693125	1470.4425625	1324.82459375	1394.1235125	1489.162	1274.3487	1403.350275	1440.297625	1276.95708125
"ILMN_2761169"	774.34953125	722.7396	785.1105625	824.58231875	666.07275	717.49173125	630.12605	740.36884375	714.822675	645.9289125	684.94580625	720.15905625	741.6727625	821.23484375	756.09396875	654.55994375
"ILMN_2745240"	681.76365625	713.8766125	656.07823125	736.55418125	730.3635	691.93594375	882.18558125	666.07275	671.48030625	681.76365625	748.7588125	731.98135	758.9241125	667.4936	670.750325	543.3096125
"ILMN_3112837"	404.8501	413.8246875	348.8210375	316.916175	515.20924375	385.17415	404.8501	288.69434375	333.38666875	370.4164625	312.7602	446.63266875	388.7899	358.12875	327.88030625	383.01348125
"ILMN_2629982"	587.318	612.15998125	566.9478125	546.9559125	722.7396	525.1207875	585.5234625	511.8949625	445.36558125	635.1811875	576.9724625	573.3738625	608.093875	494.461675	486.8490375	603.45503125
"ILMN_1259299"	1397.06798125	1643.147375	1403.350275	1403.350275	1382.702325	1492.257625	1601.1688125	1601.1688125	1560.761875	1440.297625	1575.5840625	1656.9044375	1563.7163125	1582.8948125	1472.9005	1440.297625
"ILMN_1259606"	1834.548	1601.1688125	1508.6094375	1397.06798125	1360.29693125	1870.0569375	1575.5840625	1836.439375	1788.49725	1274.3487	2022.4721875	1726.885875	1575.5840625	2269.339	1627.8435625	1685.458625
"ILMN_2635871"	838.76995	793.70504375	584.41195	603.45503125	598.88335625	694.11808125	783.53573125	613.03275	708.58986875	576.9724625	863.02495	657.20195625	746.36065625	931.23015625	722.7396	565.33768125
"ILMN_2696066"	115.917260625	90.369386875	106.433465625	109.848235	127.073225	119.9140375	125.55423125	95.973764375	108.415801875	107.867986875	116.786333125	130.2182625	124.3063625	100.013493125	104.32323125	120.935578125
"ILMN_2894960"	137.9687625	145.48405	136.1406375	142.13395625	150.15854375	144.0709875	127.81891875	131.07861875	148.76030625	143.487075	104.86736625	135.38901875	151.51890625	128.973025	126.4920875	112.00672375
"ILMN_1212653"	293.51820625	315.46180625	310.58943125	252.12685	345.1946	300.04139375	326.2479375	277.5543625	270.9667	300.2887625	293.51820625	264.48115	287.631325	298.8011875	271.79109375	264.726425
"ILMN_2684413"	496.31449375	420.2250875	557.66410625	497.95498125	503.36816875	500.9488875	526.9879125	667.4936	545.32123125	563.2545375	494.461675	475.9832625	548.52860625	553.2030125	593.84244375	562.3249125
"ILMN_2741790"	815.414375	815.414375	805.34804375	872.95540625	816.41575	912.4321125	792.59404375	822.8856875	803.67116875	884.5969875	991.44575625	963.9681375	861.38474375	925.6917125	891.9621375	795.77954375
"ILMN_2990229"	1151.0470375	1217.45435625	953.7593875	1271.32739375	1210.36091875	1152.5140625	1241.1790375	1172.46564375	1276.95708125	1101.52970625	1202.76246875	1183.43249375	1297.6508375	1324.82459375	1213.42171875	1163.6286375
"ILMN_2644845"	322.47270625	300.74229375	303.06303125	218.28855	284.51064375	279.92881875	240.01421875	338.59659375	263.16635625	287.631325	263.16635625	316.24873125	300.04139375	280.3735125	294.6525125	299.66855
"ILMN_2638778"	3513.9283125	3216.1718125	3457.957875	3343.441125	3248.3035625	3558.081875	3761.2193125	2563.022875	3350.0475625	4107.2114375	2255.1854375	2912.180875	3676.100625	3486.6504375	3204.330125	4236.6
"ILMN_2798797"	2506.3018125	2854.01125	2563.022875	2573.4615625	1825.944125	2581.1375	2713.513	2517.37275	2376.677125	2808.7315625	2289.2633125	2798.007875	2383.52925	2325.9018125	2173.1679375	2898.0708125
"ILMN_2727004"	2705.3735625	3033.5199375	2556.7989375	2517.37275	1967.6745	2808.7315625	2641.2374375	2734.9736875	2469.6346875	3053.95425	2310.01975	2657.6830625	2446.180375	2446.180375	2392.535375	3022.225125
"ILMN_2668849"	325.1303125	302.349125	339.82898125	424.72686875	276.1121875	302.349125	349.45023125	360.18498125	364.7329125	285.15369375	448.44150625	321.10474375	383.01348125	509.03734375	350.7310625	286.827325
"ILMN_2627205"	347.0615875	387.19616875	304.87086875	407.06303125	272.65581875	300.2887625	353.69961875	447.68239375	435.0936125	341.4254	450.69689375	287.631325	392.53830625	491.68241875	406.37385625	251.28089375
"ILMN_2753589"	1285.26755625	1422.125375	1364.5571875	1089.68374375	1479.4730625	1199.44966875	1467.761125	1243.66574375	974.65268125	1452.8455	1449.6651875	1180.604725	1385.86663125	1397.06798125	1160.7844625	1133.63441875
"ILMN_3135107"	195.7639125	142.81923125	192.0934625	191.93235625	180.51763125	204.0442375	153.7817875	187.50133125	204.0442375	189.77638125	185.72451875	176.73908125	187.2342375	204.77735625	191.773575	208.0264875
"ILMN_2678851"	420.2250875	418.747925	428.38743125	460.23505	350.04360625	422.79503125	399.33398125	462.26758125	449.74499375	512.6917	411.7634625	438.60104375	400.88299375	374.20874375	468.2711	541.9119
"ILMN_2865882"	136.9274375	144.40739375	123.69855625	138.648125	151.97038125	143.86384375	131.76215	113.369824375	131.26336875	152.8813125	144.5738125	137.87319375	114.4196525	126.40724375	137.48125	159.54588125
"ILMN_2683277"	998.31044375	951.3225875	1055.98661875	953.7593875	971.06836875	884.5969875	932.8508625	996.23235625	852.04090625	974.65268125	843.49291875	987.38626875	769.31840625	845.3110625	895.183675	837.33126875
"ILMN_2683283"	1300.52404375	1278.73228125	1501.7019375	1258.5084875	1334.8682125	1251.42295	1113.83363125	1261.6343125	1202.76246875	1287.05383125	1103.4479	1207.328275	1072.09820625	1101.52970625	1101.52970625	1180.604725
"ILMN_3154231"	668.77444375	697.83648125	763.20979375	647.47771875	659.7359625	670.750325	608.093875	650.46941875	596.12970625	666.07275	600.65928125	671.48030625	562.3249125	580.90806875	552.70248125	612.15998125
"ILMN_1249838"	895.183675	902.18765625	916.6208875	968.64079375	863.02495	817.69208125	899.8158	813.95219375	876.73246875	869.54311875	866.75105	837.33126875	837.33126875	863.02495	803.67116875	856.60740625
"ILMN_2619079"	127.37516875	118.036201875	120.312873125	142.20985	115.60705875	133.67243125	120.157548125	112.821178125	129.74069375	119.588936875	107.652741875	133.86773125	111.820041875	129.08156875	117.6579425	149.85671875
"ILMN_3141499"	215.30675	221.9986125	223.98566875	247.89775	217.5735625	259.712775	264.726425	289.51720625	284.51064375	220.2211625	276.1121875	184.9457625	213.214425	263.46951875	267.13753125	212.0886125
"ILMN_2524404"	292.523625	337.58796875	323.7177875	300.2887625	373.83311875	363.284225	290.00418125	282.817125	311.04834375	305.47679375	298.8011875	350.04360625	249.017375	275.1821875	285.64140625	304.87086875
"ILMN_2746421"	494.868575	523.3652125	450.69689375	454.06344375	505.03666875	470.640325	551.37678125	541.17865	604.86969375	486.04989375	625.61735625	561.45229375	554.9542375	605.90225	562.3249125	509.63761875
"ILMN_1244356"	709.83329375	760.016675	687.98139375	791.47709375	521.22874375	651.891225	756.09396875	727.81856875	665.10776875	627.34338125	817.69208125	667.4936	691.93594375	763.20979375	697.83648125	585.5234625
"ILMN_1212993"	185.79605625	180.31404375	259.712775	227.7343625	203.03711875	262.8041375	179.94566875	188.95624375	239.43034375	179.535125	207.8115125	238.45175625	196.21144375	232.20605625	240.74000625	215.65326875
"ILMN_1235750"	241.6497	300.2887625	211.59015625	220.013025	263.46951875	264.48115	276.1121875	257.7532375	215.30675	185.29855625	282.44331875	240.40243125	260.3836875	316.24873125	238.193125	239.21446875
"ILMN_2719487"	326.2479375	335.6156625	384.07974375	396.83708125	427.27374375	399.33398125	343.43558125	439.27714375	331.23381875	357.04663125	319.46595	388.7899	318.90009375	343.43558125	341.4254	391.82051875
"ILMN_1244845"	601.505725	544.1691625	495.48429375	503.36816875	501.98858125	621.7679875	480.36246875	507.13303125	550.3105375	525.1207875	593.84244375	691.93594375	616.66825	577.87453125	507.13303125	579.673675
"ILMN_2971073"	168.80345	152.8813125	176.73908125	172.01880625	163.64845625	157.85396875	143.192725	162.44010625	176.2277625	150.8209875	148.0812	167.144325	165.9051	159.8800125	180.892275	182.08051875
"ILMN_2931918"	123.36474375	112.488049375	129.316175	127.56598125	100.783863125	112.07261625	140.27619375	134.81919375	128.3261875	106.777164375	130.96285	127.41805625	129.08156875	120.495390625	120.6827425	132.5155125
"ILMN_1214307"	127.324075	119.820021875	117.2339	109.23587625	109.2781775	132.75633125	122.81610625	99.2001875	107.652741875	124.8635375	124.6612875	121.84311875	120.495390625	92.532343125	121.382654375	122.7431125
"ILMN_2605201"	1334.8682125	1297.6508375	1229.01768125	918.47605	978.18965625	1283.01740625	1210.36091875	943.31915	780.13395	998.31044375	1126.4124125	1271.32739375	1261.6343125	1043.453	882.18558125	987.38626875
"ILMN_1239627"	265.3193125	258.01679375	260.3836875	280.78843125	295.02664375	255.85755625	252.12685	305.47679375	237.4585875	228.78979375	252.12685	333.38666875	242.07989375	234.60474375	282.05160625	274.72690625
"ILMN_2828420"	226.0252	234.8745	231.52921875	225.68436875	237.218225	205.445	213.7292	228.20060625	196.7706	206.3916875	194.6496125	236.2630125	231.864125	152.8813125	185.99401875	207.61158125
"ILMN_2594873"	145.29385625	145.99215625	132.34635	100.12275375	143.96694375	164.9723375	148.53309375	121.2497075	136.433125	147.652575	128.973025	139.88649375	137.01285	151.10538125	126.27369375	160.96233125
"ILMN_2594872"	146.84636875	142.63595625	166.79903125	129.74069375	154.6688625	151.51890625	163.77671875	144.82524375	129.26061875	167.144325	162.2762625	151.51890625	167.3223	187.99031875	136.2780625	163.64845625
"ILMN_2629897"	140.758425	166.962625	188.54851875	147.54801875	135.38901875	174.764125	162.95665	147.16050625	144.5738125	186.52754375	149.091075	168.40875625	144.1759875	143.96694375	147.652575	152.35095
"ILMN_1246764"	168.1026125	177.67216875	196.4535	186.96800625	141.33224375	156.11439375	159.77998125	203.03711875	168.6341	190.33600625	186.52754375	131.88230625	166.65600625	147.54801875	174.1694	223.98566875
"ILMN_2711532"	143.96694375	145.39879375	153.15165	145.16591875	157.73433125	153.28154375	137.25285	127.4777875	118.641365	102.2456525	140.27619375	146.19573125	139.571175	107.315705	134.3388875	131.36425
"ILMN_2815545"	983.59676875	940.56146875	1116.99195625	1021.6953125	974.65268125	928.80734375	1053.60926875	985.8463875	1045.07010625	1149.43653125	978.18965625	1005.12975	996.23235625	1028.589375	989.583825	1013.32305625
"ILMN_2647372"	96.700000625	102.7794925	101.295458125	124.21180625	75.028371875	101.9034125	85.290140625	134.89888125	138.7328625	95.001336875	160.36623125	121.979066875	80.84851875	138.9933875	144.1759875	72.563550625
"ILMN_2589770"	231.2587625	193.64621875	166.07181875	176.90374375	175.06481875	198.77406875	197.9066	146.84636875	174.1694	175.5692	169.86830625	186.8385125	178.5072375	136.82820625	174.34795	183.5885
"ILMN_1246758"	779.2653	861.38474375	880.51689375	769.31840625	1005.12975	791.47709375	689.13815625	803.67116875	769.31840625	934.17030625	777.27234375	919.9506125	763.20979375	700.8844	747.50439375	838.76995
"ILMN_2647427"	320.71545	303.06303125	342.73308125	309.7184	265.866425	351.802	288.0676125	372.82493125	304.0222125	290.00418125	381.57836875	304.53516875	250.11290625	354.1894	369.49314375	297.28149375
"ILMN_2600022"	184.74385	170.97615	209.34676875	154.53503125	131.4411375	245.1670375	192.278725	200.69875625	237.218225	233.35624375	214.87058125	203.53366875	190.72886875	166.79903125	221.72159375	204.2428625
"ILMN_2588682"	452.6686625	395.40934375	511.37675625	494.868575	517.55479375	427.64664375	462.26758125	413.8246875	453.2523375	449.74499375	369.03061875	503.36816875	353.18153125	360.18498125	420.2250875	505.03666875
"ILMN_2718843"	293.25979375	303.483375	282.817125	265.866425	234.60474375	305.2121375	309.7184	271.464275	294.6525125	317.23864375	316.24873125	253.82809375	337.05235	283.2316625	270.3889125	366.8555625
"ILMN_1234685"	1791.22925	1440.297625	1547.57	1460.8476875	1677.8181875	1511.49525	1495.3311875	1394.1235125	1483.54425	1722.9694375	1422.125375	1527.3249375	1840.8434375	1515.313875	1445.528	1646.2829375
"ILMN_2652077"	144.40739375	130.15226875	155.55105625	152.60274375	144.96089375	139.571175	145.61169375	131.514275	148.0812	163.14453125	183.76841875	134.4111125	147.41726875	167.95834375	172.01880625	137.57098125
"ILMN_1240871"	475.9832625	476.6074	390.08191875	384.5962625	439.987375	447.21463125	485.22894375	370.4164625	429.70605625	420.8278625	377.56054375	466.54915	458.2919125	401.43568125	341.75748125	456.8246
"ILMN_2962386"	235.1268	224.22981875	244.6799375	282.05160625	271.79109375	255.4534625	216.8480125	226.57635	257.48868125	215.12844375	280.78843125	208.0264875	241.6497	245.44033125	297.632825	253.4402375
"ILMN_2828512"	1253.17414375	1197.66168125	1253.17414375	1213.42171875	1091.7272125	1241.1790375	1072.09820625	1265.327025	1120.43725	1136.6648125	1099.7499	1133.63441875	1145.2287125	976.43411875	1087.3466875	1081.4379875
"ILMN_2662675"	224.4901	171.546275	189.3455875	244.0659875	194.1203625	163.77671875	194.6496125	225.30408125	193.48036875	167.6348	185.29855625	182.34723125	181.2290125	199.078225	200.56753125	217.5735625
"ILMN_2692060"	211.59015625	229.79181875	212.0886125	242.98343125	188.54851875	181.9437375	262.8041375	230.55338125	194.500175	214.70516875	240.5617625	226.57635	218.46124375	241.17445	252.12685	209.5458
"ILMN_2712675"	368.29223125	373.83311875	328.66174375	422.79503125	322.95923125	336.03175625	327.88030625	330.29816875	351.3019	324.6985	388.7899	335.6156625	306.5607625	372.3487625	391.82051875	337.05235
"ILMN_2668536"	2912.180875	2685.290625	3248.3035625	3053.95425	2713.513	2884.703625	2593.8493125	2943.34825	3107.309875	3178.6443125	2705.3735625	3147.1090625	2838.851625	2573.4615625	3010.3569375	3070.3590625
"ILMN_1230287"	177.922875	163.64845625	177.12665625	170.34245625	156.84261875	187.99031875	188.136525	156.11439375	167.4655125	182.93705625	162.56773125	212.3307375	216.21751875	152.14845	140.62593125	189.3455875
"ILMN_2702444"	189.54376875	204.9632	188.71925625	221.3074625	152.35095	185.29855625	179.33101875	194.2811375	227.935725	189.3455875	193.64621875	180.77294375	182.470475	199.73144375	188.35061875	144.1759875
"ILMN_2595637"	963.9681375	1021.6953125	1098.0628125	1114.94431875	968.64079375	1074.1825625	944.844025	921.58768125	1006.582575	1036.73783125	963.9681375	928.80734375	1057.93018125	1001.74539375	981.96119375	1070.6493875
"ILMN_1247873"	194.1203625	168.6341	242.07989375	180.892275	186.8385125	222.806	192.0934625	197.9066	195.197125	182.68725625	155.9893625	190.33600625	169.3054875	186.1810125	210.68221875	237.218225
"ILMN_1240806"	190.33600625	144.66973125	181.50995	180.77294375	161.63675625	173.757825	144.96089375	158.4774	149.98421875	185.1210875	177.786475	177.12665625	170.8125875	151.97038125	150.98616875	181.06749375
"ILMN_1236357"	428.38743125	422.79503125	500.9488875	491.68241875	515.81448125	478.57549375	511.37675625	561.45229375	415.2649625	464.7328625	381.99676875	407.921325	372.3487625	361.4595125	459.12235	560.39495
"ILMN_1251534"	194.2811375	212.0886125	223.51984375	230.55338125	202.13511875	195.9714875	185.65298125	215.12844375	219.262125	216.0453	218.46124375	192.278725	193.79353125	209.11500625	216.0453	181.9437375
"ILMN_2705578"	217.78400625	228.589075	207.61158125	204.9632	217.78400625	238.45175625	252.9415	194.500175	198.0223	227.41956875	232.20605625	182.68725625	230.9218	233.8516125	204.2428625	206.6462875
"ILMN_2591853"	170.97615	135.57924375	143.192725	167.4655125	176.73908125	140.1623375	143.487075	151.97038125	131.6764125	139.1651375	103.008310625	158.6116875	161.1169625	151.7689375	124.8635375	146.66913125
"ILMN_2639579"	4683.3188125	4623.8029375	4765.8735	4457.1559375	4419.230375	4236.6	4351.897875	4403.614	4534.1989375	4789.1378125	4403.614	4986.7503125	4660.884	3248.3035625	4281.1286875	4321.2529375
"ILMN_2697433"	5540.2685	6058.9016875	5838.7989375	5603.8941875	4523.228	5540.2685	5875.1608125	5511.9364375	6117.9055	5349.3264375	6428.544875	5875.1608125	6077.354	6158.776375	5387.1456875	5740.3068125
"ILMN_1246221"	113.618420625	95.37609625	123.14139375	109.638690625	105.207913125	115.018353125	109.12119375	122.57942625	124.1470375	102.930399375	112.76624	105.95753125	108.548009375	133.01849375	109.12119375	131.98764375
"ILMN_1212648"	562.3249125	506.55626875	494.868575	373.83311875	558.66334375	538.19415625	532.1498625	381.99676875	344.74945	538.19415625	348.8210375	538.19415625	546.0745625	352.63408125	353.69961875	567.74780625
"ILMN_1218573"	700.8844	560.39495	767.94165	838.76995	835.47774375	837.33126875	557.66410625	824.58231875	704.218775	868.26401875	650.46941875	831.24433125	761.4475375	590.05653125	761.4475375	825.71355625
"ILMN_1227237"	158.6116875	105.03876125	155.89431875	189.77638125	151.51890625	144.5738125	136.72255	160.0477875	173.757825	172.01880625	147.54801875	117.6579425	235.4533375	149.23314375	193.79353125	167.95834375
"ILMN_2750789"	915.080925	880.51689375	938.45773125	672.850275	760.016675	840.94978125	772.2590125	757.63383125	644.6966625	935.4101625	752.51255625	877.92143125	821.23484375	712.16630625	659.7359625	787.04511875
"ILMN_2519451"	408.96751875	501.98858125	444.228375	439.27714375	463.1787875	484.564275	475.17880625	484.564275	375.0392	450.69689375	470.640325	475.17880625	417.99370625	428.38743125	470.640325	390.08191875
"ILMN_2687612"	129.08156875	154.1876625	135.4736125	121.31494125	110.266454375	140.62593125	129.316175	133.40468125	118.953629375	138.539325	144.66973125	154.1876625	137.87319375	122.399984375	158.9071625	148.53309375
"ILMN_1219446"	185.99401875	162.05531875	206.07911875	177.922875	173.36885	201.84556875	178.5072375	160.36623125	202.13511875	171.546275	165.3524875	165.3524875	157.26195625	166.55055	179.18690625	168.1026125
"ILMN_1223318"	674.1961875	674.1961875	613.03275	712.16630625	630.12605	637.9178125	546.9559125	774.34953125	705.98616875	617.6719875	525.1207875	616.66825	603.45503125	641.70960625	658.75748125	715.899675
"ILMN_1238285"	2798.007875	2453.9114375	2697.970125	3169.1403125	2854.01125	2614.077125	2647.688375	3216.1718125	2876.7545	2513.31325	3169.1403125	2814.803375	2713.513	3022.225125	3097.4584375	2798.007875
"ILMN_2715234"	812.943	913.892975	651.891225	529.98285	825.71355625	800.71358125	943.31915	500.9488875	567.74780625	785.1105625	955.7568875	775.5117	868.26401875	880.51689375	649.38925625	714.822675
"ILMN_2620804"	267.64753125	293.25979375	244.29798125	290.00418125	304.53516875	273.2488625	258.2902125	300.2887625	307.8985375	293.88715625	302.8226125	292.9288	317.90885625	316.916175	321.374625	275.6885125
"ILMN_2620803"	357.60513125	318.1763625	313.20505625	395.40934375	378.055575	372.3487625	369.49314375	377.56054375	417.99370625	355.2402	379.2877125	369.03061875	387.69631875	426.13781875	486.04989375	435.80354375
"ILMN_1246011"	931.23015625	908.87373125	884.5969875	874.18005625	1098.0628125	874.18005625	880.51689375	871.08569375	941.5663625	905.71059375	935.4101625	767.94165	918.47605	852.04090625	879.30458125	791.47709375
"ILMN_2723579"	2665.720625	2202.8358125	2269.339	2469.6346875	2418.3295	2573.4615625	2545.5605	2216.556375	2526.8005	2482.9536875	2517.37275	2146.17425	2705.3735625	2854.01125	2625.8334375	2319.68575
"ILMN_1226238"	503.36816875	430.2709875	480.36246875	510.3951625	468.97165	527.97433125	491.68241875	566.9478125	519.3563625	445.96159375	491.07211875	457.3322875	513.767075	476.6074	506.55626875	491.68241875
"ILMN_3057482"	573.3738625	569.26025	461.68015625	705.98616875	492.403675	625.61735625	484.564275	619.8589375	697.83648125	531.27466875	712.16630625	589.02404375	574.73696875	803.67116875	686.72390625	468.2711
"ILMN_2724226"	4841.1090625	4765.8735	5657.804625	5283.5250625	5740.3068125	5310.5491875	4823.556375	6077.354	5033.8555	5563.0125625	4729.1003125	4953.7386875	4789.1378125	4729.1003125	5657.804625	6333.1640625
"ILMN_3160574"	546.9559125	604.86969375	509.03734375	704.218775	394.35784375	571.902025	562.3249125	564.52480625	674.1961875	505.03666875	611.2885125	574.73696875	494.461675	648.31620625	522.0960875	511.8949625
"ILMN_1248347"	137.48125	154.98025625	141.0830875	136.3514	128.10186875	136.9274375	124.3636875	155.25068125	138.20509375	125.13798125	134.1805125	146.0836625	125.909375	127.37516875	141.60225625	121.979066875
"ILMN_1241522"	879.30458125	864.6376	1023.99141875	1011.69045	744.6064125	976.43411875	800.71358125	1070.6493875	985.8463875	887.8875125	1067.2242	803.67116875	913.892975	1068.8899	1065.3506625	913.892975
"ILMN_1220793"	758.9241125	798.8415625	842.2797125	738.7639375	985.8463875	741.6727625	752.51255625	712.16630625	670.750325	774.34953125	700.8844	692.751325	783.53573125	621.7679875	770.86421875	757.63383125
"ILMN_1251524"	225.5053	215.12844375	185.79605625	190.13030625	234.25645625	225.68436875	217.5735625	221.0247	226.57635	230.9218	223.98566875	198.0223	283.2316625	223.24974375	223.51984375	221.9986125
"ILMN_2682333"	119.173605625	109.751948125	103.592393125	111.642268125	147.95994375	126.65243125	108.361553125	107.70206875	113.06367625	120.882648125	106.93114625	134.3388875	118.70487875	114.797201875	116.286911875	133.592925
"ILMN_2722913"	106.07530375	117.6579425	118.036201875	102.51513625	102.612943125	109.50569	108.660346875	127.65724375	131.514275	125.909375	110.841521875	109.55938875	123.8031125	123.97418125	132.5155125	117.6579425
"ILMN_2705139"	112.1349525	110.231133125	151.10538125	129.66274375	138.7328625	135.4736125	126.9317625	121.47113125	117.95385375	130.866825	120.495390625	131.36425	127.073225	125.55423125	138.27471875	154.3985
"ILMN_1247585"	121.57034375	112.883929375	147.41726875	130.2182625	124.79509375	116.85027375	109.07892375	132.75633125	119.441101875	138.84401875	99.834396875	118.777301875	120.40136625	131.59916875	117.156748125	145.99215625
"ILMN_2757445"	765.3012375	907.256775	889.52394375	802.1467375	753.616675	802.1467375	806.6958625	916.6208875	903.69043125	854.99735625	837.33126875	886.03111875	772.2590125	707.5388	877.92143125	827.55881875
"ILMN_2939503"	178.953525	214.87058125	220.7673	183.76841875	195.7639125	237.06363125	169.72580625	168.6341	164.22484375	193.79353125	168.26489375	222.3505375	207.070475	191.773575	151.7689375	184.41938125
"ILMN_2696146"	163.64845625	162.2762625	184.41938125	174.764125	146.337125	145.48405	174.764125	208.0264875	169.72580625	189.8980875	153.8966625	164.6086125	163.77671875	186.8385125	193.043575	145.39879375
"ILMN_1218703"	675.5408125	832.51063125	832.51063125	941.5663625	715.899675	795.77954375	902.18765625	1160.7844625	1145.2287125	731.98135	1289.71745	705.98616875	788.10545	1183.43249375	1403.350275	699.4288
"ILMN_1216099"	136.03915625	139.88649375	146.50975625	153.43323125	156.6076	125.55423125	129.08156875	157.4278125	126.3300625	145.761225	130.28859375	150.98616875	104.43400625	131.514275	123.14139375	149.739125
"ILMN_2711651"	4605.5571875	4457.1559375	4683.3188125	4879.8963125	3852.391	4026.5495625	4523.228	4351.897875	4523.228	3725.17475	4807.5564375	5179.0949375	3725.17475	4623.8029375	4089.44975	3852.391
"ILMN_2756496"	432.2625375	419.42740625	414.57105	343.43558125	381.0655875	421.97100625	408.96751875	390.5186875	347.4346	427.64664375	342.73308125	441.69970625	381.99676875	375.9184375	320.71545	424.72686875
"ILMN_2680086"	471.3431875	412.3047375	466.54915	500.9488875	393.04778125	431.70553125	435.80354375	458.2919125	449.20795	492.403675	531.27466875	491.68241875	486.8490375	471.853	558.66334375	442.4851375
"ILMN_1224336"	2392.535375	1847.5744375	2586.7810625	2489.4524375	2453.9114375	2160.4850625	1794.4246875	2022.4721875	2160.4850625	2439.68675	1638.7200625	2247.425625	2053.1393125	1808.7046875	2053.1393125	2325.9018125
"ILMN_2592496"	294.6525125	288.0676125	310.246	353.18153125	331.742525	346.77544375	291.026025	336.565875	360.18498125	316.916175	338.11564375	330.29816875	309.7184	381.0655875	360.18498125	351.802
"ILMN_3097107"	142.93508125	114.21803125	116.632200625	121.382654375	140.43761875	131.07861875	124.98413125	118.036201875	144.1759875	136.1406375	118.091490625	124.1470375	121.050814375	136.5366125	139.571175	136.72255
"ILMN_3024416"	124.56819375	112.38875	130.28859375	143.0773	121.66337125	120.016961875	118.47405375	125.7254	112.00672375	115.10685625	135.4736125	111.0518025	112.1349525	106.718800625	134.57726875	134.26451875
"ILMN_2694659"	1113.83363125	1005.12975	1062.77579375	1255.65941875	812.943	1053.60926875	1101.52970625	1324.82459375	1213.42171875	955.7568875	1360.29693125	955.7568875	1051.49076875	981.96119375	1114.94431875	868.26401875
"ILMN_1251236"	461.68015625	468.97165	447.21463125	427.64664375	491.07211875	475.17880625	444.7976625	423.7890375	446.63266875	477.2194	497.95498125	405.55344375	511.37675625	484.564275	419.42740625	469.8672
"ILMN_2631674"	127.81891875	134.02605	110.576255625	145.48405	130.5351625	127.74073125	132.28085	152.7725125	134.7069375	132.15846875	125.4714	124.8635375	108.8338675	112.07261625	123.59584375	117.2339
"ILMN_2594644"	257.48868125	252.718175	250.43120625	240.74000625	239.43034375	249.35498125	228.20060625	252.12685	222.806	238.79714375	254.18753125	288.99533125	256.39871875	265.3193125	237.218225	225.05390625
"ILMN_3071876"	192.278725	203.53366875	213.37485	208.31810625	220.5396375	200.69875625	176.6034375	222.806	182.470475	212.0886125	170.97615	223.98566875	225.05390625	210.0105125	208.7850375	205.752275
"ILMN_2765593"	204.2428625	198.521375	230.04545625	213.9903875	207.38165625	213.214425	167.144325	207.61158125	173.5161375	191.1885875	183.04915	215.30675	167.95834375	180.892275	159.54588125	196.7706
"ILMN_2752300"	171.1804625	200.8762	195.0619375	146.337125	170.08375625	166.39635	164.420575	150.98616875	172.36616875	195.57435625	158.9071625	185.1210875	155.73429375	141.52035625	196.94810625	221.72159375
"ILMN_2888766"	5097.3593125	4789.1378125	4281.1286875	4419.230375	4068.588375	4926.7780625	4953.7386875	4507.455375	5540.2685	4419.230375	5349.3264375	4841.1090625	4596.538125	5208.2486875	4553.349	4683.3188125
"ILMN_2908953"	1131.15279375	1099.7499	1324.82459375	1251.42295	1426.4050625	1195.67565	1040.3809625	1303.7116	1149.43653125	1170.59585625	945.78110625	1001.74539375	1062.77579375	983.59676875	1156.8387125	1346.2142
"ILMN_2722353"	526.9879125	485.22894375	478.04355	546.0745625	539.6588	444.7976625	444.228375	500.0371625	427.64664375	492.73689375	431.70553125	396.83708125	412.90525625	479.8137125	489.3833625	412.3047375
"ILMN_2661786"	114.673026875	118.47405375	109.812659375	111.228329375	127.90001875	119.173605625	118.036201875	127.81891875	90.7078775	107.26728375	122.0390925	97.58289875	122.0390925	129.4622	152.49919375	116.42814625
"ILMN_1238609"	203.87181875	196.94810625	182.93705625	202.4345375	179.33101875	204.77735625	217.78400625	227.935725	202.4345375	185.5211625	184.41938125	202.13511875	163.950325	167.4655125	204.60563125	208.31810625
"ILMN_2616180"	140.53864375	155.89431875	131.4411375	140.43761875	143.5782875	142.63595625	172.36616875	180.77294375	158.6116875	157.9893375	170.34245625	142.81923125	173.97199375	179.94566875	128.6563625	141.91661875
"ILMN_1213858"	216.5864875	221.4735125	265.3193125	249.017375	288.69434375	205.752275	201.35433125	244.6799375	238.79714375	207.070475	215.12844375	188.136525	194.500175	188.136525	255.4534625	201.05835625
"ILMN_3143842"	124.47621875	114.755384375	124.8635375	126.40724375	143.86384375	118.36620625	117.338401875	140.43761875	133.96085625	125.21805	126.9317625	136.03915625	108.19444375	124.3063625	127.4777875	113.904466875
"ILMN_2714138"	310.246	273.2488625	327.28765625	322.95923125	341.4254	294.6525125	257.7532375	357.04663125	309.7184	317.90885625	306.5607625	295.02664375	262.8041375	286.827325	314.5734875	321.374625
"ILMN_2698334"	136.82820625	148.979125	137.87319375	128.9028625	134.02605	132.4452375	147.8332625	121.772645625	123.14139375	137.14124375	148.76030625	125.99110625	139.74475	115.795108125	138.84401875	142.81923125
"ILMN_1258449"	3676.100625	3688.003875	3216.1718125	3204.330125	3081.87775	3022.225125	3948.7111875	2788.859125	3136.9086875	3761.2193125	3738.920875	3902.69575	3575.4696875	3598.82025	3022.225125	3641.6975
"ILMN_2993567"	133.29675	146.66913125	131.6764125	101.327090625	119.173605625	127.324075	136.82820625	123.36474375	108.7976625	114.21803125	141.33224375	115.8649425	127.4777875	134.26451875	117.95385375	114.593608125
"ILMN_2630827"	205.100125	215.30675	191.773575	205.2870625	224.22981875	212.92013125	238.79714375	216.8480125	246.3669	213.37485	177.462375	205.445	194.1203625	203.53366875	221.3074625	193.043575
"ILMN_1237664"	2633.7453125	2526.8005	2665.720625	2433.1056875	3033.5199375	2601.092	2586.7810625	2581.1375	2674.5666875	2952.272375	2482.9536875	2424.1591875	2997.8144375	2392.535375	2657.6830625	2952.272375
"ILMN_2701435"	769.31840625	788.9523625	695.53653125	537.29075625	647.47771875	743.24070625	730.3635	623.23298125	589.02404375	667.4936	813.95219375	694.11808125	695.53653125	876.73246875	605.90225	561.45229375
"ILMN_2880329"	166.1963625	178.395625	183.5885	173.97199375	151.3138125	147.01914375	195.9714875	175.81434375	137.01285	153.8966625	170.08375625	165.9051	154.1876625	176.6034375	153.6196125	195.197125
"ILMN_2944657"	146.66913125	164.9723375	152.7725125	170.59660625	181.2290125	129.08156875	191.773575	136.03915625	135.9188125	145.61169375	130.0706125	175.18576875	145.29385625	138.648125	131.98764375	153.03776875
"ILMN_2677065"	142.3190875	160.2164375	155.73429375	140.33279375	146.84636875	141.60225625	163.14453125	133.96085625	118.163625	166.07181875	137.01285	153.6196125	162.7807125	130.5351625	134.26451875	159.40914375
"ILMN_2932474"	218.28855	205.100125	182.08051875	225.05390625	164.9723375	189.3455875	201.05835625	184.9457625	184.16316875	214.87058125	218.28855	200.8762	229.14716875	216.0453	211.085175	190.5250625
"ILMN_1241561"	686.72390625	752.51255625	743.24070625	746.36065625	641.70960625	705.98616875	695.53653125	577.87453125	738.7639375	741.6727625	710.8884375	761.4475375	723.8065125	708.58986875	699.4288	671.48030625
"ILMN_2756733"	978.18965625	960.04960625	932.8508625	859.087225	902.18765625	974.65268125	869.54311875	832.51063125	859.087225	941.5663625	1005.12975	1089.68374375	972.88915625	972.88915625	931.23015625	872.95540625
"ILMN_3081402"	101.984600625	90.64472875	119.274784375	133.1910875	92.44206875	105.607609375	93.0895525	135.04935625	148.85370625	117.0603175	153.43323125	113.618420625	95.60482	151.3138125	145.99215625	119.36188375
"ILMN_2709279"	118.953629375	134.57726875	117.6579425	122.201485625	118.163625	145.39879375	139.1651375	105.1458875	139.1651375	120.157548125	116.85027375	127.74073125	138.648125	131.36425	109.99626625	115.68587625
"ILMN_2596249"	147.95994375	157.0106375	126.9317625	137.25285	138.9933875	135.38901875	171.546275	157.26195625	119.0158425	131.07861875	145.052675	131.76215	140.53864375	170.59660625	117.419678125	163.950325
"ILMN_2702061"	9357.0213125	9740.1449375	8948.2579375	9593.003	9126.596	6333.1640625	10686.61875	9029.38475	8948.2579375	7479.230875	11009.9565	8452.9129375	8948.2579375	10686.61875	9420.62425	8388.05225
"ILMN_2806907"	184.16316875	182.93705625	180.51763125	175.81434375	189.3455875	155.55105625	162.05531875	177.12665625	158.1595375	193.64621875	151.97038125	172.96285	165.3524875	132.75633125	166.55055	159.77998125
"ILMN_2705533"	122.2713	111.9493375	125.909375	121.2497075	122.7431125	141.52035625	119.077958125	114.09009	105.4081325	119.48989875	111.820041875	129.316175	153.43323125	114.711198125	104.281994375	99.374586875
"ILMN_2736925"	147.8332625	173.1867	159.68008125	138.84401875	147.01914375	164.106975	166.39635	179.33101875	171.3909	172.96285	164.6086125	151.97038125	132.4452375	184.9457625	187.99031875	174.1694
"ILMN_1258943"	282.05160625	267.64753125	358.75925625	292.9288	220.013025	242.07989375	283.2316625	304.53516875	251.28089375	293.25979375	241.17445	281.146125	197.9066	259.99785	278.54705625	297.918925
"ILMN_2912471"	822.8856875	748.7588125	798.8415625	817.69208125	848.62478125	879.30458125	708.58986875	821.23484375	921.58768125	899.8158	775.5117	887.8875125	727.81856875	769.31840625	850.88728125	880.51689375
"ILMN_1234165"	198.0223	174.764125	152.35095	146.19573125	185.29855625	182.34723125	164.22484375	151.10538125	169.3054875	176.2277625	189.54376875	170.8125875	188.54851875	210.89266875	141.65965625	173.1867
"ILMN_3101400"	470.640325	490.34479375	423.30259375	365.858425	417.99370625	435.80354375	433.3673375	404.1772625	370.4164625	421.97100625	408.96751875	428.38743125	489.3833625	426.70765	364.3113375	363.284225
"ILMN_2668642"	135.04935625	197.4835875	136.2780625	131.16729375	163.47545	169.459175	165.9051	149.37121875	142.3190875	143.3203125	134.02605	158.4774	142.13395625	142.13395625	168.26489375	161.63675625
"ILMN_1242772"	426.13781875	414.57105	472.5667625	417.99370625	435.0936125	428.95229375	404.1772625	431.14796875	408.96751875	475.9832625	432.7302625	387.69631875	415.83955625	393.04778125	369.03061875	353.69961875
"ILMN_1242619"	297.632825	396.19555625	379.94990625	317.90885625	311.85809375	325.7995625	373.83311875	293.25979375	297.632825	404.1772625	322.47270625	420.2250875	402.19800625	274.72690625	307.8985375	338.97425625
"ILMN_2612325"	316.916175	281.146125	355.6965	311.85809375	366.8555625	360.73080625	287.1888875	374.20874375	314.9708375	373.83311875	288.0676125	347.0615875	290.51439375	248.77758125	326.2479375	391.17670625
"ILMN_1232532"	159.21589375	169.58350625	173.5161375	166.65600625	178.395625	163.64845625	193.2644875	169.13246875	159.21589375	193.2644875	158.36090625	196.94810625	153.15165	158.6116875	168.40875625	176.6034375
"ILMN_2601441"	1166.056025	1245.9268375	1189.44799375	1215.14716875	1271.32739375	1245.9268375	1191.13270625	1217.45435625	1338.7863	1364.5571875	1303.7116	1327.62036875	1197.66168125	1287.05383125	1313.45749375	1401.06855
"ILMN_1217403"	173.36885	152.7725125	182.34723125	184.6136125	197.674625	206.86939375	172.96285	215.30675	168.9639625	183.76841875	168.6341	191.773575	161.63675625	194.1203625	195.9714875	194.84985625
"ILMN_2726005"	103.879461875	126.73568125	128.80449375	122.0390925	126.9317625	117.12237875	120.40136625	103.4186675	110.19512625	151.6387125	107.433851875	118.47405375	137.57098125	113.197445625	136.433125	141.52035625
"ILMN_2714874"	571.902025	549.745325	549.745325	472.5667625	522.0960875	584.41195	587.318	475.9832625	438.60104375	508.08930625	526.9879125	516.2531	554.1605625	498.9142875	482.94526875	474.41370625
"ILMN_2697082"	214.70516875	212.92013125	199.49650625	190.5250625	208.5434125	215.12844375	198.2510125	212.7093	234.25645625	168.9639625	228.589075	243.81895	171.86004375	176.3861875	177.67216875	233.35624375
"ILMN_2662990"	233.8516125	234.60474375	239.76948125	222.58170625	235.7126625	249.7243	247.1646875	212.92013125	220.2211625	242.07989375	237.218225	254.69883125	234.8745	220.5396375	193.9764375	244.29798125
"ILMN_1219682"	377.56054375	320.71545	346.44023125	637.9178125	302.349125	354.1894	285.15369375	518.84098125	523.3652125	355.6965	378.65840625	365.3517	385.809775	336.03175625	563.2545375	394.35784375
"ILMN_2725807"	492.403675	428.95229375	545.32123125	520.20643125	546.9559125	494.868575	489.3833625	473.54161875	534.0548125	476.6074	374.20874375	364.3113375	480.36246875	549.745325	466.54915	486.8490375
"ILMN_2771441"	3178.6443125	3416.61325	3814.110625	3714.1604375	3375.6960625	3388.5791875	3097.4584375	3688.003875	3500.7405	3701.24375	3320.2390625	3216.1718125	3294.2288125	3061.8775625	3513.9283125	3612.062
"ILMN_2511806"	227.935725	193.48036875	186.1810125	202.7597125	171.546275	208.96401875	215.12844375	188.54851875	204.60563125	179.94566875	240.40243125	217.37595625	217.17126875	226.8536625	182.68725625	191.1885875
"ILMN_2850057"	116.99381875	111.298870625	109.07892375	133.86773125	125.21805	115.917260625	130.5351625	114.755384375	105.55965875	94.70251375	131.88230625	102.0620025	96.928155	105.518506875	122.2713	114.673026875
"ILMN_2700448"	4068.588375	4038.2773125	4158.0104375	3457.957875	4026.5495625	3948.7111875	3852.391	3500.7405	3442.0161875	4305.6294375	3343.441125	4141.8938125	4204.1001875	3368.0494375	3428.1263125	4305.6294375
"ILMN_2895908"	526.0119625	430.71465	497.33415625	505.03666875	404.8501	488.4622375	434.19785	498.9142875	551.37678125	466.54915	488.4622375	542.6043	490.34479375	541.9119	485.22894375	440.4799375
"ILMN_2635888"	321.374625	301.23424375	293.88715625	291.68979375	285.15369375	295.6369875	268.086125	310.246	285.15369375	285.64140625	313.20505625	372.3487625	273.2488625	285.92029375	312.7602	284.51064375
"ILMN_2725466"	360.18498125	346.44023125	370.0059125	338.59659375	346.44023125	381.57836875	296.226525	382.5141125	359.42853125	336.565875	365.3517	289.51720625	354.1894	329.34705625	388.32369375	317.23864375
"ILMN_3059772"	143.86384375	142.50945	148.0812	155.55105625	136.1406375	159.40914375	150.57566875	135.4736125	132.69996875	165.3524875	160.51105	140.9277875	130.5351625	156.84261875	145.61169375	142.93508125
"ILMN_1234738"	154.98025625	120.40136625	114.453108125	122.399984375	127.74073125	120.157548125	123.00808125	124.56819375	109.848235	131.16729375	109.913100625	126.98818125	133.1910875	125.7254	108.19444375	131.26336875
"ILMN_2666297"	492.73689375	471.853	522.0960875	522.952875	415.2649625	501.98858125	440.4799375	442.4851375	500.9488875	431.70553125	554.9542375	495.48429375	453.2523375	547.94208125	467.1607875	309.7184
"ILMN_1252437"	3375.6960625	2798.007875	3357.9559375	3070.3590625	2647.688375	3486.6504375	2918.745375	2912.180875	2952.272375	2697.970125	3107.309875	3852.391	2814.803375	3097.4584375	2854.01125	2625.8334375
"ILMN_2653735"	3469.855625	2625.8334375	3442.0161875	3022.225125	2513.31325	3204.330125	2665.720625	2979.4065	2884.703625	2446.180375	3117.95425	3357.9559375	2734.9736875	3053.95425	2665.720625	2724.67725
"ILMN_2604205"	874.18005625	846.94178125	876.73246875	723.8065125	824.58231875	854.99735625	889.52394375	788.10545	761.4475375	687.98139375	903.69043125	884.5969875	908.87373125	902.18765625	779.2653	747.50439375
"ILMN_2637804"	247.1646875	257.7532375	227.41956875	228.78979375	310.58943125	297.28149375	369.03061875	273.6787	270.64926875	334.72335625	238.45175625	226.33205	288.0676125	284.8685125	265.866425	289.51720625
"ILMN_2675268"	491.68241875	473.54161875	514.38961875	442.4851375	506.55626875	437.247825	513.767075	468.2711	463.1787875	474.41370625	451.87211875	479.1273375	475.9832625	452.6686625	399.9620875	507.13303125
"ILMN_1241390"	234.09353125	211.32431875	230.9218	203.7036375	268.3302125	175.06481875	248.38111875	208.31810625	205.752275	230.55338125	177.3205375	217.78400625	209.11500625	199.29734375	205.752275	245.1670375
"ILMN_2616151"	164.6086125	172.16496875	201.05835625	159.8800125	191.55401875	168.6341	220.2211625	161.63675625	126.73568125	174.1694	173.757825	175.5692	151.6387125	118.22448625	155.89431875	143.5782875
"ILMN_1223343"	249.35498125	284.8685125	256.12818125	256.12818125	319.46595	271.464275	238.193125	325.1303125	258.2902125	270.64926875	233.35624375	268.3302125	254.18753125	239.21446875	302.349125	303.483375
"ILMN_2605417"	1411.4146	1408.44643125	1563.7163125	1646.2829375	1378.9131875	1258.5084875	1283.01740625	1655.3744375	1527.3249375	1499.3388125	1479.4730625	1531.424875	1253.17414375	1376.17988125	1499.3388125	1428.524
"ILMN_2626950"	113.809328125	118.163625	139.96889375	112.38875	139.88649375	134.48510625	121.84311875	128.80449375	117.857815	96.35991375	122.475746875	131.514275	107.51221	108.12169125	97.67886875	109.377595
"ILMN_1220682"	119.751296875	95.708998125	122.201485625	112.69401375	126.3300625	116.632200625	114.154368125	124.8635375	125.4714	121.193045	121.772645625	120.40136625	117.419678125	126.55820625	112.20645125	101.9034125
"ILMN_2595469"	250.96471875	226.8536625	200.1890875	219.02440625	265.3193125	223.98566875	245.1670375	221.9986125	236.2630125	261.22823125	219.489875	245.1670375	277.1950625	282.817125	262.349275	256.39871875
"ILMN_2646836"	122.66405625	142.3190875	161.8096	157.9893375	140.62593125	127.4777875	127.74073125	156.419675	184.9457625	127.90001875	160.96233125	141.81609375	136.72255	171.86004375	169.86830625	134.09401875
"ILMN_2694356"	374.20874375	351.802	337.05235	298.4882625	335.6156625	319.967375	411.14406875	423.30259375	355.6965	326.664175	287.1888875	315.46180625	378.055575	420.2250875	326.664175	306.5607625
"ILMN_1252267"	290.00418125	299.66855	268.93265	267.64753125	286.827325	252.9415	322.95923125	412.90525625	287.1888875	258.01679375	304.87086875	279.92881875	295.6369875	310.58943125	249.35498125	250.43120625
"ILMN_2833356"	785.1105625	767.94165	648.31620625	747.50439375	589.02404375	668.77444375	746.36065625	675.5408125	709.83329375	662.1849625	808.31851875	656.07823125	590.05653125	730.3635	651.891225	632.8636
"ILMN_1223307"	2424.1591875	2482.9536875	2788.859125	2392.535375	2705.3735625	2535.7879375	2517.37275	2354.48075	2339.571375	2614.077125	2325.9018125	2641.2374375	2641.2374375	1872.962125	2409.938125	2563.022875
"ILMN_2751332"	131.76215	154.3985	162.44010625	171.86004375	133.1910875	168.1026125	171.7086875	202.13511875	148.40835	161.63675625	142.93508125	167.4655125	134.4111125	110.231133125	143.70768125	207.070475
"ILMN_1254551"	2202.8358125	2310.01975	1886.0055625	2007.2110625	1682.1164375	2119.2700625	2424.1591875	2139.582875	2126.100375	2028.299	2198.099125	1834.548	2160.4850625	1920.0846875	2041.4144375	1891.157125
"ILMN_1245850"	179.78310625	213.7292	232.89545	236.042125	191.38894375	183.5885	182.93705625	205.752275	217.17126875	186.1810125	217.5735625	198.2510125	186.1810125	182.93705625	224.22981875	219.489875
"ILMN_2665797"	8666.6628125	8047.471875	8388.05225	8237.6955	8237.6955	8847.706625	7860.3515625	8300.5935625	9357.0213125	8300.5935625	8300.5935625	9420.62425	8666.6628125	8666.6628125	8300.5935625	7980.7325625
"ILMN_1212619"	162.95665	149.23314375	150.37110625	132.5155125	127.41805625	158.9071625	133.592925	119.077958125	116.141575	149.85671875	111.228329375	142.50945	143.487075	114.51671875	128.4515375	137.87319375
"ILMN_2693151"	138.06913125	131.88230625	145.16591875	166.39635	148.0812	138.9933875	137.9687625	149.739125	124.6612875	131.4411375	126.4920875	153.7817875	158.1595375	183.04915	159.40914375	146.9227125
"ILMN_1247490"	564.52480625	503.36816875	562.3249125	463.1787875	542.6043	509.63761875	563.2545375	531.27466875	460.23505	583.35471875	492.73689375	541.9119	618.6698125	458.2919125	451.87211875	666.07275
"ILMN_1245615"	187.2342375	195.57435625	173.757825	200.69875625	171.7086875	209.34676875	189.77638125	173.5161375	188.71925625	173.1867	180.31404375	167.3223	210.0105125	168.40875625	188.54851875	194.500175
"ILMN_1213838"	220.5396375	226.33205	234.09353125	293.25979375	247.89775	236.796525	208.7850375	266.81874375	216.0453	241.45310625	206.3916875	247.89775	247.89775	217.78400625	262.8041375	203.53366875
"ILMN_2616956"	3749.341625	3612.062	3641.6975	3442.0161875	3469.855625	3641.6975	3486.6504375	3749.341625	4038.2773125	3584.8085	3701.24375	3598.82025	3306.58425	3701.24375	3890.9494375	3558.081875
"ILMN_2594807"	1271.32739375	1122.60583125	1445.528	1191.13270625	1276.95708125	1300.52404375	1281.13715625	1357.10996875	1255.65941875	1096.0162875	1268.02655	1197.66168125	1160.7844625	1261.6343125	1258.5084875	1422.125375
"ILMN_1257872"	3022.225125	3136.9086875	3280.8254375	3216.1718125	3350.0475625	2930.197	3022.225125	3259.195875	3738.920875	3169.1403125	3357.9559375	2997.8144375	3136.9086875	3259.195875	3375.6960625	3107.309875
"ILMN_1216601"	117.785030625	99.895920625	125.8138	155.73429375	97.35255875	94.835863125	97.35255875	127.073225	134.89888125	122.9097875	125.7254	93.93534875	94.393255	107.761495	128.74994375	133.10364375
"ILMN_2685569"	188.136525	183.4160875	199.29734375	163.950325	186.352	200.56753125	203.03711875	157.0106375	168.80345	200.1890875	186.8385125	189.54376875	176.03235625	166.962625	151.399775	164.106975
"ILMN_3148175"	158.36090625	163.3029625	210.41654375	160.96233125	173.757825	185.5211625	171.3909	160.51105	172.01880625	191.0212875	175.5692	173.36885	202.13511875	180.31404375	159.77998125	184.74385
"ILMN_2944601"	677.40323125	597.8765375	657.20195625	662.1849625	586.2167	775.5117	634.0563625	726.5232875	692.751325	656.07823125	618.6698125	658.75748125	765.3012375	694.11808125	668.77444375	697.83648125
"ILMN_1248425"	209.84545	190.5250625	171.3909	168.9639625	200.69875625	192.278725	201.61073125	195.197125	192.278725	160.64474375	184.74385	191.0212875	164.420575	203.03711875	225.68436875	191.38894375
"ILMN_1228733"	308.46138125	341.4254	320.32921875	302.349125	320.71545	343.43558125	322.47270625	324.6985	313.912925	250.43120625	298.4882625	290.00418125	327.88030625	280.78843125	292.0677	314.5734875
"ILMN_2751158"	295.02664375	275.1821875	291.026025	266.81874375	241.45310625	278.920525	285.64140625	312.47725625	232.89545	263.46951875	283.2316625	264.17246875	321.67085	261.22823125	225.05390625	220.5396375
"ILMN_2730514"	307.8985375	292.9288	280.3735125	297.918925	260.3836875	270.3889125	318.52400625	290.51439375	282.817125	307.39310625	305.47679375	291.68979375	298.4882625	267.13753125	297.00449375	264.17246875
"ILMN_2730516"	228.20060625	203.7036375	199.985175	220.2211625	193.2644875	217.5735625	219.489875	204.77735625	213.214425	203.19638125	166.79903125	236.042125	183.4160875	185.65298125	206.6462875	199.078225
"ILMN_2686270"	5603.8941875	4953.7386875	6077.354	5690.447375	4457.1559375	5208.2486875	4744.4376875	5690.447375	5838.7989375	4553.349	5954.9835625	5772.2266875	4953.7386875	5349.3264375	5603.8941875	4973.2094375
"ILMN_2594558"	267.13753125	263.842925	301.23424375	300.04139375	322.0296125	290.00418125	280.78843125	285.64140625	268.086125	275.1821875	294.35015	298.4882625	285.15369375	272.65581875	281.146125	284.8685125
"ILMN_1219118"	246.3669	243.19339375	264.726425	274.272375	259.99785	226.57635	241.81903125	251.70985625	252.41470625	226.33205	240.74000625	287.1888875	274.72690625	247.89775	237.89168125	255.85755625
"ILMN_2818396"	1618.8371875	1531.424875	1682.1164375	1710.0408125	1594.2024375	1632.5483125	1470.4425625	1646.2829375	1752.2866875	1563.7163125	1710.0408125	1582.8948125	1655.3744375	1590.64425	1733.1609375	1547.57
"ILMN_2775751"	10686.61875	11733.567375	9740.1449375	9263.605375	11733.567375	12136.5934375	11339.6023125	9839.07575	9936.6240625	11274.7985625	10686.61875	10615.614375	11542.181125	11274.7985625	10069.3536875	11542.181125
"ILMN_3103689"	307.39310625	298.4882625	361.4595125	409.58745625	404.1772625	333.38666875	297.918925	378.055575	310.246	321.10474375	340.85738125	295.6369875	324.6985	333.38666875	377.56054375	306.0933625
"ILMN_3030392"	304.0222125	280.3735125	341.75748125	423.7890375	341.75748125	292.0677	255.85755625	391.17670625	342.73308125	357.60513125	332.3091625	290.51439375	292.9288	312.7602	377.12295625	283.2316625
"ILMN_2427869"	381.57836875	406.37385625	443.24934375	576.9724625	529.98285	399.9620875	370.0059125	504.200175	511.37675625	469.8672	408.38614375	402.19800625	396.83708125	392.53830625	525.1207875	407.921325
"ILMN_2732961"	1245.9268375	1199.44966875	1067.2242	1013.32305625	1147.48524375	1105.07545625	1215.14716875	1047.2555875	1112.35626875	1172.46564375	1040.3809625	1222.9821	1166.056025	1110.04635625	1143.343875	1072.09820625
"ILMN_2998593"	2354.48075	2319.68575	2446.180375	2513.31325	2146.17425	2277.43625	2446.180375	2601.092	2424.1591875	2302.7791875	2216.556375	2556.7989375	2179.9375625	2620.036875	2461.7744375	2614.077125
"ILMN_3162793"	1126.4124125	1351.6376	1268.02655	805.34804375	1059.94405	1265.327025	1278.73228125	907.256775	887.8875125	1125.43935625	1035.1083875	1369.23980625	1006.582575	998.31044375	884.5969875	960.04960625
"ILMN_2647084"	824.58231875	809.6915375	1114.94431875	1059.94405	837.33126875	934.17030625	837.33126875	1318.56764375	976.43411875	1055.98661875	840.94978125	856.60740625	738.7639375	850.88728125	1074.1825625	1255.65941875
"ILMN_2892479"	108.741045	111.5830875	120.495390625	144.66973125	131.88230625	126.9317625	130.76800625	109.23587625	107.553396875	113.85569125	94.448178125	105.9257075	138.20509375	136.433125	128.0214625	103.805381875
"ILMN_1237049"	1116.99195625	1261.6343125	1045.07010625	1098.0628125	1202.76246875	1113.83363125	1122.60583125	1003.6911625	1072.09820625	1047.2555875	1125.43935625	935.4101625	1101.52970625	1112.35626875	1035.1083875	1016.3591125
"ILMN_2892480"	185.5211625	163.14453125	157.61219375	117.338401875	180.892275	171.86004375	161.25703125	153.43323125	157.26195625	170.08375625	146.0836625	150.8209875	142.20985	134.7069375	129.966625	156.84261875
"ILMN_2772728"	266.33793125	240.01421875	245.65989375	236.2630125	232.89545	269.9456875	293.51820625	236.2630125	230.9218	249.35498125	242.98343125	253.4402375	280.3735125	271.464275	243.81895	223.51984375
"ILMN_2663348"	104.405015	102.6805325	117.95385375	107.26728375	110.841521875	101.102720625	94.70251375	127.90001875	119.274784375	94.448178125	118.777301875	110.389105	80.13876625	111.820041875	128.54684375	94.09491875
"ILMN_2719324"	268.4554125	199.985175	294.6525125	274.72690625	248.77758125	348.39780625	293.88715625	249.7243	267.64753125	256.12818125	262.8041375	248.77758125	271.79109375	320.32921875	242.68321875	234.09353125
"ILMN_1241795"	233.603175	195.0619375	227.935725	221.0247	253.4402375	171.7086875	208.31810625	182.93705625	234.60474375	221.72159375	255.4534625	240.74000625	216.5864875	243.19339375	226.0252	203.7036375
"ILMN_2748384"	433.3673375	421.97100625	427.27374375	415.83955625	396.83708125	410.83665	568.59338125	387.19616875	378.65840625	486.8490375	486.04989375	486.04989375	468.2711	525.1207875	374.20874375	411.14406875
"ILMN_2872011"	124.79509375	129.4622	104.167905625	124.3063625	112.998859375	99.293643125	111.912886875	103.150916875	101.984600625	103.37311125	98.199605625	132.85836875	91.417540625	105.9257075	94.481434375	102.354020625
"ILMN_2984070"	135.38901875	136.3514	134.57726875	132.15846875	160.77870625	122.399984375	138.7328625	145.29385625	126.98818125	111.754379375	126.55820625	124.7353875	107.652741875	97.2270625	155.9893625	134.48510625
"ILMN_2605575"	608.093875	662.1849625	591.9939625	526.0119625	596.12970625	554.9542375	623.23298125	539.6588	512.6917	632.8636	543.3096125	481.1763125	623.23298125	571.902025	488.4622375	635.1811875
"ILMN_2594779"	205.752275	232.89545	209.5458	226.8536625	197.9066	245.65989375	231.2587625	194.6496125	215.12844375	200.3612125	191.93235625	234.09353125	230.35183125	237.89168125	201.05835625	241.6497
"ILMN_1219564"	223.24974375	222.3505375	208.7850375	228.20060625	204.77735625	297.632825	236.45716875	199.985175	223.24974375	205.100125	222.58170625	219.262125	238.193125	234.25645625	208.5434125	235.7126625
"ILMN_2740890"	240.981925	256.12818125	216.21751875	215.65326875	217.17126875	240.74000625	245.65989375	208.96401875	242.07989375	256.83043125	262.349275	252.41470625	220.013025	240.40243125	210.89266875	234.8745
"ILMN_2882088"	167.4655125	133.40468125	147.95994375	156.11439375	140.27619375	152.60274375	151.51890625	145.88445	154.1876625	166.79903125	169.3054875	153.15165	153.28154375	140.9277875	160.96233125	173.757825
"ILMN_2801798"	1403.350275	1340.98901875	1289.71745	1458.951875	1527.3249375	1463.571375	1483.54425	1408.44643125	1346.2142	1394.1235125	1627.8435625	1511.49525	1726.885875	1505.664625	1458.951875	1310.47486875
"ILMN_2681592"	5387.1456875	5283.5250625	4904.36175	4569.2170625	4864.437875	5467.5040625	5349.3264375	4281.1286875	4623.8029375	4708.9626875	4986.7503125	5540.2685	5909.277875	4789.1378125	4534.1989375	4807.5564375
"ILMN_2622780"	270.9667	211.83433125	290.51439375	255.4534625	229.4819375	301.81316875	224.22981875	245.1670375	282.05160625	240.01421875	252.41470625	263.842925	222.58170625	264.91688125	269.270475	248.77758125
"ILMN_2754492"	98.146853125	101.190835625	105.1458875	139.96889375	88.5893325	90.400913125	101.78637375	100.07473	129.8673875	98.035303125	105.55965875	97.07607125	99.9682525	100.05083875	124.56819375	94.577763125
"ILMN_1238706"	161.8096	173.36885	149.091075	166.1963625	177.462375	161.63675625	157.0106375	154.898	154.3985	157.0106375	182.470475	168.80345	178.0684875	223.51984375	174.6232625	139.66160625
"ILMN_2693185"	2972.661125	3259.195875	3523.8733125	2633.7453125	3157.8791875	3107.309875	3280.8254375	2446.180375	2362.171375	3022.225125	2827.7445625	3486.6504375	2989.498	2997.8144375	2713.513	3136.9086875
"ILMN_1228590"	170.59660625	168.80345	166.55055	165.1109125	187.2342375	173.5161375	183.04915	171.546275	156.11439375	165.9051	188.95624375	156.73405625	172.53425625	154.25715625	139.335075	147.01914375
"ILMN_2732896"	247.89775	265.3193125	202.4345375	203.19638125	291.68979375	219.262125	207.8115125	218.46124375	211.085175	217.78400625	232.89545	201.05835625	292.523625	218.46124375	253.4402375	209.11500625
"ILMN_2762956"	109.12119375	147.8332625	142.63595625	133.40468125	114.797201875	131.4411375	145.29385625	145.052675	138.648125	154.01814375	129.57466875	183.76841875	106.93114625	124.98413125	130.28859375	137.01285
"ILMN_2675152"	177.3205375	177.12665625	160.77870625	206.6462875	140.758425	184.74385	178.953525	187.99031875	152.49919375	164.22484375	193.9764375	214.4501625	208.7850375	201.05835625	179.94566875	179.94566875
"ILMN_3130719"	868.26401875	758.9241125	837.33126875	951.3225875	821.23484375	853.388	864.6376	949.26629375	866.75105	787.04511875	779.2653	791.47709375	825.71355625	846.94178125	856.60740625	690.5415875
"ILMN_2747501"	536.30255	527.97433125	481.1763125	482.94526875	516.2531	562.3249125	442.4851375	517.55479375	544.1691625	501.98858125	475.17880625	500.0371625	526.9879125	471.3431875	510.3951625	464.00155
"ILMN_2666416"	323.7177875	333.84525	300.2887625	299.66855	333.38666875	297.918925	306.0933625	399.9620875	368.29223125	329.82200625	318.52400625	353.69961875	332.81544375	311.85809375	340.2664125	306.98319375
"ILMN_2730758"	1752.2866875	1467.761125	1646.2829375	1775.1008125	1442.690875	1611.9604375	1475.72125	1632.5483125	1771.0535625	1667.1086875	1582.8948125	1967.6745	1632.5483125	1622.054	1705.8923125	1656.9044375
"ILMN_2809436"	1294.01460625	1231.9370125	1307.1524375	1287.05383125	1249.08265625	1340.98901875	1143.343875	1351.6376	1313.45749375	1141.74559375	1151.0470375	1344.11956875	1133.63441875	1327.62036875	1271.32739375	1229.01768125
"ILMN_2595266"	354.1894	369.03061875	338.11564375	423.30259375	361.95381875	390.5186875	338.11564375	355.6965	312.47725625	321.67085	352.63408125	357.60513125	303.483375	329.82200625	317.90885625	288.0676125
"ILMN_2889313"	322.0296125	362.5706625	365.3517	401.43568125	292.0677	357.04663125	359.42853125	407.921325	347.93013125	391.82051875	355.6965	371.9615	297.632825	299.24785	390.08191875	326.2479375
"ILMN_1227712"	511.37675625	491.07211875	532.1498625	471.853	607.31725	483.78041875	500.0371625	465.43049375	473.54161875	536.30255	438.60104375	437.728075	544.1691625	464.00155	520.20643125	517.001575
"ILMN_1218627"	7601.73825	7321.8260625	7541.13875	7256.1364375	9593.003	7039.666875	7108.2274375	7369.15725	7980.7325625	7507.8775625	6962.8776875	6625.522875	7256.1364375	7662.624	7256.1364375	7798.0423125
"ILMN_2761046"	1241.1790375	817.69208125	1524.771125	1382.702325	1557.4691875	1378.9131875	722.7396	1364.5571875	1251.42295	1403.350275	695.53653125	1360.29693125	1107.67528125	746.36065625	1544.9056875	1222.9821
"ILMN_2734234"	223.98566875	209.5458	215.30675	203.53366875	242.07989375	218.28855	251.28089375	231.864125	226.33205	217.37595625	175.06481875	189.1305	223.75849375	197.674625	215.89776875	228.589075
"ILMN_2616000"	2224.8838125	2062.787125	2173.1679375	1870.0569375	2166.2265	2155.87075	2376.677125	1993.1465	2017.236625	2139.582875	2062.787125	2370.272375	2198.099125	2346.651625	2007.2110625	2037.483125
"ILMN_2835012"	1016.3591125	1001.74539375	868.26401875	912.4321125	938.45773125	949.26629375	1019.3040625	941.5663625	983.59676875	938.45773125	987.38626875	1007.92801875	1131.15279375	1168.38758125	1013.32305625	928.80734375
"ILMN_1243752"	1932.809875	1967.6745	1808.7046875	1541.3610625	1834.548	1799.6424375	1977.7008125	1812.4966875	1682.1164375	1733.1609375	1791.22925	2179.9375625	2041.4144375	1955.9444375	1746.5230625	1702.633625
"ILMN_2654997"	6723.2856875	7200.2993125	8047.471875	8388.05225	5909.277875	7662.624	7071.3248125	8948.2579375	7321.8260625	7419.959625	8237.6955	8388.05225	6962.8776875	8237.6955	7601.73825	7108.2274375
"ILMN_2826342"	1084.00139375	1091.7272125	1300.52404375	1283.01740625	1068.8899	1010.49423125	1047.2555875	1151.0470375	1191.13270625	1222.9821	1062.77579375	998.31044375	1105.07545625	1096.0162875	1076.3518625	1152.5140625
"ILMN_1220263"	107.761495	128.80449375	123.00808125	115.21423875	115.39087375	111.42138375	134.57726875	110.266454375	135.57924375	130.76800625	122.201485625	108.623144375	134.3388875	119.751296875	135.9188125	121.57034375
"ILMN_2591908"	192.75574375	218.7987625	241.6497	268.086125	285.64140625	233.35624375	272.65581875	279.92881875	250.96471875	258.5847125	221.9986125	273.6787	201.35433125	238.193125	298.4882625	279.37680625
"ILMN_1236845"	194.500175	168.40875625	187.2342375	172.96285	179.94566875	181.06749375	212.7093	191.1885875	195.7639125	190.5250625	204.2428625	195.7639125	202.4345375	224.4901	199.29734375	185.65298125
"ILMN_1240716"	252.41470625	210.68221875	252.41470625	279.92881875	243.5153	238.193125	252.41470625	256.12818125	265.866425	276.1121875	261.992325	304.87086875	243.19339375	311.4795	289.51720625	214.70516875
"ILMN_2646138"	5657.804625	6117.9055	5690.447375	6058.9016875	6377.3095	5772.2266875	6333.1640625	5540.2685	5909.277875	6158.776375	6685.6085625	5511.9364375	6058.9016875	6466.3218125	6058.9016875	6077.354
"ILMN_2765936"	2399.2875625	3053.95425	2160.4850625	1967.6745	2028.299	2209.1385	3147.1090625	1972.582	2269.339	2160.4850625	3330.385125	2573.4615625	2556.7989375	3188.1453125	2155.87075	2041.4144375
"ILMN_3163221"	569.26025	607.31725	607.31725	524.3188875	562.3249125	671.48030625	565.33768125	595.30204375	591.04258125	604.86969375	476.6074	575.726775	631.27063125	552.70248125	519.3563625	613.95905625
"ILMN_2663516"	1536.2146875	1560.761875	1603.8749375	1702.633625	1662.9405	1590.64425	1463.571375	1866.53925	1652.57875	1492.257625	1655.3744375	1627.8435625	1685.458625	1736.0078125	1649.251375	1780.0900625
"ILMN_1223848"	504.200175	472.5667625	526.0119625	654.55994375	477.2194	497.95498125	509.03734375	591.9939625	605.90225	550.3105375	631.27063125	519.3563625	500.0371625	603.45503125	650.46941875	540.51569375
"ILMN_2704619"	972.88915625	887.8875125	958.69609375	832.51063125	998.31044375	877.92143125	876.73246875	852.04090625	741.6727625	918.47605	831.24433125	1011.69045	880.51689375	813.95219375	795.77954375	898.15866875
"ILMN_2789346"	432.7302625	394.8399375	402.89021875	304.53516875	332.81544375	396.83708125	413.8246875	334.29151875	354.1894	262.8041375	292.9288	309.7184	352.2032125	440.4799375	378.65840625	360.18498125
"ILMN_2609654"	233.35624375	259.712775	204.77735625	196.4535	204.9632	265.3193125	244.6799375	301.81316875	261.992325	184.41938125	217.17126875	219.489875	197.674625	324.6985	251.28089375	334.72335625
"ILMN_1252121"	1251.42295	1189.44799375	1411.4146	1016.3591125	1035.1083875	1344.11956875	1226.22256875	1340.98901875	1076.3518625	1160.7844625	1036.73783125	1215.14716875	1135.11054375	1193.99459375	1005.12975	1340.98901875
"ILMN_1248125"	320.32921875	278.0741625	280.78843125	260.3836875	274.72690625	283.2316625	279.37680625	243.5153	275.1821875	370.0059125	285.64140625	299.24785	305.2121375	322.0296125	272.65581875	302.349125
"ILMN_1244836"	1799.6424375	2053.1393125	1840.8434375	1511.49525	1726.885875	1791.22925	2339.571375	1586.1915	1726.885875	1920.0846875	1949.178875	1598.1508125	1606.1010625	2119.2700625	1655.3744375	1618.8371875
"ILMN_1224162"	217.5735625	188.136525	231.2587625	213.214425	282.817125	225.05390625	190.33600625	213.7292	196.4535	266.33793125	181.9437375	237.4585875	191.773575	174.89948125	199.49650625	273.00749375
"ILMN_2635606"	133.96085625	136.65300625	131.514275	140.1623375	132.34635	125.8138	131.26336875	134.09401875	143.96694375	131.514275	157.9893375	135.78506875	157.85396875	143.5782875	157.4278125	128.74994375
"ILMN_1241909"	108.12169125	130.673325	114.09009	122.66405625	112.31941125	129.316175	98.106309375	114.21803125	117.156748125	99.374586875	129.966625	120.016961875	102.112475	111.35877875	121.84311875	110.50149375
"ILMN_2936468"	111.5830875	122.2713	115.68587625	108.12169125	106.857693125	89.0309	95.2863225	106.03756125	125.13798125	109.55938875	110.19512625	123.97418125	97.381540625	114.27682125	131.36425	122.9097875
"ILMN_1241270"	318.52400625	269.9456875	316.24873125	285.92029375	327.28765625	287.631325	269.7045375	283.7978875	300.2887625	297.00449375	305.2121375	340.85738125	274.272375	303.483375	280.3735125	273.6787
"ILMN_2944272"	313.20505625	371.23356875	271.79109375	312.47725625	235.1268	331.742525	339.82898125	271.79109375	335.20279375	308.46138125	454.06344375	303.06303125	371.23356875	460.23505	334.72335625	375.9184375
"ILMN_2428388"	214.2343125	207.070475	210.68221875	240.40243125	177.12665625	182.470475	206.6462875	247.89775	251.70985625	220.7673	234.60474375	212.0886125	189.1305	230.9218	229.4819375	212.92013125
"ILMN_1223695"	133.01849375	128.973025	140.43761875	114.8682	153.03776875	123.97418125	114.34263375	121.193045	116.73861375	139.88649375	136.1406375	102.7794925	124.8635375	124.47621875	110.50149375	132.75633125
"ILMN_1257675"	271.79109375	211.59015625	286.20885625	336.565875	328.2315625	304.87086875	311.4795	361.4595125	372.82493125	327.28765625	284.130375	218.7987625	269.9456875	382.5141125	371.23356875	354.72424375
"ILMN_2687723"	616.66825	541.9119	864.6376	756.09396875	788.10545	916.6208875	729.06335	681.76365625	750.7542125	587.318	604.86969375	496.31449375	719.327125	743.24070625	723.8065125	780.13395
"ILMN_2741737"	202.4345375	244.6799375	224.22981875	203.87181875	248.38111875	186.52754375	232.5956875	206.07911875	200.56753125	227.935725	198.0223	207.38165625	200.8762	169.58350625	198.77406875	239.43034375
"ILMN_2741738"	209.11500625	214.4501625	251.28089375	257.48868125	233.8516125	235.1268	225.5053	221.72159375	207.070475	237.218225	206.86939375	233.07575625	190.13030625	253.82809375	192.5356375	239.76948125
"ILMN_1221859"	3658.6510625	3575.4696875	3350.0475625	2876.7545	3688.003875	3832.903375	3641.6975	3061.8775625	3270.1041875	3575.4696875	3061.8775625	3513.9283125	3738.920875	2943.34825	3157.8791875	3874.252375
"ILMN_1240274"	3042.4014375	2898.0708125	3081.87775	3117.95425	3010.3569375	2912.180875	2620.036875	3330.385125	3178.6443125	3280.8254375	2601.092	3500.7405	3204.330125	2685.290625	2867.9606875	3486.6504375
"ILMN_2911454"	383.01348125	340.85738125	345.94235	375.0392	353.69961875	337.05235	390.5186875	452.6686625	374.20874375	343.43558125	391.82051875	320.71545	394.8399375	485.22894375	452.6686625	343.85986875
"ILMN_1249269"	118.641365	116.42814625	132.5155125	139.66160625	106.433465625	115.60705875	109.23587625	142.7377625	162.7807125	117.6579425	181.06749375	131.6764125	132.75633125	142.50945	149.85671875	101.68944375
"ILMN_2697766"	300.74229375	354.1894	305.2121375	319.46595	293.25979375	280.3735125	310.246	387.69631875	370.0059125	318.52400625	398.07675625	257.7532375	284.130375	396.83708125	421.2821375	288.99533125
"ILMN_2624862"	221.3074625	231.864125	187.50133125	281.146125	230.04545625	267.13753125	234.60474375	303.06303125	259.10086875	247.3329875	245.1670375	294.35015	335.6156625	270.64926875	273.2488625	232.89545
"ILMN_2688721"	324.21904375	296.226525	343.43558125	306.98319375	360.18498125	304.0222125	297.632825	299.24785	293.25979375	332.3091625	319.967375	360.73080625	316.24873125	347.0615875	295.6369875	322.0296125
"ILMN_2655163"	117.501056875	115.68587625	138.648125	110.772369375	148.40835	111.47907375	150.8209875	127.41805625	127.41805625	118.36620625	111.35877875	121.47113125	123.52100625	141.99598125	142.81923125	121.66337125
"ILMN_3136789"	190.72886875	191.38894375	216.43915625	189.8980875	199.49650625	204.60563125	205.100125	204.60563125	210.68221875	198.521375	208.96401875	206.86939375	239.43034375	213.37485	170.97615	197.9066
"ILMN_2722769"	176.3861875	212.7093	210.89266875	178.7428125	181.50995	192.5356375	181.50995	177.462375	193.2644875	197.24515625	204.430875	195.197125	192.278725	191.38894375	212.92013125	179.18690625
"ILMN_2662316"	140.1623375	144.96089375	144.66973125	127.95043125	142.7377625	130.673325	159.54588125	118.091490625	127.65724375	126.4920875	121.979066875	126.27369375	140.758425	129.66274375	154.6688625	133.67243125
"ILMN_1225876"	232.5956875	170.34245625	167.144325	221.4735125	174.1694	211.83433125	218.7987625	180.16739375	189.54376875	203.03711875	179.33101875	179.94566875	182.34723125	212.0886125	196.21144375	187.2342375
"ILMN_2764019"	2952.272375	2586.7810625	3513.9283125	3523.8733125	2777.01275	2898.0708125	2370.272375	3575.4696875	3081.87775	2867.9606875	2586.7810625	2876.7545	2724.67725	2697.970125	3169.1403125	2876.7545
"ILMN_2598571"	417.99370625	471.3431875	406.37385625	264.726425	481.1763125	415.2649625	423.7890375	343.85986875	362.5706625	441.69970625	384.07974375	425.568775	408.96751875	325.7995625	338.11564375	402.89021875
"ILMN_2726174"	279.92881875	306.5607625	337.58796875	336.03175625	272.1875125	328.2315625	327.28765625	337.58796875	367.63785625	310.246	328.66174375	351.802	373.83311875	330.808375	346.77544375	300.74229375
"ILMN_2724719"	1105.07545625	1151.0470375	1101.52970625	936.8659625	1199.44966875	1112.35626875	1027.40008125	1049.3454625	1133.63441875	1231.9370125	1116.99195625	1175.58714375	1122.60583125	1099.7499	1053.60926875	1126.4124125
"ILMN_1242011"	165.72133125	165.9051	187.666425	202.13511875	143.487075	166.65600625	165.550775	183.04915	164.9723375	158.4774	161.63675625	168.26489375	168.9639625	149.091075	169.13246875	146.19573125
"ILMN_3149218"	178.5072375	193.79353125	204.430875	185.65298125	220.2211625	190.5250625	189.54376875	168.9639625	170.59660625	187.666425	203.7036375	162.95665	182.93705625	177.462375	202.7597125	160.51105
"ILMN_1213573"	468.2711	558.66334375	477.2194	549.745325	466.54915	512.6917	518.84098125	565.33768125	532.1498625	558.66334375	616.66825	551.37678125	510.3951625	529.98285	498.9142875	508.08930625
"ILMN_3070533"	497.33415625	536.30255	520.20643125	586.2167	532.1498625	515.20924375	545.32123125	501.98858125	526.0119625	522.952875	557.66410625	462.26758125	504.200175	598.88335625	537.29075625	477.2194
"ILMN_3049778"	119.077958125	148.0812	95.0343675	98.67127	95.24287875	128.0214625	152.14845	104.9048225	101.150828125	93.7726	135.6653625	120.935578125	150.98616875	124.21180625	107.0977375	95.778200625
"ILMN_3125764"	285.64140625	334.29151875	113.06367625	115.550273125	152.14845	277.5543625	281.61061875	149.98421875	214.70516875	153.6196125	334.29151875	276.7179375	329.82200625	383.61483125	149.37121875	166.65600625
"ILMN_1259610"	174.89948125	170.08375625	183.4160875	196.21144375	164.784175	167.4655125	163.3029625	188.136525	208.0264875	195.9714875	177.12665625	180.51763125	188.136525	168.6341	213.7292	217.17126875
"ILMN_2599739"	367.63785625	366.8555625	383.61483125	639.13488125	357.60513125	396.19555625	379.2877125	668.77444375	649.38925625	327.88030625	508.08930625	431.70553125	421.2821375	591.04258125	574.73696875	350.7310625
"ILMN_2959253"	648.31620625	534.0548125	453.2523375	469.8672	564.52480625	596.12970625	549.745325	478.04355	516.2531	482.94526875	485.22894375	634.0563625	697.83648125	556.671325	491.68241875	471.853
"ILMN_2755981"	1662.9405	1485.7453125	1611.9604375	2002.9741875	1278.73228125	1440.297625	1378.9131875	2028.299	1929.466625	1522.2485625	1891.157125	1702.633625	1440.297625	1847.5744375	2091.78225	1499.3388125
"ILMN_2713879"	146.50975625	156.84261875	172.16496875	178.5072375	157.0106375	193.043575	183.2611375	184.6136125	176.3861875	181.9437375	150.98616875	162.05531875	168.80345	183.2611375	189.1305	162.95665
"ILMN_2684300"	1901.829125	1677.8181875	2022.4721875	2062.787125	2216.556375	2041.4144375	1752.2866875	1963.29175	1963.29175	1972.582	1859.828	1996.4138125	1967.6745	1996.4138125	1977.7008125	1929.466625
"ILMN_1234301"	132.15846875	191.1885875	188.136525	155.40856875	153.28154375	182.68725625	179.535125	193.64621875	139.335075	185.65298125	158.1595375	210.41654375	173.5161375	175.06481875	160.64474375	203.87181875
"ILMN_2752618"	1327.62036875	1413.26638125	1082.82698125	998.31044375	1217.45435625	1166.056025	1367.22803125	861.38474375	1021.6953125	1114.94431875	1213.42171875	1143.343875	1241.1790375	1195.67565	936.8659625	1005.12975
"ILMN_1221225"	130.618125	123.00808125	127.324075	107.4668875	149.37121875	116.42814625	135.9188125	124.98413125	93.881330625	127.4777875	119.441101875	121.050814375	138.7328625	121.31494125	85.848698125	96.7686425
"ILMN_1233478"	260.77003125	240.981925	273.2488625	295.02664375	264.48115	270.9667	261.22823125	278.0741625	254.99205625	271.464275	269.270475	274.272375	236.45716875	273.2488625	290.00418125	238.79714375
"ILMN_2888375"	175.18576875	188.95624375	198.521375	198.2510125	193.79353125	215.89776875	196.4535	155.12285	176.03235625	204.9632	229.14716875	176.2277625	205.445	163.950325	181.06749375	236.042125
"ILMN_2642517"	611.2885125	647.47771875	560.39495	657.20195625	420.8278625	628.72353125	700.8844	600.65928125	686.72390625	541.17865	758.9241125	607.31725	680.34566875	599.761	656.07823125	558.66334375
"ILMN_1213736"	722.7396	595.30204375	554.9542375	631.27063125	436.54803125	609.15739375	641.70960625	645.9289125	691.93594375	671.48030625	671.48030625	666.07275	677.40323125	672.850275	694.11808125	663.6307
"ILMN_2685023"	127.19753125	107.80975375	136.82820625	129.08156875	101.68944375	142.93508125	127.41805625	108.7976625	141.65965625	117.419678125	113.809328125	113.472058125	135.78506875	109.23587625	126.65243125	109.33107875
"ILMN_2729235"	760.016675	824.58231875	800.71358125	811.5633125	791.47709375	730.3635	654.55994375	811.5633125	744.6064125	721.739725	733.2854375	808.31851875	687.98139375	757.63383125	760.016675	788.10545
"ILMN_2592187"	199.49650625	185.65298125	188.95624375	204.0442375	172.01880625	194.1203625	151.7689375	234.09353125	206.07911875	189.54376875	191.1885875	171.7086875	204.60563125	194.500175	175.81434375	167.4655125
"ILMN_2704715"	1081.4379875	989.583825	1472.9005	1415.3043625	1226.22256875	1003.6911625	1005.12975	1426.4050625	1172.46564375	1265.327025	940.56146875	898.15866875	800.71358125	1105.07545625	1411.4146	1131.15279375
"ILMN_2930850"	130.673325	135.78506875	154.01814375	141.81609375	139.43243125	124.1470375	158.796875	225.68436875	154.53503125	136.65300625	135.283975	150.15854375	130.866825	148.0812	183.97743125	158.1595375
"ILMN_2765080"	1032.07013125	1143.343875	1168.38758125	1055.98661875	1195.67565	1135.11054375	1011.69045	1168.38758125	1050.24421875	1178.06565	1091.7272125	1027.40008125	1065.3506625	955.7568875	1261.6343125	1113.83363125
"ILMN_1234698"	312.47725625	399.9620875	352.63408125	310.246	287.631325	314.1618625	323.7177875	316.916175	341.4254	359.42853125	349.45023125	330.808375	315.46180625	272.1875125	336.565875	366.36539375
"ILMN_2875169"	237.06363125	285.92029375	213.214425	207.8115125	224.8225	263.842925	291.68979375	200.8762	232.5956875	220.013025	275.1821875	256.83043125	259.99785	246.03025	222.58170625	221.0247
"ILMN_2834294"	149.65268125	120.6827425	144.82524375	127.90001875	168.80345	145.16591875	141.65965625	147.8332625	143.0773	170.8125875	155.25068125	130.47956875	160.96233125	127.74073125	147.54801875	142.43964375
"ILMN_2869623"	197.9066	202.7597125	194.2811375	175.18576875	246.59630625	187.666425	219.72244375	193.2644875	186.352	198.77406875	199.49650625	201.61073125	185.65298125	192.5356375	181.50995	199.49650625
"ILMN_3006575"	145.48405	140.758425	161.63675625	148.0812	116.67468125	160.0477875	133.86773125	156.6076	151.51890625	137.78745625	140.62593125	132.0691125	158.796875	118.36620625	127.19753125	152.8813125
"ILMN_1228426"	135.18933125	150.37110625	151.51890625	158.36090625	132.69996875	147.95994375	110.50149375	144.1759875	151.97038125	161.8096	141.65965625	136.82820625	151.87925625	137.78745625	164.106975	174.34795
"ILMN_1224487"	435.80354375	364.3113375	379.2877125	430.71465	299.24785	406.37385625	415.83955625	432.2625375	388.7899	394.35784375	350.7310625	388.32369375	419.42740625	379.2877125	389.2009	397.3154375
"ILMN_2728021"	338.11564375	301.81316875	300.04139375	323.31540625	364.7329125	345.1946	250.96471875	310.58943125	280.3735125	303.06303125	243.5153	318.90009375	296.62184375	249.7243	304.0222125	292.9288
"ILMN_3161819"	135.57924375	148.85370625	141.65965625	131.36425	171.86004375	148.6497	120.495390625	137.78745625	156.84261875	124.1470375	149.98421875	126.65243125	141.81609375	150.98616875	133.96085625	128.0214625
"ILMN_2760691"	160.96233125	148.76030625	149.98421875	134.81919375	181.34725625	154.6688625	168.6341	140.62593125	167.7780125	165.1109125	152.8813125	160.0477875	204.2428625	149.98421875	176.6034375	157.9893375
"ILMN_2612513"	3357.9559375	3357.9559375	3169.1403125	2586.7810625	3270.1041875	3136.9086875	3294.2288125	2665.720625	2563.022875	3226.965	2979.4065	3169.1403125	3357.9559375	2439.68675	2647.688375	3178.6443125
"ILMN_2671366"	654.55994375	746.36065625	640.4643375	694.11808125	618.6698125	665.10776875	635.1811875	978.18965625	667.4936	649.38925625	564.52480625	654.55994375	610.14373125	802.1467375	738.7639375	719.327125
"ILMN_2740494"	690.5415875	630.12605	630.12605	665.10776875	747.50439375	674.1961875	663.6307	637.9178125	657.20195625	738.7639375	630.12605	699.4288	702.784375	515.20924375	675.5408125	817.69208125
"ILMN_2644238"	315.86405	326.2479375	317.23864375	370.0059125	352.63408125	358.12875	358.75925625	323.31540625	327.28765625	331.742525	363.284225	292.0677	321.374625	322.47270625	333.84525	323.7177875
"ILMN_2735766"	314.5734875	356.33750625	304.0222125	306.0933625	311.04834375	330.808375	334.72335625	293.51820625	283.2316625	313.20505625	296.226525	332.81544375	265.66158125	265.866425	285.15369375	311.04834375
"ILMN_2774267"	373.83311875	350.04360625	324.21904375	391.82051875	354.72424375	318.1763625	351.3019	311.4795	363.284225	284.130375	405.55344375	415.83955625	361.4595125	388.32369375	379.2877125	295.6369875
"ILMN_2684397"	152.60274375	147.01914375	130.47956875	126.98818125	137.48125	133.10364375	164.784175	142.50945	144.0709875	148.6497	130.15226875	161.41156875	175.5692	159.77998125	130.96285	138.06913125
"ILMN_1239411"	160.51105	149.65268125	163.14453125	168.40875625	127.19753125	149.98421875	143.5782875	159.21589375	194.1203625	167.7780125	154.25715625	143.86384375	156.24549375	165.3524875	170.8125875	158.6116875
"ILMN_2728255"	193.64621875	185.5211625	195.9714875	200.8762	206.6462875	197.9066	162.2762625	186.8385125	159.40914375	192.278725	182.93705625	172.16496875	170.34245625	185.1210875	178.953525	176.3861875
"ILMN_2731379"	176.03235625	134.26451875	166.1963625	148.40835	147.8332625	137.3925375	142.50945	154.98025625	144.40739375	194.2811375	133.495475	174.1694	150.57566875	140.53864375	144.5738125	179.535125
"ILMN_3109491"	4823.556375	3890.9494375	5156.838125	6333.1640625	4236.6	4186.928375	4038.2773125	6001.081	5065.319625	5657.804625	3948.7111875	4281.1286875	4126.3891875	4107.2114375	5349.3264375	4904.36175
"ILMN_2599214"	375.0392	276.1121875	389.2009	221.9986125	472.5667625	411.14406875	319.46595	224.4901	280.78843125	333.84525	324.6985	235.1268	446.63266875	421.97100625	269.7045375	343.43558125
"ILMN_2691567"	204.77735625	192.278725	227.7343625	243.81895	279.37680625	254.39213125	211.32431875	226.33205	227.41956875	218.28855	225.68436875	220.013025	200.56753125	171.1804625	234.25645625	245.65989375
"ILMN_1223546"	549.745325	509.03734375	458.2919125	388.32369375	468.2711	521.22874375	573.3738625	400.88299375	464.7328625	553.2030125	591.04258125	564.52480625	621.7679875	506.55626875	396.83708125	556.671325
"ILMN_2893471"	171.86004375	159.54588125	185.29855625	178.953525	165.1109125	173.97199375	188.35061875	166.79903125	160.2164375	165.72133125	176.2277625	204.9632	214.4501625	195.7639125	176.90374375	170.59660625
"ILMN_1234054"	230.35183125	233.603175	246.3669	227.935725	192.5356375	231.864125	201.84556875	219.489875	221.9986125	255.4534625	216.5864875	240.981925	212.3307375	170.8125875	200.69875625	266.81874375
"ILMN_2634349"	338.59659375	342.73308125	292.9288	342.21289375	314.5734875	343.85986875	324.6985	287.631325	306.0933625	277.1950625	375.0392	308.46138125	340.85738125	350.04360625	318.52400625	274.272375
"ILMN_1217060"	719.327125	726.5232875	611.2885125	600.65928125	508.08930625	615.13665625	743.24070625	640.4643375	668.77444375	642.9729	715.899675	702.784375	585.5234625	620.91896875	586.2167	636.37033125
"ILMN_1219375"	228.589075	273.6787	238.79714375	227.41956875	242.38804375	253.82809375	235.1268	207.38165625	220.5396375	224.4901	221.3074625	249.017375	226.8536625	197.4835875	229.14716875	222.58170625
"ILMN_3011719"	624.3748875	757.63383125	845.3110625	740.36884375	726.5232875	811.5633125	647.47771875	725.467375	753.616675	819.45544375	769.31840625	756.09396875	829.13074375	710.8884375	743.24070625	730.3635
"ILMN_2609182"	140.9277875	128.10186875	158.1595375	151.3138125	155.9893625	131.16729375	130.618125	130.76800625	153.6196125	156.24549375	131.6764125	111.16054875	106.576385	107.433851875	150.57566875	144.5738125
"ILMN_1232821"	481.1763125	479.1273375	462.26758125	498.9142875	497.33415625	450.69689375	446.63266875	461.68015625	612.15998125	561.45229375	511.8949625	471.3431875	439.987375	532.87104375	517.55479375	578.90990625
"ILMN_2691781"	335.6156625	305.47679375	385.809775	383.01348125	383.61483125	335.20279375	297.28149375	409.58745625	369.49314375	348.39780625	304.0222125	429.70605625	330.29816875	331.23381875	363.284225	364.7329125
"ILMN_1232235"	237.89168125	236.042125	266.33793125	226.33205	230.55338125	231.52921875	245.44033125	189.3455875	212.92013125	237.89168125	221.0247	240.01421875	249.7243	206.07911875	198.2510125	227.09825
"ILMN_2688257"	247.56793125	237.89168125	315.46180625	206.07911875	297.28149375	207.070475	268.4554125	203.87181875	234.09353125	298.4882625	219.262125	205.752275	227.41956875	208.0264875	216.21751875	346.44023125
"ILMN_2885123"	287.631325	297.632825	398.07675625	240.01421875	387.69631875	230.04545625	324.21904375	236.042125	261.22823125	443.24934375	283.7978875	234.60474375	233.603175	338.97425625	265.3193125	426.13781875
"ILMN_2747792"	196.4535	246.3669	285.15369375	243.19339375	258.2902125	217.17126875	242.07989375	253.4402375	229.4819375	358.75925625	251.70985625	211.83433125	180.16739375	246.82248125	242.98343125	284.130375
"ILMN_2764974"	142.50945	125.8138	134.02605	117.718086875	109.12119375	127.90001875	108.97616625	114.593608125	117.2339	116.632200625	120.40136625	113.85569125	137.48125	112.883929375	121.979066875	87.4023875
"ILMN_1225014"	252.9415	254.99205625	253.4402375	388.7899	273.2488625	254.18753125	273.00749375	299.66855	263.46951875	252.9415	333.38666875	285.92029375	227.09825	297.918925	261.22823125	261.66200625
"ILMN_2620583"	2497.0566875	2746.322625	2461.7744375	2339.571375	1977.7008125	2482.9536875	2277.43625	2657.6830625	2814.803375	2202.8358125	2489.4524375	2768.0050625	2418.3295	2310.01975	2556.7989375	2346.651625
"ILMN_1227699"	134.3388875	153.8966625	126.27369375	138.27471875	106.336995	131.88230625	139.43243125	169.86830625	185.29855625	149.98421875	248.38111875	117.5803575	158.9071625	200.1890875	184.74385	124.47621875
"ILMN_2602538"	124.6612875	132.4452375	132.6169625	119.751296875	130.96285	126.73568125	123.36474375	129.8673875	124.79509375	131.26336875	129.316175	119.820021875	123.00808125	117.718086875	115.795108125	135.6653625
"ILMN_2958417"	4645.4514375	4729.1003125	4523.228	4986.7503125	5232.6154375	4879.8963125	4645.4514375	5208.2486875	5603.8941875	4823.556375	4596.538125	4926.7780625	5010.6171875	4645.4514375	5097.3593125	4765.8735
"ILMN_2706857"	3388.5791875	3375.6960625	3306.58425	3701.24375	3598.82025	3280.8254375	3523.8733125	3902.69575	3781.0464375	3457.957875	3584.8085	3457.957875	3469.855625	3350.0475625	3948.7111875	3523.8733125
"ILMN_2668886"	262.8041375	243.5153	285.92029375	241.45310625	259.10086875	310.58943125	230.55338125	272.65581875	300.04139375	249.017375	227.935725	291.026025	344.74945	249.017375	264.726425	278.54705625
"ILMN_2614853"	671.48030625	744.6064125	680.34566875	554.9542375	627.34338125	645.9289125	840.94978125	526.9879125	663.6307	770.86421875	726.5232875	674.1961875	760.016675	654.55994375	654.55994375	793.70504375
"ILMN_1245250"	200.1890875	187.666425	180.31404375	201.05835625	136.65300625	182.93705625	199.73144375	261.992325	191.55401875	182.470475	204.9632	241.6497	172.01880625	220.2211625	231.864125	224.22981875
"ILMN_2609052"	3442.0161875	3738.920875	3128.8241875	2898.0708125	3306.58425	2697.970125	3538.4080625	3022.225125	2705.3735625	3081.87775	2884.703625	3343.441125	3061.8775625	2657.6830625	2777.01275	2867.9606875
"ILMN_2837195"	1330.8783	1226.22256875	1752.2866875	1749.6379375	1452.8455	1423.8325	1175.58714375	1794.4246875	1784.87	1541.3610625	1528.8106875	1318.56764375	1183.43249375	1346.2142	1524.771125	1601.1688125
"ILMN_2837189"	1818.694625	1726.885875	2497.0566875	2461.7744375	2031.236625	1929.466625	1518.4934375	2150.2455	2325.9018125	2209.1385	1920.0846875	1876.826625	1718.3888125	1667.1086875	2362.171375	1859.828
"ILMN_1245721"	182.34723125	192.5356375	191.93235625	174.34795	216.43915625	204.430875	207.070475	166.39635	150.25461875	216.21751875	180.51763125	158.796875	186.352	187.50133125	177.12665625	204.9632
"ILMN_2635348"	537.29075625	540.51569375	626.51121875	558.66334375	568.59338125	524.3188875	525.1207875	563.2545375	561.45229375	557.66410625	546.9559125	524.3188875	537.29075625	587.318	532.1498625	547.94208125
"ILMN_1245131"	334.72335625	366.36539375	366.8555625	339.82898125	328.66174375	338.97425625	337.58796875	420.8278625	399.33398125	345.1946	361.4595125	378.65840625	352.63408125	394.35784375	363.70033125	380.52413125
"ILMN_2963017"	163.3029625	182.68725625	145.761225	147.95994375	154.98025625	152.49919375	157.85396875	150.37110625	142.63595625	135.57924375	174.6232625	102.750368125	155.89431875	142.7377625	171.3909	134.7069375
"ILMN_2625094"	329.34705625	314.9708375	351.802	357.04663125	321.374625	344.74945	276.7179375	376.416275	346.77544375	281.61061875	277.5543625	328.2315625	337.58796875	293.88715625	423.30259375	263.16635625
"ILMN_2894211"	1577.6735	2190.5333125	2112.686125	2072.523875	1986.81125	1050.24421875	2198.099125	1739.1569375	1594.2024375	1670.214625	2943.34825	729.06335	1125.43935625	3330.385125	1759.0605	1397.06798125
"ILMN_2604263"	132.69996875	109.99626625	116.786333125	121.979066875	121.84311875	112.623793125	119.751296875	114.8682	127.74073125	134.09401875	114.8682	113.25763875	133.01849375	110.653024375	122.9097875	122.57942625
"ILMN_1232530"	5740.3068125	5740.3068125	5511.9364375	4864.437875	5603.8941875	5511.9364375	5563.0125625	4823.556375	4904.36175	5954.9835625	5540.2685	5387.1456875	5875.1608125	5033.8555	4492.6698125	6117.9055
"ILMN_2647553"	153.15165	175.5692	149.65268125	226.57635	131.07861875	162.7807125	160.36623125	210.41654375	213.9903875	160.96233125	250.96471875	170.59660625	148.85370625	242.68321875	215.12844375	128.9028625
"ILMN_2822000"	223.75849375	223.75849375	274.272375	157.0106375	226.33205	200.3612125	247.3329875	147.3033375	188.95624375	173.757825	264.48115	191.1885875	187.99031875	341.4254	154.3985	130.673325
"ILMN_2636624"	111.820041875	116.286911875	140.9277875	91.233155625	123.419725	102.643799375	108.0135675	84.65079625	114.8682	93.71092125	139.88649375	123.252375	110.100755625	154.898	95.37609625	79.823475
"ILMN_1256463"	845.3110625	772.2590125	710.8884375	681.76365625	866.75105	727.81856875	891.9621375	754.67213125	791.47709375	704.218775	707.5388	672.850275	852.04090625	618.6698125	628.72353125	583.35471875
"ILMN_2686407"	621.7679875	579.673675	585.5234625	551.37678125	620.91896875	545.32123125	543.3096125	603.45503125	581.90118125	539.6588	534.0548125	585.5234625	517.001575	569.26025	511.8949625	576.9724625
"ILMN_2960214"	511.8949625	554.9542375	574.73696875	531.27466875	615.13665625	510.3951625	558.66334375	570.901275	515.20924375	591.04258125	634.0563625	466.0927	588.19000625	635.1811875	527.97433125	446.63266875
"ILMN_2910020"	125.99110625	132.28085	111.754379375	129.316175	105.4081325	120.7926525	127.4777875	125.909375	137.9687625	141.99598125	131.07861875	132.69996875	119.751296875	121.66337125	100.29913625	145.88445
"ILMN_1254386"	398.07675625	440.4799375	429.70605625	354.72424375	410.83665	426.70765	419.42740625	381.57836875	331.742525	354.72424375	395.40934375	469.8672	440.4799375	347.93013125	319.967375	414.57105
"ILMN_2657031"	175.06481875	175.06481875	162.05531875	159.68008125	127.37516875	180.51763125	174.34795	151.87925625	166.79903125	185.99401875	190.5250625	171.1804625	183.04915	182.470475	181.9437375	180.16739375
"ILMN_3138222"	259.99785	252.9415	247.1646875	295.6369875	221.9986125	278.54705625	261.66200625	238.193125	245.1670375	255.85755625	251.28089375	249.7243	250.43120625	236.2630125	270.9667	249.017375
"ILMN_2718356"	133.1910875	138.06913125	125.55423125	141.33224375	121.47113125	137.25285	119.441101875	154.53503125	145.39879375	127.37516875	136.82820625	146.337125	130.0706125	128.74994375	152.7725125	153.6196125
"ILMN_2718350"	119.588936875	122.81610625	139.571175	130.618125	152.60274375	123.52100625	121.906201875	128.1820625	132.92771875	138.20509375	99.249181875	134.26451875	117.501056875	131.88230625	130.673325	135.04935625
"ILMN_1255780"	113.85569125	125.0645625	121.66337125	132.69996875	142.3190875	136.65300625	122.201485625	112.932385	113.904466875	156.11439375	125.8138	111.110415625	125.3855125	116.34778375	110.19512625	103.0800575
"ILMN_1224021"	125.8138	104.22243125	93.495723125	128.0214625	103.537685625	107.4668875	108.8338675	129.966625	142.13395625	99.9682525	104.251956875	110.70946125	103.690725	135.04935625	122.7431125	129.4622
"ILMN_2724194"	135.9188125	169.459175	160.0477875	136.1406375	131.6764125	137.87319375	226.8536625	151.3138125	149.739125	134.57726875	193.043575	151.10538125	157.0106375	172.01880625	145.88445	122.107636875
"ILMN_1213055"	663.6307	624.3748875	645.9289125	565.33768125	610.14373125	639.13488125	704.218775	549.745325	576.9724625	652.8076625	553.2030125	626.51121875	710.8884375	597.8765375	602.364075	667.4936
"ILMN_2872639"	898.15866875	895.183675	1005.12975	985.8463875	983.59676875	903.69043125	753.616675	1032.07013125	965.448975	928.80734375	912.4321125	913.892975	805.34804375	793.70504375	912.4321125	971.06836875
"ILMN_2949217"	132.4452375	130.28859375	121.47113125	130.5351625	115.795108125	138.06913125	123.69855625	129.57466875	141.99598125	147.8332625	123.916625	151.6387125	148.2553875	126.27369375	109.17301125	148.0812
"ILMN_1217235"	535.41675	565.9701	617.6719875	570.901275	642.9729	556.671325	603.45503125	610.14373125	568.59338125	658.75748125	464.00155	679.33685625	636.37033125	578.90990625	551.37678125	821.23484375
"ILMN_1233304"	721.739725	660.9562125	822.8856875	864.6376	958.69609375	722.7396	598.88335625	889.52394375	868.26401875	856.60740625	573.3738625	825.71355625	721.739725	608.093875	812.943	835.47774375
"ILMN_2593484"	2325.9018125	2160.4850625	2526.8005	2247.425625	2876.7545	2354.48075	2160.4850625	2399.2875625	2190.5333125	2517.37275	2339.571375	2002.9741875	2295.03325	2112.686125	2295.03325	2150.2455
"ILMN_2688607"	12136.5934375	13513.015	10885.485125	11891.49075	10028.724375	11274.7985625	13965.5400625	10686.61875	11009.9565	11435.2999375	13172.297875	11185.0796875	11733.567375	12961.611375	10276.904625	11435.2999375
"ILMN_3002571"	139.96889375	163.77671875	143.0773	149.55910625	153.43323125	167.95834375	128.1820625	148.40835	151.399775	148.0812	122.2713	140.1623375	150.8209875	134.09401875	151.51890625	113.525783125
"ILMN_2663996"	133.10364375	112.07261625	123.8031125	107.70206875	141.65965625	137.9687625	105.03876125	96.57280125	104.63404625	144.82524375	115.018353125	127.37516875	140.9277875	141.81609375	109.812659375	129.8673875
"ILMN_1242435"	241.17445	242.98343125	208.0264875	225.5053	196.4535	218.46124375	227.09825	275.1821875	268.93265	212.3307375	334.72335625	231.52921875	211.085175	260.3836875	237.4585875	218.7987625
"ILMN_1223102"	217.17126875	224.8225	167.6348	198.77406875	231.52921875	190.13030625	173.1867	201.84556875	154.01814375	193.48036875	159.21589375	236.45716875	199.985175	199.49650625	201.84556875	211.32431875
"ILMN_2799590"	458.2919125	444.7976625	422.79503125	449.20795	453.2523375	439.987375	451.87211875	402.89021875	451.2888375	451.87211875	373.83311875	426.13781875	430.2709875	387.19616875	439.987375	412.90525625
"ILMN_1225191"	2238.3295	2017.236625	1920.0846875	2295.03325	2277.43625	2325.9018125	2007.2110625	2046.6180625	2084.294625	2053.1393125	2053.1393125	2155.87075	2028.299	1649.251375	2099.771	1996.4138125
"ILMN_2756704"	6927.059125	6927.059125	9126.596	10381.7305625	7662.624	7321.8260625	6998.21	9936.6240625	10381.7305625	8388.05225	7943.6365	7860.3515625	6998.21	7256.1364375	10493.2706875	8751.5815
"ILMN_1237546"	726.5232875	852.04090625	944.844025	1492.257625	746.36065625	769.31840625	938.45773125	1371.79743125	1463.571375	875.69781875	1191.13270625	774.34953125	891.9621375	1059.94405	1382.702325	985.8463875
"ILMN_2607972"	506.55626875	462.26758125	515.20924375	417.18845625	438.60104375	476.6074	450.69689375	351.802	364.3113375	454.8536125	386.5043625	525.1207875	488.4622375	393.53711875	378.055575	449.20795
"ILMN_1225859"	198.521375	180.892275	205.445	219.262125	214.2343125	239.43034375	182.470475	194.84985625	182.68725625	186.8385125	186.96800625	192.0934625	202.7597125	195.57435625	186.96800625	200.1890875
"ILMN_2754054"	141.65965625	133.10364375	141.4040875	151.6387125	136.3514	151.6387125	150.67323125	141.91661875	131.98764375	136.433125	130.5351625	127.19753125	176.6034375	127.073225	144.66973125	147.8332625
"ILMN_2757006"	330.29816875	363.284225	351.3019	448.44150625	344.2765125	381.0655875	351.802	383.61483125	421.2821375	379.94990625	417.99370625	307.8985375	432.7302625	397.6639875	474.41370625	374.20874375
"ILMN_2889120"	127.4777875	117.156748125	136.72255	160.77870625	139.335075	127.073225	145.052675	132.69996875	163.14453125	136.3514	147.16050625	127.65724375	159.40914375	139.571175	171.1804625	164.420575
"ILMN_2686975"	1945.120625	1775.1008125	1794.4246875	1771.0535625	2119.2700625	1881.095125	1722.9694375	1759.0605	1907.0588125	1967.6745	1780.0900625	2062.787125	1847.5744375	1712.9796875	1852.93025	2224.8838125
"ILMN_1253761"	255.85755625	249.35498125	311.04834375	232.89545	288.99533125	232.20605625	254.18753125	246.3669	258.5847125	254.99205625	238.193125	272.1875125	245.44033125	259.10086875	211.59015625	272.1875125
"ILMN_2633062"	354.72424375	241.81903125	387.19616875	446.63266875	249.7243	338.11564375	281.146125	348.8210375	437.247825	303.483375	316.916175	285.15369375	311.04834375	416.80261875	443.24934375	298.8011875
"ILMN_2603958"	116.218871875	107.92169	124.47621875	128.3261875	122.107636875	118.22448625	114.27682125	126.65243125	103.537685625	108.0135675	131.26336875	154.3985	129.66274375	106.03756125	113.369824375	112.38875
"ILMN_2662192"	211.085175	225.5053	208.5434125	181.9437375	225.68436875	224.22981875	263.46951875	198.0223	205.445	225.68436875	174.34795	216.5864875	229.79181875	214.4501625	191.0212875	215.89776875
"ILMN_1259747"	288.69434375	207.61158125	332.81544375	444.228375	308.46138125	316.24873125	274.72690625	483.78041875	492.73689375	299.66855	265.66158125	321.374625	302.8226125	282.05160625	379.94990625	318.52400625
"ILMN_2644161"	993.4776625	1084.00139375	1160.7844625	1045.07010625	1294.01460625	1093.46354375	963.9681375	1027.40008125	995.0393375	1159.489775	1145.2287125	972.88915625	991.44575625	1076.3518625	967.52325625	1089.68374375
"ILMN_2775402"	147.3033375	130.5351625	135.283975	116.99381875	168.1026125	133.592925	127.324075	132.4452375	119.63838875	143.0773	132.85836875	117.785030625	117.718086875	119.9140375	134.4111125	109.812659375
"ILMN_2816547"	441.69970625	401.43568125	405.55344375	334.72335625	424.72686875	449.20795	449.20795	361.95381875	340.2664125	396.83708125	364.3113375	411.7634625	445.96159375	355.2402	343.85986875	394.8399375
"ILMN_2721460"	546.0745625	691.93594375	610.14373125	667.4936	563.2545375	592.887675	554.9542375	709.83329375	723.8065125	618.6698125	642.9729	609.15739375	615.13665625	649.38925625	695.53653125	649.38925625
"ILMN_1218915"	218.7987625	245.1670375	209.11500625	285.64140625	212.3307375	209.84545	185.29855625	204.2428625	242.68321875	167.4655125	254.69883125	269.9456875	198.2510125	224.8225	244.6799375	204.60563125
"ILMN_2692554"	2674.5666875	2601.092	2705.3735625	2912.180875	2053.1393125	2517.37275	2383.52925	3033.5199375	2854.01125	2601.092	2952.272375	2339.571375	2234.3534375	2912.180875	2633.7453125	2399.2875625
"ILMN_2594128"	2777.01275	2912.180875	2918.745375	3294.2288125	2614.077125	2724.67725	2526.8005	2918.745375	2827.7445625	3070.3590625	2788.859125	3204.330125	2961.6290625	2972.661125	3128.8241875	2930.197
"ILMN_2757019"	173.757825	199.73144375	196.94810625	228.589075	194.500175	156.73405625	180.51763125	178.953525	186.8385125	175.06481875	207.61158125	207.61158125	149.98421875	189.8980875	194.500175	225.68436875
"ILMN_1238679"	1199.44966875	1160.7844625	1051.49076875	1096.0162875	1638.7200625	1222.9821	1076.3518625	1023.99141875	1040.3809625	1268.02655	949.26629375	1154.7735125	1243.66574375	1098.0628125	1068.8899	1251.42295
"ILMN_1230043"	1876.826625	1710.0408125	2289.2633125	2202.8358125	2392.535375	2057.710125	1920.0846875	2166.2265	2041.4144375	2133.6043125	1771.0535625	1886.0055625	1682.1164375	1836.439375	2269.339	2099.771
"ILMN_2746123"	2017.236625	2078.4186875	2469.6346875	1852.93025	2041.4144375	1780.0900625	1955.9444375	1852.93025	1667.1086875	2037.483125	1764.57425	1945.120625	1803.9235625	1791.22925	1829.01725	1726.885875
"ILMN_2694346"	161.63675625	166.55055	172.01880625	146.0836625	134.89888125	138.539325	128.9028625	121.979066875	116.67468125	164.106975	103.490705625	162.7807125	119.441101875	109.377595	119.63838875	128.973025
"ILMN_2607608"	2259.2845625	2255.1854375	1986.81125	1972.582	2545.5605	2112.686125	2259.2845625	2072.523875	1993.1465	2469.6346875	2370.272375	2277.43625	2513.31325	2099.771	2424.1591875	1920.0846875
"ILMN_2607609"	2476.0315625	2641.2374375	2179.9375625	2370.272375	2593.8493125	2362.171375	2461.7744375	2325.9018125	2497.0566875	2563.022875	2607.5470625	2418.3295	2657.6830625	2607.5470625	2705.3735625	2383.52925
"ILMN_2604358"	231.864125	233.8516125	249.7243	292.523625	213.37485	250.11290625	215.89776875	234.60474375	218.28855	253.4402375	250.11290625	242.68321875	256.83043125	260.77003125	219.02440625	249.35498125
"ILMN_1236413"	155.73429375	134.09401875	110.621724375	132.6169625	115.018353125	118.036201875	125.7254	129.66274375	129.966625	113.904466875	194.2811375	140.33279375	150.67323125	205.445	146.19573125	98.87792
"ILMN_2752597"	153.03776875	133.495475	131.88230625	135.9188125	151.399775	123.59584375	145.88445	122.107636875	114.4196525	121.127618125	142.43964375	133.40468125	122.107636875	119.36188375	136.1406375	132.28085
"ILMN_2752600"	176.6034375	227.7343625	211.085175	210.41654375	270.3889125	229.79181875	227.41956875	204.0442375	211.32431875	222.806	190.33600625	222.806	244.0659875	217.37595625	199.078225	234.60474375
"ILMN_1215884"	846.94178125	692.751325	625.61735625	752.51255625	621.7679875	713.8766125	907.256775	514.38961875	630.12605	526.0119625	800.71358125	494.461675	657.20195625	831.24433125	720.15905625	554.9542375
"ILMN_2751354"	419.42740625	448.44150625	518.84098125	470.640325	421.97100625	441.69970625	414.57105	488.4622375	460.78855625	481.95138125	469.8672	452.6686625	397.3154375	473.54161875	430.71465	491.07211875
"ILMN_1253746"	144.66973125	126.9317625	116.286911875	115.795108125	141.99598125	124.6612875	140.43761875	136.3514	115.46431875	126.1241625	155.73429375	114.913556875	147.3033375	144.40739375	120.242454375	140.62593125
"ILMN_2758459"	149.85671875	126.40724375	125.13798125	142.50945	97.258434375	140.53864375	137.87319375	141.65965625	165.72133125	120.089904375	163.950325	160.36623125	164.6086125	181.06749375	150.37110625	150.67323125
"ILMN_2962041"	119.36188375	102.89138625	105.4081325	106.22930625	121.2497075	106.539691875	127.37516875	107.92169	106.777164375	114.8682	138.539325	107.0977375	118.285725	86.491131875	96.051245625	103.7664425
"ILMN_1244077"	513.767075	486.8490375	391.17670625	377.56054375	335.20279375	459.12235	529.98285	335.20279375	383.01348125	423.30259375	404.1772625	439.27714375	466.0927	466.54915	357.04663125	355.2402
"ILMN_1236993"	1528.8106875	1489.162	1422.125375	1544.9056875	1632.5483125	1428.524	1553.8566875	1551.11575	1426.4050625	1330.8783	1397.06798125	1278.73228125	1338.7863	1455.159625	1467.761125	1378.9131875
"ILMN_2618329"	1338.7863	1411.4146	1405.81893125	1590.64425	1627.8435625	1418.5795625	1618.8371875	1428.524	1340.98901875	1483.54425	1495.3311875	1307.1524375	1314.895575	1178.06565	1340.98901875	1445.528
"ILMN_2592010"	4472.218125	4807.5564375	3688.003875	3558.081875	4169.9660625	4430.0370625	5266.1386875	3676.100625	3761.2193125	3917.42275	4089.44975	4026.5495625	4841.1090625	4321.2529375	3749.341625	4169.9660625
"ILMN_2904819"	3874.252375	3725.17475	3010.3569375	3350.0475625	3357.9559375	4009.490375	3814.110625	3523.8733125	3612.062	3042.4014375	3714.1604375	4009.490375	3852.391	4089.44975	3523.8733125	3188.1453125
"ILMN_1253452"	2614.077125	2713.513	2674.5666875	2814.803375	2827.7445625	2556.7989375	2898.0708125	3010.3569375	3204.330125	2854.01125	2476.0315625	2295.03325	2768.0050625	2453.9114375	2827.7445625	2884.703625
"ILMN_2684279"	754.67213125	813.95219375	772.2590125	925.6917125	876.73246875	835.47774375	692.751325	815.414375	856.60740625	877.92143125	793.70504375	871.08569375	877.92143125	725.467375	848.62478125	949.26629375
"ILMN_2517060"	1050.24421875	1051.49076875	1243.66574375	1351.6376	1138.998875	1082.82698125	1036.73783125	1207.328275	1017.39125625	1186.45541875	1074.1825625	853.388	963.9681375	1007.92801875	1107.67528125	967.52325625
"ILMN_2739195"	130.15226875	128.54684375	137.57098125	114.27682125	119.274784375	135.9188125	122.107636875	128.4515375	116.0685975	132.34635	135.78506875	108.361553125	136.9274375	118.091490625	131.514275	123.52100625
"ILMN_2857095"	96.35991375	109.597521875	89.422923125	93.96392375	100.926916875	106.384805625	129.26061875	99.1049025	108.693495625	126.048375	129.26061875	97.4501625	131.514275	111.42138375	111.16054875	111.862495625
"ILMN_1260001"	370.4164625	403.70125625	326.664175	296.62184375	266.33793125	365.858425	331.23381875	311.85809375	420.8278625	309.7184	394.35784375	517.001575	398.71056875	428.95229375	354.72424375	307.39310625
"ILMN_2749383"	134.26451875	137.57098125	132.28085	122.107636875	123.59584375	124.98413125	113.809328125	122.0390925	106.26182125	106.03756125	115.39087375	141.65965625	117.6579425	107.80975375	113.85569125	99.76100375
"ILMN_2665889"	934.17030625	967.52325625	963.9681375	1042.00929375	1047.2555875	1005.12975	947.76564375	1035.1083875	1135.11054375	1045.07010625	947.76564375	925.6917125	1028.589375	886.03111875	987.38626875	1057.93018125
"ILMN_3158937"	254.39213125	343.43558125	277.5543625	250.11290625	356.33750625	258.01679375	254.69883125	268.93265	252.9415	247.56793125	299.66855	252.9415	252.12685	222.806	233.07575625	320.148296875
"ILMN_1213026"	2150.2455	1949.178875	1755.344625	1752.2866875	1859.828	1963.29175	1911.486125	1808.7046875	1803.9235625	1881.095125	2084.294625	1829.01725	2155.87075	1980.6018125	1710.0408125	1812.4966875
"ILMN_1231971"	684.94580625	637.9178125	871.08569375	696.56115	658.75748125	777.27234375	616.66825	644.6966625	811.5633125	761.4475375	667.4936	645.9289125	756.09396875	674.1961875	696.56115	824.58231875
"ILMN_2707088"	319.46595	343.85986875	356.33750625	334.29151875	297.632825	316.916175	355.2402	304.0222125	311.85809375	335.6156625	389.2009	334.29151875	330.808375	334.72335625	375.0392	377.12295625
"ILMN_1247118"	1649.251375	1638.7200625	1746.5230625	1847.5744375	1752.2866875	1649.251375	1866.53925	1901.829125	1656.9044375	1618.8371875	1963.29175	1743.4195	1963.29175	1818.694625	1866.53925	1632.5483125
"ILMN_2962095"	131.07861875	158.6116875	150.67323125	118.8443075	162.44010625	148.40835	183.97743125	140.758425	152.60274375	133.1910875	116.67468125	135.9188125	159.03290625	143.487075	93.1594875	162.56773125
"ILMN_1256695"	164.22484375	146.19573125	164.106975	160.36623125	158.6116875	149.23314375	182.08051875	153.8966625	135.4736125	163.77671875	159.77998125	141.217025	172.96285	155.25068125	155.25068125	163.47545
"ILMN_3001135"	138.648125	117.718086875	140.27619375	115.39087375	136.9274375	113.618420625	126.65243125	109.913100625	109.55938875	135.38901875	128.74994375	128.973025	115.917260625	126.9317625	89.309653125	143.3203125
"ILMN_1237114"	125.13798125	109.70716625	122.107636875	108.741045	121.127618125	126.55820625	142.43964375	108.506135625	108.461024375	109.70716625	117.12237875	102.144533125	122.57942625	99.9682525	93.651581875	109.70716625
"ILMN_2864906"	213.37485	227.935725	203.35528125	212.0886125	240.74000625	221.3074625	244.0659875	229.4819375	223.51984375	259.10086875	213.9903875	203.19638125	214.70516875	223.98566875	204.0442375	210.68221875
"ILMN_2694767"	240.74000625	230.55338125	236.042125	233.603175	242.68321875	228.20060625	229.14716875	241.45310625	240.5617625	245.65989375	198.521375	225.05390625	230.04545625	254.69883125	214.2343125	205.100125
"ILMN_2623886"	924.120075	1059.94405	971.06836875	1313.45749375	1258.5084875	919.9506125	1013.32305625	1274.3487	1116.99195625	980.09125	989.583825	951.3225875	1025.38715	944.844025	1103.4479	932.8508625
"ILMN_2766493"	323.31540625	319.46595	357.60513125	445.36558125	419.42740625	326.664175	335.6156625	451.87211875	402.19800625	325.7995625	358.12875	279.37680625	297.918925	342.21289375	429.70605625	322.47270625
"ILMN_1256175"	553.2030125	521.22874375	546.9559125	584.41195	449.74499375	529.98285	519.3563625	529.98285	565.9701	509.03734375	515.81448125	513.767075	515.20924375	522.952875	538.19415625	431.14796875
"ILMN_2767322"	349.45023125	331.742525	355.2402	331.23381875	311.4795	347.93013125	288.69434375	303.483375	340.85738125	312.7602	297.918925	286.827325	341.75748125	349.45023125	350.04360625	252.718175
"ILMN_1218131"	258.01679375	251.28089375	272.1875125	279.37680625	239.21446875	264.91688125	234.25645625	272.1875125	253.82809375	245.1670375	265.3193125	260.3836875	273.6787	273.00749375	270.64926875	236.45716875
"ILMN_2869139"	250.671775	246.82248125	239.21446875	264.48115	259.712775	265.66158125	219.262125	240.74000625	292.0677	244.29798125	258.2902125	228.20060625	237.218225	251.70985625	241.81903125	212.7093
"ILMN_1220132"	250.43120625	271.79109375	234.25645625	253.4402375	244.0659875	247.56793125	209.34676875	261.66200625	252.12685	257.03089375	268.93265	252.718175	232.89545	274.272375	273.00749375	227.41956875
"ILMN_2754220"	381.0655875	338.97425625	397.6639875	344.2765125	343.85986875	418.747925	310.58943125	366.8555625	318.52400625	403.70125625	284.8685125	375.9184375	401.43568125	300.2887625	332.81544375	421.97100625
"ILMN_2601453"	3714.1604375	3543.0768125	3701.24375	3388.5791875	3169.1403125	3375.6960625	3416.61325	3937.3581875	3513.9283125	4141.8938125	3725.17475	4430.0370625	3343.441125	3457.957875	3457.957875	3658.6510625
"ILMN_2839745"	378.65840625	367.63785625	449.74499375	404.8501	431.14796875	458.2919125	336.03175625	434.19785	479.1273375	481.1763125	307.39310625	510.3951625	452.6686625	340.85738125	445.36558125	437.728075
"ILMN_2601525"	1812.4966875	1870.0569375	1872.962125	1949.178875	1911.486125	1852.93025	1649.251375	1929.466625	1852.93025	1797.0263125	1755.344625	2053.1393125	1780.0900625	1840.8434375	1799.6424375	1829.01725
"ILMN_1221418"	689.13815625	792.59404375	744.6064125	611.2885125	640.4643375	715.899675	725.467375	697.83648125	727.81856875	791.47709375	719.327125	813.95219375	748.7588125	788.9523625	639.13488125	741.6727625
"ILMN_2668178"	999.9892375	1035.1083875	998.31044375	1006.582575	864.6376	880.51689375	843.49291875	908.87373125	1091.7272125	944.844025	891.9621375	1074.1825625	729.06335	787.04511875	831.24433125	840.94978125
"ILMN_2719097"	371.9615	374.20874375	503.36816875	341.4254	437.728075	423.30259375	426.13781875	436.54803125	378.055575	428.38743125	216.43915625	271.464275	421.97100625	277.5543625	322.95923125	427.64664375
"ILMN_1238309"	4569.2170625	4204.1001875	5772.2266875	6377.3095	4605.5571875	4507.455375	4445.070125	5875.1608125	6764.837125	4926.7780625	4708.9626875	3688.003875	4107.2114375	5540.2685	6859.5449375	4492.6698125
"ILMN_2760211"	864.6376	987.38626875	852.04090625	781.69595	766.45550625	1006.582575	918.47605	792.59404375	932.8508625	695.53653125	998.31044375	974.65268125	845.3110625	1159.489775	798.8415625	725.467375
"ILMN_1238094"	650.46941875	717.49173125	570.901275	623.23298125	584.41195	656.07823125	669.51221875	544.1691625	672.850275	510.3951625	689.13815625	700.8844	545.32123125	767.94165	610.14373125	489.3833625
"ILMN_2591651"	567.74780625	645.9289125	532.87104375	501.98858125	579.673675	662.1849625	605.90225	492.73689375	575.726775	504.200175	699.4288	668.77444375	637.9178125	756.09396875	505.03666875	492.403675
"ILMN_2800881"	829.13074375	859.087225	791.47709375	940.56146875	913.892975	813.95219375	842.2797125	845.3110625	884.5969875	802.1467375	898.15866875	863.02495	831.24433125	913.892975	835.47774375	797.94845625
"ILMN_2706421"	183.5885	172.36616875	175.38233125	169.13246875	199.73144375	179.78310625	187.50133125	186.96800625	172.53425625	199.078225	201.35433125	179.78310625	189.77638125	196.21144375	226.8536625	172.53425625
"ILMN_2758300"	863.02495	854.99735625	725.467375	780.13395	754.67213125	758.9241125	958.69609375	831.24433125	944.844025	850.88728125	902.18765625	916.6208875	808.31851875	861.38474375	898.15866875	940.56146875
"ILMN_1257788"	344.74945	281.61061875	255.4534625	307.39310625	294.35015	244.29798125	214.2343125	264.48115	295.02664375	283.2316625	245.65989375	324.21904375	244.6799375	229.79181875	282.44331875	256.83043125
"ILMN_1212632"	138.27471875	132.34635	130.76800625	134.48510625	123.69855625	105.296793125	128.80449375	145.39879375	140.33279375	129.316175	120.242454375	144.2734875	122.66405625	113.06367625	136.65300625	112.52499375
"ILMN_2596421"	235.7126625	248.38111875	190.5250625	172.71671875	223.75849375	199.29734375	232.20605625	178.23885625	185.99401875	208.96401875	297.632825	232.20605625	177.786475	190.72886875	178.0684875	200.69875625
"ILMN_1258136"	222.3505375	213.214425	235.7126625	243.5153	210.41654375	225.30408125	233.603175	247.1646875	252.718175	227.7343625	236.2630125	221.3074625	216.43915625	242.38804375	257.03089375	218.46124375
"ILMN_1232760"	137.3925375	126.27369375	123.916625	123.8031125	134.3388875	134.02605	132.15846875	130.15226875	118.777301875	137.3925375	124.1470375	128.9028625	134.09401875	134.48510625	123.916625	124.56819375
"ILMN_3159866"	239.21446875	254.69883125	232.5956875	178.395625	233.603175	241.81903125	268.3302125	216.0453	177.462375	274.272375	188.136525	258.01679375	259.42550625	218.7987625	213.37485	271.79109375
"ILMN_1243810"	155.25068125	162.56773125	170.8125875	143.70768125	136.72255	121.382654375	156.84261875	120.40136625	145.88445	143.70768125	145.29385625	151.3138125	130.36976875	140.62593125	152.35095	160.36623125
"ILMN_2649610"	145.16591875	153.15165	165.3524875	157.73433125	149.23314375	146.337125	139.96889375	137.9687625	124.56819375	143.5782875	159.40914375	145.16591875	147.16050625	139.88649375	122.66405625	154.6688625
"ILMN_3080410"	233.07575625	231.52921875	233.35624375	225.30408125	208.7850375	233.8516125	208.96401875	197.4835875	230.55338125	304.53516875	172.53425625	210.0105125	252.9415	224.22981875	180.77294375	228.20060625
"ILMN_2627774"	121.31494125	118.22448625	108.693495625	107.867986875	115.550273125	128.1820625	131.4411375	119.63838875	110.100755625	121.84311875	132.4452375	115.21423875	131.6764125	123.59584375	129.316175	117.95385375
"ILMN_2637105"	193.9764375	236.796525	219.489875	200.1890875	198.2510125	211.085175	195.197125	198.2510125	230.35183125	197.674625	204.60563125	211.085175	214.2343125	243.5153	220.013025	202.4345375
"ILMN_1244726"	247.3329875	244.29798125	191.38894375	246.59630625	188.95624375	213.37485	280.3735125	208.5434125	230.04545625	192.5356375	277.1950625	230.04545625	230.55338125	285.15369375	207.61158125	216.5864875
"ILMN_1237234"	645.9289125	619.8589375	692.751325	721.739725	634.0563625	588.19000625	574.73696875	750.7542125	680.34566875	757.63383125	628.72353125	627.34338125	564.52480625	613.95905625	721.739725	631.27063125
"ILMN_2749382"	519.3563625	524.3188875	593.84244375	641.70960625	573.3738625	520.20643125	474.41370625	569.26025	497.95498125	602.364075	589.02404375	556.671325	506.55626875	512.6917	631.27063125	598.88335625
"ILMN_1242542"	124.98413125	123.97418125	128.74994375	133.747825	122.57942625	110.3359825	146.84636875	114.04221125	130.28859375	127.073225	123.59584375	116.912251875	129.316175	141.0830875	137.7085625	137.25285
"ILMN_2691832"	271.464275	338.11564375	365.858425	333.84525	278.920525	293.25979375	299.66855	352.63408125	322.47270625	350.04360625	317.90885625	277.1950625	282.05160625	325.1303125	302.8226125	347.4346
"ILMN_2601705"	634.0563625	313.20505625	537.29075625	518.84098125	553.2030125	404.1772625	501.98858125	420.2250875	541.9119	610.14373125	351.3019	241.17445	532.87104375	697.83648125	403.70125625	555.8922625
"ILMN_2901131"	128.6563625	111.35877875	117.718086875	127.41805625	122.66405625	109.913100625	122.475746875	121.31494125	128.54684375	135.78506875	114.797201875	97.53588375	139.66160625	109.2781775	119.077958125	120.495390625
"ILMN_1256668"	425.568775	344.74945	374.20874375	430.2709875	432.7302625	379.94990625	325.1303125	634.0563625	326.664175	356.33750625	331.23381875	514.38961875	351.802	321.10474375	465.43049375	428.38743125
"ILMN_1236553"	155.40856875	136.433125	153.28154375	141.60225625	149.85671875	144.1759875	180.892275	152.35095	155.12285	140.27619375	154.6688625	133.96085625	162.2762625	143.0773	165.9051	151.7689375
"ILMN_3140913"	209.5458	185.99401875	184.6136125	203.35528125	221.72159375	217.78400625	199.078225	212.3307375	208.96401875	236.042125	201.61073125	208.31810625	240.5617625	176.2277625	220.5396375	172.96285
"ILMN_1246992"	1784.87	1759.0605	1784.87	1886.0055625	1722.9694375	1662.9405	1577.6735	2017.236625	1955.9444375	2105.761875	1812.4966875	1847.5744375	1818.694625	1771.0535625	1749.6379375	2002.9741875
"ILMN_2633030"	169.72580625	155.9893625	168.1026125	162.44010625	157.4278125	155.89431875	148.6497	163.47545	150.15854375	181.34725625	135.9188125	155.73429375	157.1186375	163.14453125	176.3861875	150.98616875
"ILMN_1232341"	160.2164375	161.63675625	161.25703125	149.85671875	144.82524375	144.66973125	146.9227125	133.01849375	126.55820625	142.43964375	148.85370625	166.1963625	125.13798125	128.3261875	163.3029625	137.7085625
"ILMN_2655803"	337.05235	348.39780625	307.8985375	316.24873125	312.7602	329.82200625	355.6965	276.7179375	273.00749375	311.04834375	309.12840625	301.23424375	304.0222125	293.51820625	331.23381875	333.84525
"ILMN_2873174"	376.416275	380.52413125	386.5043625	383.61483125	367.63785625	352.63408125	437.247825	373.83311875	338.11564375	369.49314375	435.80354375	376.416275	437.728075	384.07974375	428.38743125	398.07675625
"ILMN_2725155"	4879.8963125	3598.82025	4623.8029375	6210.4018125	3368.0494375	4472.218125	3343.441125	5010.6171875	4645.4514375	3612.062	3917.42275	4904.36175	3968.61275	4141.8938125	4321.2529375	3968.61275
"ILMN_2624977"	175.38233125	177.922875	215.89776875	189.3455875	149.65268125	150.8209875	128.54684375	166.07181875	177.922875	162.44010625	182.34723125	179.535125	158.6116875	184.41938125	183.5885	172.01880625
"ILMN_2638511"	136.72255	154.01814375	169.459175	121.47113125	158.4774	172.01880625	160.96233125	130.0706125	134.09401875	161.25703125	150.25461875	173.1867	144.82524375	149.37121875	138.4033875	164.6086125
"ILMN_2776271"	199.985175	247.56793125	202.7597125	189.1305	238.45175625	194.2811375	186.52754375	174.764125	124.7353875	188.54851875	149.23314375	192.75574375	155.40856875	150.67323125	177.3205375	152.49919375
"ILMN_1229688"	1378.9131875	1268.02655	1274.3487	1178.06565	1166.056025	1426.4050625	1297.6508375	972.88915625	889.52394375	1197.66168125	1101.52970625	1590.64425	1287.05383125	1180.604725	968.64079375	1138.998875
"ILMN_2616556"	134.48510625	121.050814375	98.9647525	113.25763875	160.96233125	128.9028625	159.21589375	141.0830875	120.242454375	132.4452375	141.4040875	86.3778	159.68008125	136.9274375	138.20509375	143.487075
"ILMN_1219067"	207.8115125	229.4819375	203.53366875	206.86939375	176.3861875	205.2870625	222.3505375	204.430875	187.99031875	211.32431875	211.83433125	189.77638125	219.489875	238.45175625	218.46124375	197.674625
"ILMN_2731197"	216.21751875	217.17126875	206.6462875	212.3307375	195.57435625	215.30675	221.4735125	203.53366875	210.0105125	239.43034375	225.05390625	206.6462875	214.87058125	231.2587625	223.24974375	225.5053
"ILMN_1234519"	173.1867	202.13511875	172.96285	183.2611375	180.16739375	177.922875	231.864125	163.14453125	147.8332625	172.16496875	182.08051875	166.79903125	184.41938125	169.459175	165.550775	145.16591875
"ILMN_2962575"	147.652575	157.85396875	141.81609375	126.27369375	151.2095	159.03290625	140.9277875	143.3203125	140.27619375	143.192725	141.81609375	136.65300625	133.29675	145.16591875	152.14845	172.71671875
"ILMN_1255757"	156.11439375	148.2553875	144.2734875	152.49919375	157.85396875	152.8813125	191.55401875	144.40739375	122.0390925	122.399984375	147.3033375	143.0773	148.53309375	152.60274375	164.9723375	143.96694375
"ILMN_2648034"	124.7353875	143.70768125	138.27471875	157.61219375	134.4111125	147.54801875	117.6579425	128.74994375	147.16050625	128.0214625	142.50945	137.7085625	128.4515375	114.21803125	122.0390925	141.4040875
"ILMN_2646411"	454.06344375	457.3322875	426.13781875	351.802	390.08191875	561.45229375	476.6074	386.5043625	408.38614375	354.1894	475.9832625	539.6588	427.64664375	487.7655125	416.80261875	334.29151875
"ILMN_2710429"	124.3063625	155.40856875	138.06913125	120.6827425	129.26061875	149.37121875	148.76030625	153.15165	131.16729375	129.4622	137.3925375	135.57924375	151.2095	132.85836875	138.539325	131.514275
"ILMN_3121784"	216.43915625	203.35528125	176.6034375	208.7850375	198.521375	220.013025	165.72133125	250.96471875	254.69883125	191.93235625	257.03089375	242.07989375	221.3074625	206.3916875	203.35528125	177.67216875
"ILMN_2650115"	99.788094375	133.67243125	121.84311875	95.9232675	123.36474375	131.26336875	153.28154375	99.76100375	136.3514	135.283975	95.9232675	108.19444375	138.9933875	108.461024375	134.48510625	183.04915
"ILMN_2734855"	2166.2265	2105.761875	1915.526625	1712.9796875	1764.57425	2247.425625	1980.6018125	1557.4691875	1544.9056875	1677.8181875	1603.8749375	2209.1385	1788.49725	1553.8566875	1415.3043625	1881.095125
"ILMN_2620799"	155.55105625	181.81199375	163.950325	190.33600625	148.979125	171.546275	142.63595625	187.2342375	194.84985625	176.90374375	176.6034375	180.16739375	199.49650625	137.25285	179.33101875	169.58350625
"ILMN_2712878"	142.20985	151.2095	141.33224375	127.65724375	136.433125	128.54684375	145.761225	136.1406375	154.898	162.56773125	153.7817875	118.70487875	130.28859375	155.55105625	133.86773125	167.7780125
"ILMN_1250618"	212.7093	164.420575	170.34245625	233.8516125	126.73568125	156.419675	184.41938125	164.420575	216.5864875	128.10186875	140.33279375	149.37121875	175.38233125	258.2902125	213.214425	141.99598125
"ILMN_1241151"	7039.666875	7726.9431875	7798.0423125	9175.445125	6859.5449375	6764.837125	8150.200625	8847.706625	10276.904625	7321.8260625	8847.706625	5909.277875	6927.059125	7860.3515625	9740.1449375	9839.07575
"ILMN_2593694"	3558.081875	3796.905625	4009.490375	4729.1003125	3714.1604375	3676.100625	4204.1001875	4789.1378125	5127.310375	3749.341625	4126.3891875	3612.062	3368.0494375	3890.9494375	4807.5564375	5097.3593125
"ILMN_1224980"	800.71358125	811.5633125	677.40323125	475.17880625	684.94580625	856.60740625	838.76995	652.8076625	593.84244375	659.7359625	608.093875	753.616675	696.56115	640.4643375	599.761	668.77444375
"ILMN_2602630"	1870.0569375	1743.4195	1528.8106875	1891.157125	1643.147375	2017.236625	1643.147375	1674.5379375	1775.1008125	1702.633625	1911.486125	1901.829125	1920.0846875	1911.486125	1764.57425	1775.1008125
"ILMN_2711772"	97.87695375	103.323853125	104.11592875	100.75261875	95.60482	114.453108125	105.25211625	112.488049375	123.00808125	118.091490625	82.237481875	106.539691875	107.80975375	104.963735	163.47545	131.59916875
"ILMN_1232280"	204.0442375	189.1305	180.16739375	191.1885875	182.68725625	233.07575625	209.5458	183.2611375	197.4835875	197.4835875	167.144325	188.95624375	192.5356375	198.77406875	203.7036375	198.2510125
"ILMN_2899022"	230.04545625	245.65989375	268.4554125	234.25645625	279.92881875	258.2902125	237.4585875	239.76948125	219.02440625	230.35183125	223.05815	250.96471875	248.38111875	239.76948125	268.3302125	230.9218
"ILMN_1223523"	149.23314375	143.487075	142.81923125	129.57466875	159.21589375	159.68008125	151.2095	141.52035625	136.5366125	134.02605	156.6076	142.13395625	137.3925375	127.56598125	125.63270625	139.335075
"ILMN_2637930"	254.99205625	242.38804375	285.64140625	210.0105125	268.93265	248.77758125	250.671775	254.99205625	197.9066	290.51439375	208.5434125	244.6799375	246.59630625	229.14716875	226.33205	246.03025
"ILMN_2752234"	1017.39125625	974.65268125	1143.343875	1141.74559375	932.8508625	915.080925	955.7568875	1006.582575	958.69609375	1017.39125625	976.43411875	1079.6510625	898.15866875	1032.07013125	996.23235625	871.08569375
"ILMN_1224855"	1638.7200625	1611.9604375	1674.5379375	1791.22925	1340.98901875	1834.548	1268.02655	1911.486125	1859.828	1759.0605	1712.9796875	1643.147375	1649.251375	1618.8371875	1881.095125	1949.178875
"ILMN_2913989"	16217.518125	17329.62125	17329.62125	14392.26875	17044.609375	18760.23	17583.018125	14129.805625	13513.015	17329.62125	15117.95875	15936.1675	17329.62125	15645.155625	14129.805625	17044.609375
"ILMN_2637956"	188.35061875	182.08051875	172.53425625	171.3909	182.93705625	153.43323125	173.36885	178.0684875	161.1169625	152.7725125	139.74475	164.22484375	194.2811375	153.03776875	158.4774	170.08375625
"ILMN_2876015"	1243.66574375	1963.29175	1423.8325	1344.11956875	1231.9370125	1261.6343125	1870.0569375	1283.01740625	1415.3043625	1291.7907625	1797.0263125	1346.2142	1268.02655	1915.526625	1314.895575	1285.26755625
"ILMN_2876010"	1047.2555875	1460.8476875	1065.3506625	962.397525	999.9892375	972.88915625	1449.6651875	868.26401875	1128.37155625	1062.77579375	1418.5795625	1021.6953125	1053.60926875	1577.6735	1006.582575	1219.9291875
"ILMN_1214441"	120.089904375	166.1963625	133.10364375	144.1759875	139.74475	109.55938875	172.16496875	122.399984375	110.653024375	129.4002375	166.962625	144.5738125	169.58350625	146.0836625	104.998863125	161.8096
"ILMN_2590771"	132.5155125	181.2290125	145.29385625	142.43964375	130.76800625	131.76215	259.712775	179.94566875	154.25715625	159.40914375	201.84556875	147.8332625	157.73433125	172.71671875	132.34635	156.6076
"ILMN_1245813"	445.36558125	605.90225	440.4799375	426.70765	411.14406875	437.728075	686.72390625	418.747925	448.44150625	471.853	641.70960625	418.747925	454.06344375	735.2436125	404.1772625	478.57549375
"ILMN_1230489"	1197.66168125	1193.99459375	1458.951875	1670.214625	1314.895575	1186.45541875	1149.43653125	1563.7163125	1579.5619375	1338.7863	1499.3388125	1403.350275	1278.73228125	1378.9131875	1611.9604375	1385.86663125
"ILMN_2612564"	168.40875625	205.2870625	166.39635	217.17126875	165.3524875	175.38233125	203.53366875	169.58350625	188.35061875	181.06749375	198.77406875	181.2290125	198.77406875	160.51105	158.796875	190.13030625
"ILMN_2738031"	243.5153	305.2121375	243.81895	248.38111875	234.8745	234.25645625	311.85809375	243.19339375	233.07575625	269.9456875	239.21446875	242.38804375	263.46951875	204.2428625	256.12818125	313.6639875
"ILMN_2728118"	1515.313875	1551.11575	1261.6343125	1367.22803125	1016.3591125	1569.15675	1541.3610625	1105.07545625	1563.7163125	1195.67565	1531.424875	1929.466625	1702.633625	1415.3043625	1283.01740625	1489.162
"ILMN_2743155"	126.40724375	122.9097875	133.747825	119.588936875	162.7807125	145.61169375	128.4515375	116.141575	105.518506875	118.22448625	128.4515375	132.34635	118.777301875	161.8096	128.973025	112.263464375
"ILMN_3160592"	259.10086875	237.06363125	217.78400625	182.68725625	206.07911875	221.72159375	208.0264875	197.674625	236.796525	216.8480125	238.79714375	249.35498125	233.8516125	208.7850375	230.35183125	195.7639125
"ILMN_1250922"	140.43761875	127.74073125	151.399775	129.966625	165.550775	138.20509375	146.19573125	143.5782875	121.31494125	144.0709875	160.2164375	132.75633125	118.641365	161.25703125	133.592925	144.66973125
"ILMN_2727980"	166.962625	159.21589375	155.12285	146.66913125	157.1186375	168.26489375	199.49650625	146.0836625	147.41726875	174.6232625	121.66337125	151.399775	159.77998125	151.51890625	159.03290625	164.22484375
"ILMN_3160750"	110.841521875	105.207913125	130.673325	119.441101875	144.5738125	122.475746875	112.435805	126.73568125	136.72255	116.85027375	99.0767325	119.173605625	103.592393125	121.050814375	133.40468125	115.60705875
"ILMN_2656645"	333.84525	322.95923125	334.72335625	405.55344375	294.6525125	348.8210375	319.967375	385.17415	353.18153125	384.07974375	355.2402	310.246	312.47725625	354.72424375	411.14406875	307.8985375
"ILMN_1254067"	792.59404375	788.10545	647.47771875	595.30204375	651.891225	770.86421875	827.55881875	576.9724625	607.31725	644.6966625	729.06335	682.994525	747.50439375	669.51221875	613.95905625	695.53653125
"ILMN_1219077"	1563.7163125	1616.6285625	1351.6376	1408.44643125	1042.00929375	1547.57	1733.1609375	1327.62036875	1660.214375	1175.58714375	1656.9044375	1667.1086875	1705.8923125	1788.49725	1515.313875	1170.59585625
"ILMN_1234172"	4038.2773125	4054.2248125	3948.7111875	3781.0464375	5511.9364375	4038.2773125	4305.6294375	3725.17475	3543.0768125	4009.490375	3612.062	3330.385125	4026.5495625	4054.2248125	3627.76525	4068.588375
"ILMN_3059135"	105.712236875	113.7471975	130.2182625	118.777301875	117.95385375	135.283975	126.3300625	130.673325	102.308838125	122.66405625	116.912251875	119.9140375	105.607609375	132.15846875	120.935578125	116.528839375
"ILMN_3136355"	226.8536625	249.017375	263.16635625	268.3302125	237.4585875	216.5864875	287.631325	290.00418125	273.2488625	242.38804375	269.7045375	210.68221875	252.718175	211.59015625	268.93265	261.22823125
"ILMN_2606136"	340.2664125	294.35015	260.77003125	294.35015	291.026025	282.44331875	305.47679375	229.79181875	245.44033125	251.70985625	231.864125	254.39213125	299.66855	258.5847125	213.9903875	260.3836875
"ILMN_2610899"	1255.65941875	1276.95708125	1241.1790375	1112.35626875	1116.99195625	1231.9370125	1274.3487	1255.65941875	1285.26755625	1314.895575	1310.47486875	1193.99459375	1195.67565	1351.6376	1193.99459375	1135.11054375
"ILMN_2685873"	163.14453125	153.7817875	158.36090625	131.88230625	141.81609375	133.01849375	132.92771875	145.48405	152.8813125	178.5072375	139.571175	152.14845	132.5155125	151.87925625	143.3203125	150.25461875
"ILMN_3008733"	1479.4730625	1255.65941875	1515.313875	1445.528	1495.3311875	1348.9208375	1217.45435625	1472.9005	1499.3388125	1508.6094375	1243.66574375	1483.54425	1245.9268375	1418.5795625	1528.8106875	1423.8325
"ILMN_2708877"	4926.7780625	4403.614	4986.7503125	4789.1378125	4186.928375	4683.3188125	4186.928375	5156.838125	4864.437875	5179.0949375	4445.070125	5156.838125	4765.8735	4457.1559375	4904.36175	5010.6171875
"ILMN_1243564"	227.41956875	268.4554125	220.5396375	217.37595625	207.070475	196.94810625	208.5434125	216.21751875	208.31810625	243.81895	212.7093	245.44033125	181.9437375	203.87181875	241.45310625	225.30408125
"ILMN_2686898"	489.3833625	481.1763125	506.55626875	428.38743125	497.95498125	471.3431875	451.2888375	513.767075	450.69689375	506.55626875	486.8490375	424.72686875	479.1273375	500.9488875	449.20795	399.9620875
"ILMN_1253601"	222.58170625	255.85755625	237.06363125	165.72133125	217.37595625	236.2630125	231.52921875	199.73144375	211.83433125	233.8516125	233.8516125	268.086125	263.842925	179.78310625	196.7706	256.12818125
"ILMN_2949021"	13513.015	13965.5400625	13718.9189375	15645.155625	11542.181125	14129.805625	15117.95875	15117.95875	15936.1675	13965.5400625	16217.518125	14973.883125	14639.404375	16589.97125	15377.3975	14639.404375
"ILMN_3127491"	171.3909	173.97199375	154.6688625	127.74073125	132.92771875	165.550775	194.500175	146.19573125	140.43761875	179.78310625	143.96694375	136.2780625	143.0773	152.7725125	140.9277875	135.38901875
"ILMN_1234981"	3902.69575	3714.1604375	4141.8938125	4236.6	4263.7541875	3761.2193125	3725.17475	3701.24375	3749.341625	3781.0464375	4107.2114375	4107.2114375	3761.2193125	3796.905625	3852.391	4026.5495625
"ILMN_1258394"	2255.1854375	1936.8555625	1780.0900625	1829.01725	2022.4721875	2173.1679375	2084.294625	1712.9796875	1936.8555625	1945.120625	1945.120625	2259.2845625	2146.17425	2160.4850625	1836.439375	2112.686125
"ILMN_2876302"	196.7706	206.3916875	158.4774	178.23885625	197.4835875	196.7706	168.9639625	181.81199375	180.77294375	157.4278125	179.94566875	218.46124375	200.1890875	216.43915625	162.56773125	175.38233125
"ILMN_2918440"	1007.92801875	1120.43725	1032.07013125	1023.99141875	1253.17414375	1051.49076875	1170.59585625	1074.1825625	861.38474375	1085.91533125	1065.3506625	1023.99141875	1067.2242	1213.42171875	1070.6493875	845.3110625
"ILMN_2644455"	135.78506875	137.87319375	126.55820625	138.9933875	135.6653625	169.58350625	143.70768125	172.53425625	155.73429375	154.1876625	146.9227125	164.784175	111.53039	131.76215	168.9639625	160.77870625
"ILMN_3047301"	238.79714375	221.0247	254.18753125	254.18753125	263.16635625	250.671775	238.45175625	250.11290625	269.270475	239.21446875	224.8225	221.9986125	226.33205	248.38111875	246.82248125	191.773575
"ILMN_3122864"	332.81544375	358.75925625	427.64664375	341.75748125	362.5706625	377.12295625	334.29151875	344.2765125	337.58796875	347.4346	320.71545	381.99676875	339.82898125	319.46595	365.3517	355.6965
"ILMN_2760009"	119.48989875	119.588936875	125.29280625	125.99110625	113.984973125	142.81923125	110.621724375	115.60705875	114.51671875	115.917260625	112.20645125	121.772645625	134.7069375	93.96392375	118.36620625	112.435805
"ILMN_2925947"	191.93235625	169.13246875	166.65600625	150.37110625	172.71671875	187.50133125	177.786475	169.459175	130.96285	133.29675	206.6462875	175.06481875	175.06481875	194.6496125	150.25461875	158.796875
"ILMN_1248367"	869.54311875	947.76564375	812.943	715.899675	667.4936	987.38626875	813.95219375	624.3748875	602.364075	465.43049375	1042.00929375	1147.48524375	842.2797125	859.087225	714.822675	403.70125625
"ILMN_1216987"	189.1305	201.61073125	160.36623125	162.95665	191.93235625	211.32431875	205.2870625	154.3985	164.784175	140.43761875	187.666425	213.9903875	223.05815	169.72580625	173.1867	175.18576875
"ILMN_3150233"	385.17415	447.68239375	446.63266875	496.31449375	397.3154375	424.72686875	405.55344375	447.21463125	517.55479375	421.2821375	500.0371625	426.70765	426.13781875	483.78041875	509.03734375	432.2625375
"ILMN_2829604"	114.797201875	101.65021875	91.3312175	95.64463375	116.42814625	125.4714	117.156748125	100.3448375	97.07607125	106.336995	126.83335625	118.36620625	113.472058125	131.07861875	108.548009375	96.35991375
"ILMN_2965612"	150.15854375	157.61219375	113.31440875	143.192725	100.29913625	152.35095	152.35095	111.642268125	117.338401875	125.7254	140.9277875	169.3054875	141.65965625	144.66973125	121.66337125	127.4777875
"ILMN_1221703"	435.0936125	439.987375	415.2649625	381.57836875	297.00449375	452.6686625	428.95229375	365.3517	402.89021875	360.18498125	418.747925	478.04355	407.06303125	408.96751875	433.3673375	354.1894
"ILMN_2896639"	149.55910625	133.1910875	124.56819375	130.0706125	147.54801875	153.6196125	148.979125	132.5155125	147.3033375	133.592925	167.3223	126.3300625	160.36623125	155.9893625	165.72133125	113.7471975
"ILMN_2686700"	1310.47486875	1116.99195625	1367.22803125	1204.60871875	918.47605	1303.7116	1180.604725	1376.17988125	1229.01768125	1408.44643125	916.6208875	1376.17988125	1340.98901875	874.18005625	1163.6286375	1435.8101875
"ILMN_2956871"	154.53503125	136.82820625	138.7328625	122.2713	111.9493375	163.47545	144.1759875	148.979125	133.40468125	136.9274375	145.39879375	137.3925375	152.60274375	139.74475	142.3190875	148.2553875
"ILMN_1253984"	312.7602	269.7045375	341.4254	333.38666875	237.06363125	464.00155	237.218225	356.33750625	327.88030625	276.7179375	309.7184	317.90885625	308.46138125	300.04139375	351.802	297.00449375
"ILMN_2699880"	245.65989375	200.56753125	201.35433125	198.521375	210.0105125	222.3505375	206.07911875	202.4345375	185.65298125	246.82248125	195.57435625	232.5956875	218.7987625	177.786475	185.29855625	213.214425
"ILMN_2699881"	178.0684875	190.13030625	207.070475	193.9764375	159.40914375	183.04915	191.0212875	162.7807125	193.9764375	236.45716875	185.1210875	169.72580625	219.262125	132.92771875	175.38233125	174.6232625
"ILMN_2591782"	610.14373125	543.3096125	621.7679875	648.31620625	554.9542375	658.75748125	642.9729	612.15998125	652.8076625	571.902025	632.8636	565.33768125	597.8765375	671.48030625	634.0563625	566.9478125
"ILMN_3142789"	159.03290625	171.3909	140.33279375	214.2343125	77.854534375	166.55055	147.41726875	242.68321875	257.7532375	145.39879375	243.81895	239.43034375	169.72580625	250.671775	265.66158125	122.81610625
"ILMN_2918499"	346.77544375	347.4346	336.03175625	361.4595125	295.6369875	347.0615875	348.8210375	349.45023125	399.9620875	337.58796875	348.39780625	313.6639875	375.9184375	365.858425	372.3487625	331.742525
"ILMN_2648742"	2838.851625	2972.661125	3022.225125	2482.9536875	2943.34825	3081.87775	3053.95425	2489.4524375	2383.52925	2876.7545	2556.7989375	2989.498	2867.9606875	2482.9536875	2476.0315625	3042.4014375
"ILMN_2833596"	393.53711875	407.06303125	299.24785	317.23864375	320.32921875	447.68239375	399.9620875	331.23381875	391.17670625	393.53711875	420.8278625	384.07974375	395.40934375	435.80354375	393.04778125	370.4164625
"ILMN_2590908"	325.7995625	306.0933625	331.742525	277.1950625	346.77544375	309.12840625	314.9708375	274.72690625	238.193125	305.2121375	293.88715625	298.8011875	329.34705625	229.4819375	282.817125	291.433125
"ILMN_2663015"	348.8210375	333.38666875	353.18153125	286.827325	364.3113375	353.69961875	330.29816875	337.05235	319.967375	351.802	328.2315625	375.0392	343.43558125	305.2121375	312.47725625	381.57836875
"ILMN_2597249"	473.54161875	453.2523375	394.8399375	357.60513125	488.4622375	465.43049375	498.9142875	318.52400625	325.1303125	415.83955625	401.43568125	490.34479375	549.745325	439.27714375	298.8011875	433.3673375
"ILMN_2597248"	531.27466875	493.6619875	451.87211875	408.96751875	456.8246	523.3652125	497.95498125	380.52413125	350.7310625	473.54161875	480.36246875	590.05653125	576.9724625	427.27374375	402.19800625	463.1787875
"ILMN_1248173"	101.067365	83.271260625	96.130509375	130.866825	65.737285625	83.708509375	90.5862075	112.52499375	111.298870625	80.757131875	123.69855625	107.05458375	93.1594875	98.90738875	125.55423125	75.72977125
"ILMN_1238608"	155.89431875	142.43964375	143.3203125	106.661785625	127.95043125	134.3388875	140.33279375	126.55820625	125.55423125	134.7069375	99.4879875	133.747825	143.5782875	130.866825	110.918741875	115.795108125
"ILMN_3048492"	456.1551125	466.0927	441.69970625	384.07974375	434.19785	491.68241875	454.06344375	468.97165	467.1607875	497.33415625	390.08191875	461.68015625	491.68241875	420.8278625	475.17880625	406.37385625
"ILMN_2645526"	341.75748125	349.45023125	457.3322875	396.19555625	412.90525625	387.19616875	340.85738125	360.73080625	389.2009	372.3487625	380.52413125	378.055575	380.52413125	338.59659375	319.46595	384.07974375
"ILMN_3104271"	2362.171375	2392.535375	2808.7315625	2734.9736875	2319.68575	2685.290625	2418.3295	2607.5470625	2586.7810625	2506.3018125	2376.677125	2409.938125	2497.0566875	2319.68575	2517.37275	2418.3295
"ILMN_1233056"	116.579599375	133.29675	148.2553875	135.4736125	130.2182625	124.21180625	121.772645625	139.88649375	142.50945	133.96085625	127.41805625	111.5830875	121.906201875	121.906201875	146.66913125	149.23314375
"ILMN_2623859"	2007.2110625	2259.2845625	2339.571375	2310.01975	2133.6043125	2198.099125	1972.582	2506.3018125	2234.3534375	1986.81125	1993.1465	2607.5470625	1901.829125	1749.6379375	1993.1465	2453.9114375
"ILMN_1253491"	101.620171875	99.1632875	95.778200625	224.4901	74.796543125	102.112475	102.7794925	157.1186375	216.43915625	98.25972125	217.37595625	120.882648125	124.7353875	261.66200625	217.17126875	95.64463375
"ILMN_1245447"	516.2531	464.7328625	471.3431875	492.403675	457.3322875	468.2711	493.6619875	471.853	554.1605625	425.568775	521.22874375	566.9478125	449.74499375	466.0927	497.33415625	521.22874375
"ILMN_2925281"	4904.36175	5127.310375	4457.1559375	3401.315375	5266.1386875	5690.447375	5657.804625	3627.76525	3416.61325	4744.4376875	3688.003875	4247.6826875	5097.3593125	3500.7405	3401.315375	5179.0949375
"ILMN_2607474"	130.866825	142.13395625	115.21423875	127.4777875	167.95834375	117.5803575	142.81923125	124.79509375	103.190911875	119.63838875	121.57034375	114.797201875	141.33224375	110.156050625	135.78506875	119.274784375
"ILMN_2982652"	566.9478125	615.13665625	712.16630625	583.35471875	616.66825	669.51221875	657.20195625	864.6376	557.66410625	592.887675	565.9701	780.13395	558.66334375	540.51569375	669.51221875	774.34953125
"ILMN_2693594"	275.1821875	285.15369375	312.7602	287.1888875	347.4346	327.88030625	335.20279375	287.1888875	284.130375	307.8985375	303.483375	352.63408125	346.77544375	310.246	311.85809375	368.29223125
"ILMN_2760415"	364.7329125	347.0615875	378.65840625	371.23356875	491.68241875	398.07675625	375.0392	301.23424375	318.90009375	345.94235	295.6369875	435.80354375	360.18498125	327.28765625	325.1303125	356.33750625
"ILMN_2768926"	2768.0050625	2814.803375	2961.6290625	3147.1090625	2601.092	2867.9606875	2581.1375	2876.7545	2912.180875	2713.513	2746.322625	3010.3569375	2746.322625	2614.077125	2989.498	2497.0566875
"ILMN_2669034"	1011.69045	941.5663625	976.43411875	924.120075	1141.74559375	902.18765625	934.17030625	913.892975	908.87373125	953.7593875	931.23015625	947.76564375	871.08569375	832.51063125	802.1467375	978.18965625
"ILMN_1242066"	3053.95425	2884.703625	3469.855625	3416.61325	3330.385125	3070.3590625	2930.197	3388.5791875	3188.1453125	3010.3569375	3204.330125	3259.195875	2979.4065	2798.007875	3216.1718125	3368.0494375
"ILMN_1249522"	1005.12975	910.59219375	913.892975	880.51689375	1082.82698125	838.76995	770.86421875	798.8415625	792.59404375	872.95540625	876.73246875	817.69208125	916.6208875	696.56115	715.899675	866.75105
"ILMN_2789544"	3330.385125	3368.0494375	3259.195875	3033.5199375	3584.8085	3598.82025	3357.9559375	3375.6960625	3042.4014375	3852.391	3500.7405	3584.8085	3486.6504375	3513.9283125	3486.6504375	3688.003875
"ILMN_2677696"	1428.524	1518.4934375	1449.6651875	1722.9694375	1307.1524375	1449.6651875	1432.3960625	1749.6379375	1662.9405	1283.01740625	1746.5230625	1463.571375	1485.7453125	1682.1164375	1643.147375	1344.11956875
"ILMN_1245678"	170.34245625	152.60274375	164.420575	162.05531875	160.0477875	179.33101875	173.5161375	127.95043125	178.953525	184.6136125	137.7085625	183.2611375	163.64845625	141.91661875	141.52035625	172.36616875
"ILMN_3007862"	1133.63441875	1219.9291875	1042.00929375	1047.2555875	1087.3466875	1360.29693125	1245.9268375	1067.2242	1166.056025	1229.01768125	953.7593875	1141.74559375	1327.62036875	989.583825	1023.99141875	1093.46354375
"ILMN_1252016"	108.076790625	115.8649425	108.461024375	117.156748125	120.570734375	102.354020625	96.130509375	110.988516875	126.65243125	126.21285	109.12119375	98.940184375	104.22243125	90.137645	115.39087375	133.86773125
"ILMN_2620767"	106.433465625	101.78637375	128.9028625	114.4196525	109.17301125	95.64463375	97.0069275	110.50149375	115.161709375	144.1759875	119.48989875	111.228329375	103.112948125	112.69401375	126.40724375	137.9687625
"ILMN_2877443"	114.453108125	123.8031125	137.3925375	136.2780625	125.4714	96.50354875	138.06913125	128.54684375	169.459175	127.65724375	150.57566875	128.6563625	115.161709375	155.40856875	151.87925625	150.37110625
"ILMN_2677728"	187.50133125	176.6034375	215.65326875	204.77735625	209.5458	203.35528125	195.7639125	196.94810625	165.9051	235.7126625	180.892275	194.84985625	187.666425	164.22484375	163.950325	208.96401875
"ILMN_2713464"	656.07823125	689.13815625	713.8766125	649.38925625	657.20195625	740.36884375	684.94580625	690.5415875	702.784375	740.36884375	657.20195625	738.7639375	662.1849625	644.6966625	677.40323125	788.9523625
"ILMN_2739295"	1485.7453125	1749.6379375	1452.8455	1385.86663125	1394.1235125	1508.6094375	1511.49525	1455.159625	1397.06798125	1489.162	1536.2146875	1515.313875	1492.257625	1413.26638125	1489.162	1485.7453125
"ILMN_3002505"	306.5607625	262.8041375	307.39310625	315.46180625	386.5043625	321.10474375	301.81316875	291.68979375	320.71545	322.0296125	291.433125	297.28149375	270.64926875	278.920525	296.226525	297.632825
"ILMN_1234139"	1522.2485625	1567.026875	1718.3888125	1780.0900625	1413.26638125	1524.771125	1492.257625	1775.1008125	1794.4246875	1682.1164375	1759.0605	1567.026875	1334.8682125	1636.542625	1722.9694375	1749.6379375
"ILMN_3094886"	154.6688625	134.4111125	156.419675	137.14124375	159.03290625	146.50975625	151.399775	129.74069375	132.5155125	149.739125	161.25703125	149.55910625	120.6827425	146.9227125	145.39879375	154.01814375
"ILMN_3006644"	1141.74559375	1043.453	1601.1688125	1522.2485625	1191.13270625	1110.04635625	1082.82698125	1300.52404375	1241.1790375	1397.06798125	1133.63441875	1170.59585625	981.96119375	968.64079375	1307.1524375	1268.02655
"ILMN_3006643"	1287.05383125	1154.7735125	1606.1010625	1636.542625	1310.47486875	1253.17414375	1166.056025	1440.297625	1577.6735	1472.9005	1261.6343125	1418.5795625	1163.6286375	1307.1524375	1508.6094375	1660.214375
"ILMN_1223041"	705.98616875	935.4101625	838.76995	725.467375	919.9506125	729.06335	968.64079375	682.994525	812.943	901.21771875	932.8508625	733.2854375	875.69781875	912.4321125	813.95219375	993.4776625
"ILMN_2796842"	159.68008125	131.36425	128.0214625	143.487075	156.24549375	135.6653625	144.0709875	135.38901875	134.3388875	144.5738125	135.04935625	145.29385625	136.5366125	121.382654375	148.2553875	129.57466875
"ILMN_1256608"	92.746936875	110.19512625	115.161709375	123.52100625	104.998863125	104.32323125	110.389105	141.33224375	132.85836875	103.844930625	169.13246875	103.490705625	90.05860875	161.41156875	136.3514	105.95753125
"ILMN_1241444"	136.5366125	143.96694375	135.9188125	139.88649375	150.57566875	153.03776875	151.6387125	148.76030625	140.53864375	129.57466875	165.72133125	135.04935625	145.48405	164.9723375	189.3455875	137.14124375
"ILMN_2768786"	403.70125625	379.2877125	372.3487625	328.2315625	435.80354375	360.18498125	393.04778125	317.90885625	357.60513125	400.88299375	423.7890375	342.73308125	373.33550625	398.07675625	337.58796875	384.5962625
"ILMN_2771109"	140.33279375	151.7689375	134.81919375	140.62593125	161.41156875	158.4774	160.77870625	152.49919375	155.9893625	153.03776875	141.60225625	142.63595625	143.86384375	116.73861375	136.03915625	100.602876875
"ILMN_2687062"	407.921325	443.24934375	358.12875	355.6965	388.32369375	364.7329125	460.78855625	391.82051875	431.14796875	394.8399375	416.80261875	320.32921875	431.14796875	439.987375	421.97100625	386.5043625
"ILMN_2754859"	128.10186875	92.367300625	102.436384375	100.07473	106.539691875	129.4002375	112.932385	120.495390625	95.0343675	100.07473	88.33743625	100.552054375	81.303908125	105.712236875	93.809855625	80.592805625
"ILMN_2699477"	669.51221875	775.5117	780.13395	686.72390625	916.6208875	763.20979375	665.10776875	670.750325	721.739725	766.45550625	603.45503125	744.6064125	692.751325	536.30255	674.1961875	812.943
"ILMN_2762728"	9593.003	10765.566375	11185.0796875	10493.2706875	10493.2706875	9839.07575	10069.3536875	11542.181125	10493.2706875	11733.567375	10493.2706875	10381.7305625	9936.6240625	10069.3536875	10885.485125	10276.904625
"ILMN_2704823"	11435.2999375	11891.49075	13172.297875	11339.6023125	14973.883125	11185.0796875	11542.181125	12435.84	11435.2999375	14129.805625	10765.566375	12136.5934375	10765.566375	11733.567375	12601.4119375	12753.743875
"ILMN_2704826"	12022.1184375	12961.611375	14639.404375	13513.015	15936.1675	10686.61875	13172.297875	13513.015	12601.4119375	15117.95875	11542.181125	11891.49075	11435.2999375	12435.84	11891.49075	13718.9189375
"ILMN_2788984"	8388.05225	8666.6628125	9552.244625	8948.2579375	9936.6240625	8751.5815	8548.0080625	9263.605375	7662.624	9593.003	7039.666875	7541.13875	8300.5935625	8452.9129375	8666.6628125	8948.2579375
"ILMN_2704822"	14392.26875	14639.404375	16589.97125	14639.404375	17954.566875	13965.5400625	15645.155625	15377.3975	14973.883125	17954.566875	13513.015	13965.5400625	12753.743875	14392.26875	14392.26875	15377.3975
"ILMN_1258600"	901.21771875	1017.39125625	854.99735625	829.13074375	725.467375	910.59219375	965.448975	817.69208125	843.49291875	843.49291875	913.892975	1156.8387125	925.6917125	838.76995	775.5117	806.6958625
"ILMN_2821158"	152.35095	137.78745625	128.6563625	124.79509375	125.7254	157.1186375	142.3190875	134.7069375	125.99110625	134.3388875	144.96089375	145.48405	112.76624	139.1651375	105.34826625	137.78745625
"ILMN_2615170"	590.05653125	561.45229375	568.59338125	478.04355	775.5117	536.30255	544.1691625	494.868575	474.41370625	605.90225	431.14796875	505.03666875	491.07211875	371.23356875	435.80354375	647.47771875
"ILMN_2754690"	508.08930625	522.0960875	628.72353125	403.70125625	705.98616875	503.36816875	478.57549375	406.37385625	355.2402	570.901275	335.20279375	460.78855625	418.747925	324.21904375	381.99676875	550.3105375
"ILMN_2656805"	889.52394375	871.08569375	1204.60871875	852.04090625	1084.00139375	1027.40008125	940.56146875	843.49291875	907.256775	1133.63441875	797.94845625	793.70504375	999.9892375	919.9506125	998.31044375	924.120075
"ILMN_1253361"	899.8158	787.04511875	1036.73783125	806.6958625	955.7568875	891.9621375	833.79806875	856.60740625	902.18765625	943.31915	696.56115	802.1467375	938.45773125	848.62478125	924.120075	850.88728125
"ILMN_2689473"	5875.1608125	5954.9835625	6428.544875	5740.3068125	5563.0125625	5657.804625	6158.776375	5807.3333125	5690.447375	5807.3333125	5467.5040625	5432.1208125	4864.437875	6077.354	6001.081	5232.6154375
"ILMN_2783519"	3081.87775	3343.441125	2997.8144375	2867.9606875	3500.7405	3259.195875	3248.3035625	3147.1090625	2798.007875	3513.9283125	2930.197	2581.1375	3330.385125	3147.1090625	3042.4014375	3081.87775
"ILMN_2735084"	318.90009375	297.918925	460.78855625	340.85738125	292.9288	440.4799375	378.65840625	494.461675	466.54915	296.226525	352.2032125	361.95381875	447.21463125	411.7634625	384.07974375	597.8765375
"ILMN_2810473"	51201.501875	50036.076875	56078.558125	46726.258125	51201.501875	51201.501875	50036.076875	46726.258125	46726.258125	57630.044375	46726.258125	53803.0675	50036.076875	48357.90875	48357.90875	53803.0675
"ILMN_1256019"	17954.566875	16589.97125	19059.6	11733.567375	19059.6	17044.609375	17954.566875	10615.614375	9593.003	16217.518125	9673.0278125	16589.97125	13718.9189375	10493.2706875	10381.7305625	16589.97125
"ILMN_2806676"	3937.3581875	4379.1074375	3890.9494375	4107.2114375	4204.1001875	4281.1286875	3917.42275	4534.1989375	4009.490375	3738.920875	4492.6698125	4708.9626875	3948.7111875	4204.1001875	4645.4514375	4054.2248125
"ILMN_1256725"	623.23298125	766.45550625	694.11808125	733.2854375	845.3110625	710.8884375	809.6915375	735.2436125	636.37033125	657.20195625	835.47774375	727.81856875	699.4288	657.20195625	684.94580625	717.49173125
"ILMN_2956932"	22392.400625	21818.649375	21818.649375	18760.23	19420.533125	20850.139375	21818.649375	19933.958125	18584.881875	19933.958125	20238.77625	21373.914375	21373.914375	21818.649375	19059.6	18214.775
"ILMN_2734181"	2482.9536875	2354.48075	2424.1591875	1924.92825	2238.3295	2545.5605	2202.8358125	1936.8555625	1886.0055625	2362.171375	2017.236625	2545.5605	2424.1591875	2091.78225	1870.0569375	2354.48075
"ILMN_2628174"	31706.59375	30000.026875	31706.59375	28088.250625	33148.40375	31706.59375	29198.485625	30705.6475	30000.026875	30705.6475	30000.026875	30000.026875	29198.485625	30705.6475	29198.485625	30000.026875
"ILMN_1253008"	217.37595625	201.84556875	221.3074625	276.7179375	275.1821875	246.59630625	215.30675	209.84545	201.84556875	215.89776875	191.0212875	223.75849375	217.5735625	190.33600625	232.5956875	217.37595625
"ILMN_2750225"	174.1694	149.091075	153.6196125	142.93508125	155.89431875	176.2277625	164.6086125	159.77998125	157.61219375	137.01285	188.54851875	169.58350625	176.73908125	178.0684875	188.95624375	176.2277625
"ILMN_1235783"	1788.49725	1746.5230625	1825.944125	1746.5230625	1649.251375	1855.76675	1881.095125	1859.828	1825.944125	1993.1465	2002.9741875	1794.4246875	1799.6424375	1945.120625	1808.7046875	1977.7008125
"ILMN_2689540"	198.77406875	195.9714875	198.0223	192.5356375	213.214425	199.078225	213.9903875	178.5072375	195.57435625	177.67216875	219.72244375	177.922875	184.6136125	201.61073125	185.79605625	187.99031875
"ILMN_3150296"	390.5186875	424.72686875	343.85986875	391.17670625	363.70033125	394.35784375	470.640325	466.54915	433.3673375	392.53830625	441.69970625	436.54803125	431.70553125	494.868575	450.69689375	322.95923125
"ILMN_1232903"	660.9562125	715.899675	636.37033125	617.6719875	713.8766125	720.15905625	774.34953125	679.33685625	700.8844	729.06335	763.20979375	748.7588125	708.58986875	726.5232875	733.2854375	670.750325
"ILMN_2930819"	1718.3888125	1590.64425	1812.4966875	1616.6285625	2002.9741875	1670.214625	1749.6379375	1569.15675	1632.5483125	1696.7961875	1515.313875	1797.0263125	1572.2295625	1501.7019375	1569.15675	1705.8923125
"ILMN_2724347"	180.16739375	182.470475	232.20605625	157.1186375	171.1804625	188.35061875	258.5847125	191.773575	159.8800125	194.1203625	200.56753125	227.41956875	197.24515625	226.57635	185.65298125	207.38165625
"ILMN_2755195"	1076.3518625	1135.11054375	972.88915625	989.583825	1045.07010625	1101.52970625	1147.48524375	903.69043125	1268.02655	1467.761125	1674.5379375	1390.10550625	1652.57875	1560.761875	1435.8101875	1364.5571875
"ILMN_1240770"	2625.8334375	2339.571375	2489.4524375	2665.720625	2091.78225	2593.8493125	2319.68575	2674.5666875	2724.67725	2545.5605	3022.225125	2614.077125	2302.7791875	2376.677125	2918.745375	2370.272375
"ILMN_2801568"	1120.43725	1107.67528125	940.56146875	1116.99195625	1028.589375	1193.99459375	1141.74559375	1001.74539375	1193.99459375	1093.46354375	1159.489775	1113.83363125	1050.24421875	1131.15279375	1079.6510625	1156.8387125
"ILMN_1216382"	292.0677	266.81874375	263.46951875	338.11564375	260.77003125	309.7184	317.23864375	340.85738125	293.51820625	258.2902125	306.0933625	340.2664125	310.246	306.0933625	313.6639875	273.2488625
"ILMN_2748837"	26525.784375	25675.50375	28088.250625	24753.2475	26525.784375	28088.250625	26525.784375	24154.835	25675.50375	28088.250625	27225.3225	25675.50375	28088.250625	27225.3225	26525.784375	26525.784375
"ILMN_3062267"	375.9184375	509.63761875	366.36539375	368.29223125	337.58796875	403.70125625	604.86969375	322.0296125	435.80354375	435.0936125	547.94208125	401.43568125	410.31115625	477.2194	348.39780625	476.6074
"ILMN_2733465"	130.76800625	139.571175	121.979066875	145.39879375	133.86773125	157.73433125	132.34635	135.18933125	136.82820625	111.298870625	145.761225	147.01914375	146.19573125	138.539325	121.47113125	106.857693125
"ILMN_2745889"	837.33126875	927.3898375	736.55418125	831.24433125	758.9241125	774.34953125	1010.49423125	741.6727625	874.18005625	811.5633125	838.76995	795.77954375	815.414375	797.94845625	811.5633125	864.6376
"ILMN_2840492"	112.69401375	110.988516875	106.661785625	104.963735	133.96085625	111.228329375	131.88230625	117.857815	110.918741875	114.27682125	102.354020625	100.836551875	130.618125	133.747825	123.419725	117.5803575
"ILMN_2632264"	7860.3515625	7662.624	7980.7325625	6799.5575	7726.9431875	7541.13875	7662.624	7321.8260625	6998.21	8047.471875	7541.13875	8666.6628125	6859.5449375	7321.8260625	7108.2274375	6859.5449375
"ILMN_2606180"	1303.7116	1378.9131875	1313.45749375	1334.8682125	1440.297625	1452.8455	1405.81893125	1258.5084875	1222.9821	1449.6651875	1467.761125	1334.8682125	1346.2142	1166.056025	1348.9208375	1297.6508375
"ILMN_2807084"	1354.34208125	1442.690875	1390.10550625	1285.26755625	1369.23980625	1314.895575	1505.664625	1235.48928125	1159.489775	1303.7116	1505.664625	1351.6376	1281.13715625	1435.8101875	1287.05383125	1199.44966875
"ILMN_2660182"	518.84098125	491.68241875	601.505725	539.6588	600.65928125	566.9478125	532.87104375	560.39495	458.2919125	562.3249125	434.19785	512.6917	509.63761875	519.3563625	619.8589375	563.2545375
"ILMN_1250358"	131.26336875	129.57466875	113.809328125	121.127618125	143.0773	121.772645625	127.19753125	124.7353875	122.475746875	124.7353875	118.36620625	128.74994375	117.5803575	140.27619375	132.28085	123.69855625
"ILMN_2983587"	903.69043125	833.79806875	726.5232875	903.69043125	819.45544375	831.24433125	856.60740625	944.844025	1035.1083875	781.69595	1030.10514375	872.95540625	903.69043125	1067.2242	993.4776625	822.8856875
"ILMN_2738629"	309.12840625	307.8985375	254.69883125	314.9708375	317.90885625	320.32921875	311.04834375	282.44331875	323.31540625	292.9288	345.1946	321.67085	291.433125	373.83311875	315.86405	277.5543625
"ILMN_1252618"	193.79353125	169.72580625	190.72886875	205.445	207.8115125	181.81199375	190.13030625	172.71671875	152.7725125	142.50945	172.71671875	182.08051875	160.0477875	180.77294375	175.18576875	223.75849375
"ILMN_2949844"	582.71525	596.12970625	500.0371625	652.8076625	507.13303125	681.76365625	648.31620625	602.364075	501.98858125	567.74780625	746.36065625	549.745325	560.39495	660.9562125	609.15739375	596.12970625
"ILMN_2887075"	604.86969375	562.3249125	552.70248125	557.66410625	474.41370625	565.9701	591.9939625	525.1207875	598.88335625	540.51569375	517.55479375	647.47771875	584.41195	565.9701	579.673675	569.26025
"ILMN_2735660"	132.6169625	109.50569	129.26061875	127.37516875	103.0800575	116.99381875	123.52100625	126.21285	117.12237875	114.593608125	109.2781775	124.56819375	101.232255	103.323853125	110.3359825	124.6612875
"ILMN_1242352"	1265.327025	1289.71745	1125.43935625	1163.6286375	1168.38758125	1128.37155625	1276.95708125	1087.3466875	1147.48524375	1131.15279375	1274.3487	1261.6343125	1191.13270625	1314.895575	1082.82698125	1065.3506625
"ILMN_2622671"	9839.07575	9126.596	8300.5935625	6117.9055	7541.13875	8452.9129375	10028.724375	6210.4018125	6859.5449375	9175.445125	5875.1608125	9029.38475	8548.0080625	6428.544875	6248.408625	8452.9129375
"ILMN_3138743"	269.270475	268.93265	246.59630625	264.91688125	241.17445	294.35015	279.92881875	257.48868125	221.72159375	234.8745	268.086125	283.2316625	241.17445	296.226525	240.01421875	234.25645625
"ILMN_3136205"	141.81609375	148.40835	139.1651375	133.10364375	126.27369375	134.4111125	141.4040875	176.73908125	171.1804625	124.3063625	130.76800625	121.906201875	115.8649425	161.63675625	135.6653625	154.898
"ILMN_1244872"	145.99215625	155.55105625	156.73405625	131.07861875	137.78745625	132.85836875	139.74475	138.648125	136.65300625	146.50975625	164.784175	138.648125	166.79903125	146.337125	148.0812	148.85370625
"ILMN_2892222"	2057.710125	1840.8434375	1993.1465	1632.5483125	2046.6180625	2037.483125	1996.4138125	1733.1609375	1674.5379375	2072.523875	1586.1915	2126.100375	2046.6180625	1547.57	1682.1164375	2433.1056875
"ILMN_3125814"	529.98285	515.81448125	515.81448125	613.03275	494.868575	577.87453125	512.6917	641.70960625	647.47771875	485.22894375	516.2531	497.33415625	439.27714375	444.7976625	491.07211875	539.6588
"ILMN_1236666"	444.7976625	450.69689375	454.8536125	547.94208125	402.19800625	445.36558125	401.43568125	492.403675	486.04989375	401.43568125	391.17670625	427.64664375	423.7890375	366.36539375	397.6639875	400.88299375
"ILMN_2738825"	15936.1675	12601.4119375	6158.776375	4126.3891875	6158.776375	22392.400625	9357.0213125	3658.6510625	5310.5491875	6077.354	10885.485125	22392.400625	14392.26875	6962.8776875	5208.2486875	7200.2993125
"ILMN_2710354"	2091.78225	2198.099125	1551.11575	853.388	1449.6651875	1354.34208125	2685.290625	877.92143125	1057.93018125	2734.9736875	1511.49525	1518.4934375	2022.4721875	1135.11054375	1318.56764375	1915.526625
"ILMN_2923445"	3061.8775625	2724.67725	2418.3295	1685.458625	2105.761875	2139.582875	3575.4696875	1495.3311875	2091.78225	3598.82025	3270.1041875	2867.9606875	3053.95425	2150.2455	2754.4678125	2657.6830625
"ILMN_2710353"	1712.9796875	1458.951875	1089.68374375	702.784375	1213.42171875	1213.42171875	2146.17425	719.327125	864.6376	1852.93025	1082.82698125	1294.01460625	1627.8435625	785.1105625	1081.4379875	1452.8455
"ILMN_2846865"	2876.7545	3992.3678125	2302.7791875	3330.385125	4472.218125	4379.1074375	4841.1090625	3558.081875	3216.1718125	2943.34825	4472.218125	1579.5619375	4904.36175	3917.42275	3902.69575	3259.195875
"ILMN_2698799"	11185.0796875	10493.2706875	9175.445125	11009.9565	8847.706625	9740.1449375	11891.49075	11185.0796875	12753.743875	10165.8596875	13718.9189375	10276.904625	11891.49075	12136.5934375	13718.9189375	11733.567375
"ILMN_2617433"	2155.87075	2139.582875	2028.299	2037.483125	2310.01975	1993.1465	2535.7879375	2099.771	2238.3295	2461.7744375	1980.6018125	1986.81125	2399.2875625	1972.582	2563.022875	2777.01275
"ILMN_2588055"	2788.859125	3641.6975	2146.17425	2930.197	4141.8938125	3852.391	4623.8029375	3469.855625	2989.498	2918.745375	3937.3581875	1382.702325	4305.6294375	3714.1604375	3558.081875	3204.330125
"ILMN_1377923"	17044.609375	17583.018125	14392.26875	17329.62125	15377.3975	16217.518125	18760.23	17954.566875	19059.6	18760.23	20850.139375	16217.518125	19420.533125	19933.958125	19933.958125	18760.23
"ILMN_2598916"	57630.044375	58493.320625	53803.0675	56078.558125	54747.480625	54747.480625	54747.480625	54747.480625	52440.6725	51201.501875	52440.6725	48357.90875	56078.558125	51201.501875	52440.6725	51201.501875
"ILMN_2767216"	39382.785	39382.785	39382.785	39382.785	43942.53375	39382.785	46726.258125	39382.785	39382.785	39382.785	34703.595625	34703.595625	39382.785	33148.40375	39382.785	39382.785
"ILMN_2839313"	236.042125	289.51720625	148.40835	138.06913125	152.8813125	183.2611375	302.349125	171.7086875	160.96233125	147.41726875	220.013025	261.66200625	219.72244375	209.84545	141.217025	211.085175
"ILMN_1237413"	114.8682	94.52169125	107.4668875	102.854121875	114.913556875	122.2713	129.57466875	99.788094375	107.4668875	114.154368125	98.573761875	121.2497075	115.2694675	128.6563625	120.7926525	117.718086875
"ILMN_1254256"	1567.026875	1475.72125	1692.298875	1538.7828125	1489.162	1367.22803125	1376.17988125	1627.8435625	1418.5795625	1411.4146	1160.7844625	1780.0900625	1401.06855	1489.162	1460.8476875	1627.8435625
"ILMN_2844996"	1505.664625	1390.10550625	1357.10996875	1294.01460625	1344.11956875	1501.7019375	1515.313875	1501.7019375	1452.8455	1538.7828125	1318.56764375	1536.2146875	1636.542625	1310.47486875	1579.5619375	1606.1010625
"ILMN_2797061"	33148.40375	31706.59375	33148.40375	30000.026875	31706.59375	30705.6475	31706.59375	28088.250625	26525.784375	34703.595625	29198.485625	33148.40375	33148.40375	30000.026875	30000.026875	33148.40375
"ILMN_2673599"	696.56115	644.6966625	590.05653125	835.47774375	534.0548125	610.14373125	672.850275	696.56115	813.95219375	616.66825	871.08569375	719.327125	740.36884375	545.32123125	980.09125	727.81856875
"ILMN_2672767"	358.75925625	354.72424375	402.19800625	508.08930625	300.04139375	352.2032125	439.987375	443.24934375	547.94208125	351.3019	532.1498625	437.247825	438.60104375	474.41370625	662.1849625	428.95229375
"ILMN_1242390"	127.41805625	129.966625	131.16729375	213.37485	130.618125	115.21423875	164.106975	192.278725	206.86939375	130.673325	189.3455875	149.739125	135.04935625	209.5458	223.75849375	104.63404625
"ILMN_2703354"	299.24785	312.7602	322.95923125	320.32921875	340.2664125	243.81895	256.39871875	354.72424375	306.98319375	333.38666875	226.57635	300.2887625	263.16635625	345.1946	276.1121875	328.66174375
"ILMN_1233481"	4379.1074375	4334.681	4973.2094375	4926.7780625	5156.838125	4523.228	4457.1559375	5127.310375	4744.4376875	4683.3188125	4765.8735	4507.455375	4247.6826875	4807.5564375	5179.0949375	4841.1090625
"ILMN_2728697"	3294.2288125	3320.2390625	3226.965	3042.4014375	3917.42275	3416.61325	3598.82025	2952.272375	3061.8775625	3428.1263125	2989.498	3042.4014375	3874.252375	3033.5199375	3280.8254375	3627.76525
"ILMN_3161327"	512.6917	515.20924375	505.03666875	514.38961875	500.0371625	540.51569375	600.65928125	493.6619875	570.901275	544.1691625	587.318	506.55626875	577.87453125	526.0119625	576.9724625	500.9488875
"ILMN_2851875"	4729.1003125	4107.2114375	5208.2486875	5156.838125	4445.070125	4457.1559375	4605.5571875	4645.4514375	4708.9626875	4596.538125	4507.455375	5033.8555	4158.0104375	4419.230375	4953.7386875	4823.556375
"ILMN_2933346"	522.0960875	556.671325	491.68241875	553.2030125	619.8589375	604.86969375	666.07275	575.726775	476.6074	488.4622375	432.2625375	597.8765375	630.12605	441.69970625	492.73689375	503.36816875
"ILMN_2651496"	141.4040875	128.1820625	128.54684375	144.96089375	142.13395625	133.86773125	113.618420625	109.99626625	107.433851875	123.252375	113.31440875	124.79509375	113.984973125	133.592925	131.4411375	126.98818125
"ILMN_2593338"	133.747825	117.785030625	151.6387125	138.7328625	128.9028625	113.984973125	149.23314375	165.72133125	156.24549375	137.87319375	121.193045	145.99215625	135.6653625	162.44010625	142.93508125	155.73429375
"ILMN_2601043"	162.44010625	166.39635	212.7093	159.03290625	183.5885	189.8980875	149.37121875	215.65326875	192.5356375	168.1026125	144.2734875	194.500175	163.14453125	160.0477875	169.3054875	170.8125875
"ILMN_2660103"	747.50439375	738.7639375	788.9523625	798.8415625	668.77444375	647.47771875	720.15905625	833.79806875	854.99735625	736.55418125	788.9523625	815.414375	733.2854375	811.5633125	905.71059375	991.44575625
"ILMN_2617775"	182.68725625	194.2811375	169.13246875	223.05815	176.6034375	216.0453	181.2290125	206.3916875	200.8762	178.953525	194.84985625	162.44010625	204.9632	204.0442375	182.470475	177.786475
"ILMN_1230145"	679.33685625	648.31620625	669.51221875	891.9621375	708.58986875	725.467375	583.35471875	875.69781875	824.58231875	623.23298125	723.8065125	725.467375	714.822675	681.76365625	916.6208875	605.90225
"ILMN_1248328"	213.7292	201.35433125	186.8385125	172.36616875	185.79605625	194.6496125	202.4345375	167.95834375	207.38165625	187.99031875	244.0659875	176.3861875	231.52921875	225.68436875	190.72886875	213.37485
"ILMN_2945472"	1096.0162875	1036.73783125	965.448975	856.60740625	1113.83363125	1197.66168125	1045.07010625	874.18005625	893.52561875	1014.6866125	1007.92801875	1059.94405	1103.4479	943.31915	932.8508625	918.47605
"ILMN_3160507"	220.013025	222.58170625	244.0659875	420.2250875	163.77671875	185.99401875	186.352	415.2649625	426.70765	240.74000625	444.7976625	284.8685125	185.29855625	431.14796875	464.00155	216.43915625
"ILMN_1240165"	871.08569375	800.71358125	835.47774375	945.78110625	895.183675	1191.13270625	916.6208875	838.76995	1010.49423125	816.41575	981.96119375	1082.82698125	980.09125	953.7593875	845.3110625	916.6208875
"ILMN_3139103"	805.34804375	879.30458125	581.90118125	846.94178125	547.94208125	842.2797125	924.120075	880.51689375	955.7568875	707.5388	1143.343875	910.59219375	919.9506125	1040.3809625	960.04960625	852.04090625
"ILMN_2718144"	130.96285	121.979066875	124.21180625	120.882648125	111.35877875	114.96053625	140.62593125	111.42138375	121.127618125	110.772369375	110.04152	142.43964375	127.65724375	152.35095	124.3063625	130.76800625
"ILMN_2594718"	1036.73783125	1030.10514375	1027.40008125	877.92143125	822.8856875	1013.32305625	1067.2242	919.9506125	879.30458125	999.9892375	985.8463875	1043.453	1077.78473125	1126.4124125	833.79806875	1030.10514375
"ILMN_2772155"	665.10776875	912.4321125	596.12970625	590.05653125	580.90806875	667.4936	1145.2287125	694.11808125	722.7396	607.31725	1057.93018125	779.2653	819.45544375	774.34953125	667.4936	640.4643375
"ILMN_3134632"	134.57726875	113.369824375	101.40675375	118.641365	109.025455	130.0706125	131.59916875	128.6563625	125.29280625	107.761495	135.18933125	111.862495625	133.495475	116.67468125	126.3300625	110.266454375
"ILMN_2649502"	1594.2024375	1606.1010625	1618.8371875	1677.8181875	1367.22803125	1743.4195	1411.4146	1932.809875	1932.809875	1569.15675	1483.54425	1895.6924375	1458.951875	1401.06855	1794.4246875	2028.299
"ILMN_2761082"	179.535125	162.7807125	155.40856875	129.8673875	166.07181875	144.82524375	168.40875625	139.74475	136.9274375	160.0477875	151.7689375	142.93508125	193.9764375	157.1186375	123.00808125	151.2095
"ILMN_3112856"	146.9227125	131.98764375	136.433125	135.78506875	146.9227125	151.97038125	135.38901875	131.26336875	122.107636875	150.25461875	147.41726875	141.60225625	156.6076	143.70768125	127.073225	147.3033375
"ILMN_3161887"	184.41938125	209.34676875	157.85396875	179.535125	158.1595375	178.5072375	212.0886125	146.50975625	165.3524875	158.6116875	133.592925	167.95834375	221.9986125	167.6348	162.95665	171.7086875
"ILMN_1221851"	366.8555625	396.83708125	420.8278625	413.8246875	321.67085	454.06344375	407.921325	403.70125625	468.2711	413.8246875	353.18153125	497.95498125	404.8501	363.284225	426.70765	534.0548125
"ILMN_2729103"	1231.9370125	1294.01460625	1156.8387125	1183.43249375	882.18558125	1276.95708125	1291.7907625	1084.00139375	1344.11956875	1294.01460625	1120.43725	1426.4050625	1265.327025	1128.37155625	1330.8783	1449.6651875
"ILMN_1226259"	505.03666875	522.952875	475.17880625	509.03734375	338.11564375	539.6588	505.03666875	454.8536125	583.35471875	514.38961875	550.3105375	611.2885125	573.3738625	555.8922625	554.9542375	577.87453125
"ILMN_2717496"	347.93013125	383.01348125	353.69961875	352.2032125	192.278725	377.56054375	377.56054375	304.87086875	354.72424375	229.4819375	467.1607875	416.80261875	311.4795	404.8501	360.73080625	233.8516125
"ILMN_2624328"	242.38804375	187.2342375	206.86939375	192.75574375	211.83433125	224.8225	211.085175	214.4501625	207.61158125	194.500175	209.11500625	196.21144375	268.086125	210.68221875	183.2611375	188.71925625
"ILMN_2737771"	97.411860625	97.909808125	120.016961875	131.98764375	129.66274375	120.242454375	138.20509375	134.48510625	121.050814375	122.81610625	109.17301125	116.42814625	120.312873125	93.672030625	137.25285	136.3514
"ILMN_2704372"	139.66160625	154.25715625	174.1694	124.3636875	154.898	162.44010625	110.231133125	170.08375625	176.6034375	145.99215625	144.40739375	141.0830875	175.81434375	140.43761875	151.97038125	162.7807125
"ILMN_3021272"	143.5782875	141.65965625	142.93508125	145.99215625	137.9687625	176.90374375	134.7069375	137.25285	138.06913125	163.64845625	154.898	159.21589375	154.25715625	117.0603175	135.04935625	157.0106375
"ILMN_3093622"	123.252375	104.998863125	121.127618125	140.758425	94.27569625	119.63838875	147.3033375	147.652575	124.3063625	125.0645625	123.14139375	120.089904375	129.57466875	126.83335625	137.87319375	123.419725
"ILMN_3105343"	687.98139375	829.13074375	699.4288	644.6966625	631.27063125	815.414375	712.16630625	657.20195625	729.06335	746.36065625	781.69595	908.87373125	785.1105625	805.34804375	689.13815625	713.8766125
"ILMN_1243711"	138.7328625	149.55910625	121.57034375	178.0684875	117.718086875	154.98025625	176.73908125	141.4040875	144.96089375	153.15165	162.7807125	182.93705625	163.3029625	167.7780125	149.55910625	157.1186375
"ILMN_3036678"	201.84556875	199.078225	150.98616875	154.98025625	148.6497	208.31810625	189.8980875	192.5356375	175.38233125	146.0836625	225.5053	254.18753125	205.752275	214.2343125	150.15854375	168.6341
"ILMN_2656440"	628.72353125	600.65928125	463.1787875	511.8949625	524.3188875	612.15998125	731.98135	506.55626875	527.97433125	480.36246875	592.887675	618.6698125	713.8766125	687.98139375	627.34338125	488.4622375
"ILMN_1214631"	123.00808125	96.795344375	103.150916875	149.23314375	112.76624	130.47956875	107.867986875	140.9277875	143.70768125	132.28085	121.2497075	134.09401875	109.751948125	133.29675	127.90001875	99.049409375
"ILMN_2918317"	164.106975	167.4655125	195.7639125	163.47545	221.0247	165.9051	184.6136125	195.9714875	179.33101875	192.75574375	173.1867	185.79605625	185.5211625	145.29385625	118.777301875	152.14845
"ILMN_2859960"	130.2182625	133.86773125	137.7085625	125.0645625	131.59916875	125.909375	134.3388875	101.863208125	128.9028625	142.7377625	133.01849375	122.201485625	125.0645625	147.8332625	92.746936875	116.579599375
"ILMN_1250417"	1346.2142	1508.6094375	1222.9821	1010.49423125	1027.40008125	1390.10550625	1560.761875	1166.056025	1385.86663125	1346.2142	1818.694625	1411.4146	1577.6735	1799.6424375	1285.26755625	1528.8106875
"ILMN_2847004"	387.69631875	409.58745625	332.3091625	312.7602	309.12840625	404.8501	426.70765	342.21289375	375.9184375	344.74945	560.39495	444.7976625	477.2194	546.0745625	422.79503125	341.75748125
"ILMN_1218151"	136.433125	161.1169625	154.3985	125.21805	108.660346875	153.7817875	133.1910875	113.85569125	145.761225	127.41805625	170.59660625	125.4714	140.62593125	123.52100625	114.04221125	133.29675
"ILMN_2706140"	113.105346875	107.26728375	109.17301125	192.0934625	85.98857	121.127618125	129.966625	176.90374375	153.43323125	100.696285625	229.79181875	142.20985	121.57034375	190.13030625	186.352	94.6270975
"ILMN_1249888"	1646.2829375	1876.826625	1557.4691875	1577.6735	1458.951875	1739.1569375	1932.809875	1791.22925	1881.095125	1834.548	1972.582	1470.4425625	2031.236625	2057.710125	1929.466625	1351.6376
"ILMN_2659879"	83.37479125	87.48822625	69.59394625	107.80975375	69.1022575	75.392128125	86.3778	125.29280625	111.16054875	76.753215	130.47956875	81.50342125	89.62860625	132.4452375	143.5782875	77.5365125
"ILMN_3163572"	191.38894375	231.2587625	220.013025	174.89948125	195.9714875	215.65326875	187.99031875	193.043575	190.33600625	202.13511875	178.23885625	209.34676875	224.4901	184.74385	195.0619375	203.19638125
"ILMN_2723474"	550.3105375	613.03275	554.1605625	808.31851875	423.30259375	542.6043	582.71525	766.45550625	760.016675	447.68239375	856.60740625	557.66410625	565.33768125	833.79806875	707.5388	546.9559125
"ILMN_1243799"	107.2045975	108.415801875	115.3305275	121.84311875	136.82820625	122.201485625	116.99381875	134.02605	124.056975	117.785030625	119.077958125	112.00672375	109.812659375	126.1241625	121.050814375	117.857815
"ILMN_2659063"	136.65300625	131.514275	119.588936875	172.16496875	97.297570625	114.34263375	118.36620625	190.72886875	183.5885	132.75633125	182.68725625	158.9071625	130.2182625	185.5211625	184.41938125	108.0135675
"ILMN_2659062"	120.157548125	131.59916875	133.1910875	166.55055	82.394124375	109.597521875	146.66913125	193.79353125	209.84545	150.67323125	153.03776875	152.7725125	131.98764375	185.99401875	172.96285	95.9232675
"ILMN_3033533"	1186.45541875	1283.01740625	1219.9291875	1274.3487	1255.65941875	1376.17988125	1314.895575	1143.343875	1138.998875	1300.52404375	1193.99459375	1136.6648125	1235.48928125	1079.6510625	1159.489775	1369.23980625
"ILMN_3107228"	581.90118125	557.66410625	615.13665625	675.5408125	662.1849625	620.91896875	527.97433125	672.850275	588.19000625	552.70248125	566.9478125	602.364075	649.38925625	511.37675625	571.902025	478.04355
"ILMN_2901283"	1045.07010625	998.31044375	960.04960625	944.844025	856.60740625	971.06836875	1096.0162875	958.69609375	981.96119375	940.56146875	1154.7735125	941.5663625	1042.00929375	1047.2555875	935.4101625	891.9621375
"ILMN_2901284"	3814.110625	3523.8733125	4186.928375	3584.8085	3543.0768125	3584.8085	4009.490375	3832.903375	3968.61275	3416.61325	4305.6294375	3658.6510625	3688.003875	3584.8085	3796.905625	3388.5791875
"ILMN_1222246"	642.9729	639.13488125	623.23298125	473.54161875	694.11808125	700.8844	567.74780625	558.66334375	495.48429375	600.65928125	483.78041875	550.3105375	593.84244375	508.08930625	417.18845625	628.72353125
"ILMN_2850077"	589.02404375	508.08930625	527.97433125	663.6307	712.16630625	585.5234625	385.17415	505.03666875	819.45544375	517.55479375	465.43049375	527.97433125	521.22874375	595.30204375	566.9478125	475.17880625
"ILMN_1258501"	545.32123125	423.30259375	507.13303125	479.1273375	609.15739375	428.38743125	365.3517	410.31115625	537.29075625	427.27374375	278.920525	391.82051875	362.5706625	425.568775	407.06303125	329.82200625
"ILMN_1242178"	1655.3744375	1569.15675	1702.633625	1463.571375	1996.4138125	1567.026875	1594.2024375	1670.214625	1445.528	1936.8555625	1287.05383125	1618.8371875	1390.10550625	1334.8682125	1485.7453125	1808.7046875
"ILMN_2989650"	166.65600625	140.43761875	178.395625	147.8332625	181.81199375	142.3190875	155.73429375	156.84261875	133.1910875	178.0684875	119.173605625	159.40914375	153.8966625	148.979125	142.50945	169.459175
"ILMN_2688651"	137.57098125	137.01285	147.54801875	125.4714	147.3033375	145.88445	154.25715625	125.4714	134.26451875	157.73433125	124.47621875	117.0603175	127.74073125	134.81919375	126.048375	138.9933875
"ILMN_2675064"	1087.3466875	806.6958625	1175.58714375	645.9289125	1418.5795625	783.53573125	941.5663625	632.8636	582.71525	1297.6508375	509.63761875	943.31915	869.54311875	579.673675	508.08930625	1087.3466875
"ILMN_1213531"	7479.230875	6998.21	7071.3248125	8452.9129375	6625.522875	7601.73825	7200.2993125	8047.471875	8388.05225	7256.1364375	8388.05225	7419.959625	7798.0423125	8751.5815	8388.05225	7662.624
"ILMN_1260219"	5838.7989375	5838.7989375	5740.3068125	4765.8735	5657.804625	5954.9835625	6001.081	4973.2094375	5432.1208125	5266.1386875	5065.319625	6333.1640625	5467.5040625	5156.838125	4403.614	6210.4018125
"ILMN_2702471"	6248.408625	6210.4018125	6723.2856875	5954.9835625	6511.084625	5909.277875	6058.9016875	6723.2856875	6428.544875	7071.3248125	5266.1386875	6290.24225	6333.1640625	5179.0949375	5954.9835625	5563.0125625
"ILMN_2986899"	14129.805625	15645.155625	15377.3975	15377.3975	13718.9189375	15377.3975	14392.26875	15645.155625	15377.3975	14639.404375	15377.3975	15645.155625	14973.883125	15936.1675	14639.404375	13172.297875
"ILMN_1247207"	199.29734375	235.7126625	200.3612125	229.14716875	212.0886125	261.22823125	254.39213125	211.83433125	222.3505375	188.95624375	326.2479375	176.03235625	281.146125	255.85755625	225.5053	237.89168125
"ILMN_2765378"	159.54588125	134.48510625	138.4033875	132.92771875	137.57098125	148.76030625	120.935578125	150.15854375	161.41156875	156.6076	151.10538125	136.9274375	138.4033875	157.26195625	147.8332625	154.1876625
"ILMN_2805261"	2641.2374375	2705.3735625	2912.180875	2979.4065	2476.0315625	2647.688375	2269.339	2997.8144375	2573.4615625	3097.4584375	2392.535375	2535.7879375	2331.606375	2556.7989375	2798.007875	2545.5605
"ILMN_1254016"	268.086125	280.78843125	309.12840625	287.631325	347.93013125	254.69883125	257.03089375	246.59630625	258.01679375	289.51720625	242.38804375	259.99785	254.39213125	250.43120625	308.46138125	300.2887625
"ILMN_1244424"	146.337125	147.41726875	128.1820625	128.80449375	118.70487875	128.4515375	165.3524875	133.495475	142.93508125	140.758425	174.89948125	111.642268125	145.16591875	144.0709875	142.63595625	138.20509375
"ILMN_2633148"	223.51984375	247.3329875	215.12844375	263.16635625	223.24974375	202.7597125	233.07575625	233.603175	244.6799375	250.96471875	268.4554125	216.21751875	245.65989375	278.54705625	248.38111875	261.992325
"ILMN_2657876"	130.0706125	115.39087375	122.9097875	112.821178125	116.0685975	125.21805	128.10186875	110.04152	101.432425625	121.050814375	119.36188375	118.285725	99.4223525	154.53503125	122.399984375	131.76215
"ILMN_2595704"	5467.5040625	5467.5040625	5283.5250625	4904.36175	5310.5491875	5603.8941875	5179.0949375	5065.319625	4953.7386875	5690.447375	5127.310375	5807.3333125	5349.3264375	5467.5040625	5156.838125	5603.8941875
"ILMN_2786973"	9740.1449375	8548.0080625	9552.244625	7369.15725	11274.7985625	10276.904625	10276.904625	7419.959625	7541.13875	9357.0213125	7860.3515625	10165.8596875	10381.7305625	7507.8775625	7860.3515625	9357.0213125
"ILMN_1247158"	7419.959625	7108.2274375	7156.718625	6685.6085625	8666.6628125	8666.6628125	8300.5935625	6058.9016875	6723.2856875	6893.8591875	7369.15725	7200.2993125	8388.05225	7108.2274375	7039.666875	7071.3248125
"ILMN_1257998"	6117.9055	6466.3218125	5807.3333125	5097.3593125	7980.7325625	6625.522875	6625.522875	5432.1208125	4973.2094375	5540.2685	5772.2266875	6001.081	6377.3095	5772.2266875	5283.5250625	6290.24225
"ILMN_2639063"	120.312873125	127.37516875	112.07261625	137.01285	117.338401875	110.576255625	118.70487875	138.7328625	99.9682525	108.590815625	112.488049375	114.593608125	106.539691875	109.4476275	116.99381875	104.588333125
"ILMN_1226731"	1531.424875	1547.57	1797.0263125	1557.4691875	1575.5840625	1538.7828125	1452.8455	1489.162	1618.8371875	1567.026875	1544.9056875	1538.7828125	1722.9694375	1536.2146875	1601.1688125	1563.7163125
"ILMN_2598576"	525.1207875	507.13303125	529.98285	468.2711	470.640325	482.94526875	586.2167	519.3563625	454.8536125	518.84098125	505.03666875	532.87104375	456.8246	457.3322875	456.1551125	447.68239375
"ILMN_1232907"	153.6196125	154.53503125	126.73568125	153.28154375	138.4033875	141.33224375	173.97199375	133.29675	147.01914375	127.74073125	107.2045975	154.98025625	109.55938875	153.6196125	125.3855125	118.641365
"ILMN_1259043"	208.31810625	217.37595625	245.44033125	203.03711875	258.5847125	214.2343125	174.89948125	199.49650625	219.489875	199.73144375	168.9639625	216.43915625	195.7639125	201.35433125	193.48036875	187.50133125
"ILMN_1228610"	126.73568125	119.751296875	175.81434375	128.6563625	151.7689375	146.9227125	130.15226875	136.9274375	137.3925375	188.136525	123.52100625	110.100755625	134.89888125	148.53309375	133.747825	162.2762625
"ILMN_1235741"	151.51890625	133.592925	131.07861875	141.0830875	150.67323125	122.7431125	154.3985	131.4411375	137.48125	132.5155125	152.14845	128.10186875	128.973025	121.57034375	133.01849375	116.73861375
"ILMN_2710611"	189.77638125	186.8385125	184.74385	175.06481875	193.043575	174.34795	181.9437375	221.3074625	174.764125	183.5885	159.54588125	161.25703125	189.8980875	233.07575625	154.898	162.44010625
"ILMN_1241610"	302.8226125	290.00418125	295.02664375	314.5734875	280.78843125	342.73308125	282.44331875	297.28149375	324.21904375	352.2032125	291.68979375	282.817125	318.1763625	288.69434375	306.5607625	373.83311875
"ILMN_3000318"	3401.315375	3457.957875	2972.661125	3081.87775	3280.8254375	3330.385125	3350.0475625	3538.4080625	3357.9559375	3259.195875	3523.8733125	3401.315375	3658.6510625	3442.0161875	3388.5791875	3128.8241875
"ILMN_2601590"	1122.60583125	945.78110625	879.30458125	1128.37155625	921.58768125	1021.6953125	995.0393375	1101.52970625	1170.59585625	1091.7272125	1093.46354375	1047.2555875	1199.44966875	1120.43725	1249.08265625	1160.7844625
"ILMN_2597936"	1152.5140625	1079.6510625	1049.3454625	1076.3518625	1103.4479	967.52325625	1017.39125625	955.7568875	967.52325625	1110.04635625	1138.998875	1042.00929375	1082.82698125	1057.93018125	999.9892375	1145.2287125
"ILMN_2957614"	176.2277625	162.44010625	194.6496125	180.31404375	212.92013125	193.2644875	159.40914375	169.3054875	172.16496875	197.9066	154.3985	197.674625	160.2164375	152.49919375	164.22484375	189.1305
"ILMN_2958099"	19420.533125	19059.6	19933.958125	20850.139375	20238.77625	19420.533125	16589.97125	20850.139375	20850.139375	20238.77625	18584.881875	19933.958125	17583.018125	15377.3975	19420.533125	21373.914375
"ILMN_1245079"	5954.9835625	5540.2685	6290.24225	6591.0685	6799.5575	6210.4018125	5432.1208125	6428.544875	6625.522875	6511.084625	5657.804625	6591.0685	5690.447375	5563.0125625	6927.059125	7369.15725
"ILMN_2711688"	493.6619875	399.33398125	510.3951625	437.247825	575.726775	479.1273375	420.8278625	453.2523375	400.88299375	467.1607875	361.95381875	546.0745625	492.403675	344.74945	469.8672	512.6917
"ILMN_2873822"	280.3735125	240.5617625	217.17126875	206.3916875	181.06749375	240.40243125	249.7243	201.35433125	236.042125	274.72690625	212.3307375	271.79109375	324.21904375	249.35498125	236.45716875	226.57635
"ILMN_3138674"	206.6462875	227.41956875	247.3329875	242.07989375	213.7292	185.79605625	197.674625	199.29734375	231.864125	232.20605625	240.01421875	224.22981875	164.9723375	183.4160875	222.806	216.8480125
"ILMN_2808336"	4430.0370625	5208.2486875	4403.614	4305.6294375	4507.455375	4744.4376875	4683.3188125	4623.8029375	4236.6	4457.1559375	4823.556375	5283.5250625	4683.3188125	4864.437875	4596.538125	4419.230375
"ILMN_1219173"	187.99031875	190.72886875	158.6116875	159.40914375	166.962625	172.16496875	196.7706	142.3190875	135.78506875	146.9227125	158.4774	186.1810125	179.94566875	158.796875	139.43243125	172.16496875
"ILMN_1255832"	1170.59585625	1285.26755625	1076.3518625	1057.93018125	927.3898375	1076.3518625	1243.66574375	1040.3809625	1122.60583125	1079.6510625	1255.65941875	1245.9268375	1036.73783125	1197.66168125	965.448975	1116.99195625
"ILMN_2756157"	191.0212875	176.03235625	176.2277625	229.4819375	201.61073125	170.59660625	198.0223	222.3505375	206.3916875	176.6034375	240.981925	217.5735625	236.042125	275.6885125	223.05815	189.8980875
"ILMN_1220700"	121.979066875	127.90001875	111.16054875	170.08375625	102.354020625	113.525783125	128.0214625	159.8800125	147.54801875	133.747825	230.35183125	134.7069375	133.592925	186.52754375	179.78310625	101.863208125
"ILMN_3154640"	928.80734375	1068.8899	816.41575	910.59219375	757.63383125	864.6376	1003.6911625	967.52325625	1011.69045	1030.10514375	1025.38715	854.99735625	1085.91533125	1082.82698125	921.58768125	931.23015625
"ILMN_2746055"	951.3225875	976.43411875	898.15866875	1050.24421875	1074.1825625	1091.7272125	1055.98661875	995.0393375	947.76564375	876.73246875	1135.11054375	1014.6866125	1114.94431875	856.60740625	995.0393375	958.69609375
"ILMN_1252760"	1219.9291875	1237.6670125	1197.66168125	1027.40008125	1390.10550625	1243.66574375	1261.6343125	1122.60583125	1070.6493875	1143.343875	996.23235625	1313.45749375	1495.3311875	1163.6286375	1085.91533125	1241.1790375
"ILMN_2707782"	183.76841875	233.07575625	163.47545	199.73144375	235.4533375	221.0247	239.76948125	227.09825	181.9437375	228.589075	227.7343625	215.12844375	233.35624375	245.65989375	171.546275	232.20605625
"ILMN_2665422"	1091.7272125	1081.4379875	1145.2287125	971.06836875	1178.06565	1125.43935625	1197.66168125	971.06836875	1007.92801875	1098.0628125	1131.15279375	1285.26755625	1189.44799375	974.65268125	985.8463875	1084.00139375
"ILMN_2691982"	817.69208125	863.02495	741.6727625	625.61735625	779.2653	886.03111875	871.08569375	731.98135	675.5408125	689.13815625	750.7542125	879.30458125	927.3898375	738.7639375	583.35471875	735.2436125
"ILMN_2702893"	143.0773	125.7254	134.7069375	134.1805125	155.40856875	141.65965625	135.4736125	156.73405625	135.6653625	128.1820625	143.0773	127.95043125	133.40468125	108.506135625	133.67243125	134.4111125
"ILMN_2597013"	117.5803575	100.3448375	109.12119375	123.419725	114.755384375	118.091490625	97.07607125	113.06367625	125.8138	85.37255875	110.231133125	108.8338675	132.28085	120.7926525	130.618125	111.53039
"ILMN_2827607"	163.47545	164.22484375	176.03235625	173.5161375	161.25703125	151.87925625	177.3205375	192.0934625	160.0477875	173.5161375	146.84636875	162.2762625	199.078225	196.4535	163.77671875	183.2611375
"ILMN_2600443"	157.0106375	167.3223	173.97199375	161.1169625	168.26489375	177.67216875	161.8096	188.71925625	182.34723125	128.9028625	145.16591875	139.1651375	177.12665625	193.64621875	180.51763125	147.95994375
"ILMN_2818717"	953.7593875	1062.77579375	936.8659625	1084.00139375	829.13074375	925.6917125	953.7593875	1204.60871875	1245.9268375	951.3225875	1189.44799375	852.04090625	1017.39125625	1070.6493875	1098.0628125	859.087225
"ILMN_2858324"	2139.582875	1972.582	2331.606375	2234.3534375	1936.8555625	2031.236625	2126.100375	1967.6745	2007.2110625	2119.2700625	2105.761875	2302.7791875	2072.523875	2179.9375625	2037.483125	2091.78225
"ILMN_2660898"	166.55055	195.197125	198.77406875	208.5434125	219.02440625	222.58170625	191.1885875	189.77638125	240.74000625	220.5396375	166.55055	180.31404375	223.51984375	230.55338125	254.99205625	199.29734375
"ILMN_2666445"	261.66200625	257.03089375	223.24974375	221.72159375	219.72244375	241.45310625	269.9456875	217.78400625	238.45175625	221.3074625	270.9667	265.866425	235.7126625	237.06363125	230.04545625	228.78979375
"ILMN_1215901"	886.03111875	816.41575	947.76564375	963.9681375	953.7593875	931.23015625	817.69208125	932.8508625	919.9506125	840.94978125	815.414375	991.44575625	827.55881875	689.13815625	821.23484375	915.080925
"ILMN_1226540"	1313.45749375	1627.8435625	1385.86663125	1348.9208375	1133.63441875	1217.45435625	1812.4966875	1423.8325	1310.47486875	1105.07545625	1428.524	1371.79743125	1136.6648125	1408.44643125	1210.36091875	1313.45749375
"ILMN_2960714"	228.78979375	219.72244375	208.31810625	199.985175	249.017375	250.43120625	194.84985625	189.54376875	233.35624375	260.3836875	241.45310625	183.97743125	256.12818125	193.9764375	268.4554125	211.83433125
"ILMN_1252335"	4351.897875	4645.4514375	4364.1930625	3968.61275	4708.9626875	4419.230375	4596.538125	4126.3891875	3852.391	4445.070125	4247.6826875	4403.614	4553.349	4379.1074375	3781.0464375	4430.0370625
"ILMN_2944765"	850.88728125	783.53573125	833.79806875	775.5117	785.1105625	752.51255625	680.34566875	746.36065625	765.3012375	806.6958625	783.53573125	859.087225	802.1467375	829.13074375	788.9523625	748.7588125
"ILMN_2760514"	649.38925625	641.70960625	620.91896875	668.77444375	543.3096125	591.04258125	555.8922625	626.51121875	639.13488125	573.3738625	686.72390625	592.887675	557.66410625	558.66334375	526.0119625	536.30255
"ILMN_1226520"	282.44331875	337.05235	317.90885625	271.464275	352.2032125	261.992325	386.5043625	308.46138125	242.98343125	322.95923125	426.13781875	262.349275	264.48115	423.7890375	297.918925	219.02440625
"ILMN_1234487"	439.27714375	532.87104375	565.33768125	516.2531	514.38961875	432.2625375	613.03275	408.38614375	420.2250875	631.27063125	489.3833625	480.36246875	469.8672	431.70553125	547.94208125	538.19415625
"ILMN_2674367"	2247.425625	2399.2875625	2295.03325	2798.007875	1622.054	2734.9736875	2234.3534375	3097.4584375	3010.3569375	2768.0050625	2593.8493125	2586.7810625	2777.01275	2535.7879375	3248.3035625	2972.661125
"ILMN_1227398"	166.07181875	121.772645625	95.342521875	81.327235625	105.712236875	136.5366125	116.786333125	106.0030875	113.472058125	91.150565	156.84261875	130.5351625	180.892275	147.41726875	85.176355	93.7726
"ILMN_3117612"	144.5738125	140.27619375	135.78506875	152.14845	125.13798125	158.36090625	134.4111125	147.54801875	141.81609375	152.14845	128.0214625	142.7377625	120.242454375	141.4040875	131.26336875	135.9188125
"ILMN_2972521"	2563.022875	1996.4138125	2867.9606875	2625.8334375	2506.3018125	2179.9375625	1924.92825	2989.498	2446.180375	2409.938125	2166.2265	2216.556375	1949.178875	2046.6180625	2179.9375625	1963.29175
"ILMN_2748850"	510.3951625	610.14373125	650.46941875	974.65268125	645.9289125	660.9562125	570.901275	1131.15279375	978.18965625	931.23015625	806.6958625	603.45503125	726.5232875	447.21463125	1195.67565	1101.52970625
"ILMN_2791665"	124.1470375	114.8682	115.46431875	109.17301125	137.01285	120.312873125	115.018353125	110.456805	111.862495625	126.83335625	117.95385375	111.754379375	127.90001875	121.84311875	117.2339	125.99110625
"ILMN_1220417"	167.7780125	161.25703125	177.67216875	163.77671875	189.1305	174.1694	175.38233125	143.70768125	159.54588125	174.89948125	171.546275	177.786475	174.34795	164.106975	138.648125	173.97199375
"ILMN_1228943"	411.14406875	365.3517	469.8672	450.69689375	388.7899	400.88299375	388.7899	435.0936125	377.56054375	364.3113375	397.6639875	351.3019	372.82493125	379.94990625	457.3322875	338.11564375
"ILMN_2916008"	996.23235625	740.36884375	886.03111875	967.52325625	905.71059375	918.47605	760.016675	809.6915375	877.92143125	910.59219375	864.6376	832.51063125	838.76995	927.3898375	889.52394375	785.1105625
"ILMN_2679447"	927.3898375	805.34804375	1006.582575	938.45773125	868.26401875	965.448975	893.52561875	927.3898375	899.8158	968.64079375	774.34953125	1070.6493875	798.8415625	941.5663625	944.844025	876.73246875
"ILMN_1245795"	1696.7961875	1541.3610625	1652.57875	1652.57875	1330.8783	1667.1086875	1685.458625	1505.664625	1485.7453125	1426.4050625	1553.8566875	1428.524	1594.2024375	1718.3888125	1551.11575	1460.8476875
"ILMN_3079919"	4334.681	4089.44975	4492.6698125	5875.1608125	4281.1286875	5097.3593125	3874.252375	6248.408625	5097.3593125	4623.8029375	4321.2529375	4068.588375	4973.2094375	4683.3188125	5772.2266875	4334.681
"ILMN_3159275"	165.550775	189.8980875	193.64621875	273.6787	209.84545	175.5692	185.79605625	259.42550625	285.92029375	210.0105125	299.24785	184.16316875	226.57635	231.864125	300.74229375	159.68008125
"ILMN_2729783"	372.3487625	276.7179375	369.03061875	242.38804375	384.07974375	357.60513125	223.24974375	263.842925	264.91688125	316.24873125	278.0741625	341.4254	321.10474375	255.4534625	342.73308125	278.0741625
"ILMN_2675072"	1569.15675	1881.095125	1598.1508125	1291.7907625	1718.3888125	1726.885875	1915.526625	1611.9604375	1382.702325	1718.3888125	1670.214625	1601.1688125	1855.76675	1710.0408125	1385.86663125	1799.6424375
"ILMN_2764036"	149.37121875	123.252375	95.37609625	87.75351	92.855700625	119.588936875	118.641365	95.84160875	91.005470625	88.79551125	131.16729375	100.783863125	105.9257075	142.3190875	90.670955625	94.184535
"ILMN_2993745"	291.433125	241.45310625	151.2095	130.47956875	147.41726875	221.9986125	212.3307375	137.7085625	153.03776875	131.76215	264.17246875	241.81903125	227.935725	247.1646875	135.38901875	140.33279375
"ILMN_2604835"	319.967375	324.6985	282.05160625	313.20505625	290.00418125	313.6639875	337.05235	286.827325	288.0676125	264.17246875	320.32921875	316.916175	291.026025	294.35015	288.0676125	321.67085
"ILMN_1234223"	142.81923125	174.89948125	146.19573125	177.12665625	138.06913125	177.12665625	153.03776875	186.1810125	187.666425	144.40739375	181.81199375	152.35095	167.144325	156.24549375	161.63675625	161.1169625
"ILMN_2681001"	427.64664375	481.95138125	401.43568125	331.742525	479.8137125	489.3833625	490.34479375	328.2315625	343.85986875	479.8137125	479.8137125	456.8246	526.0119625	381.57836875	383.61483125	361.95381875
"ILMN_1246017"	756.09396875	707.5388	746.36065625	822.8856875	797.94845625	787.04511875	626.51121875	770.86421875	781.69595	752.51255625	765.3012375	649.38925625	700.8844	625.61735625	730.3635	808.31851875
"ILMN_2673121"	181.2290125	167.6348	171.86004375	161.63675625	203.19638125	210.0105125	194.2811375	200.56753125	163.64845625	176.73908125	183.97743125	181.06749375	207.38165625	160.77870625	164.6086125	174.89948125
"ILMN_1249363"	4186.928375	4305.6294375	5065.319625	4364.1930625	3428.1263125	4364.1930625	4126.3891875	4523.228	4068.588375	3294.2288125	3627.76525	4445.070125	3523.8733125	3749.341625	4054.2248125	4089.44975
"ILMN_2942000"	538.19415625	547.94208125	618.6698125	509.63761875	588.19000625	531.27466875	537.29075625	569.84161875	431.70553125	515.20924375	452.6686625	440.4799375	450.69689375	468.97165	477.2194	513.767075
"ILMN_2645719"	1376.17988125	1274.3487	1285.26755625	1303.7116	1151.0470375	1330.8783	1213.42171875	1271.32739375	1321.35028125	1276.95708125	1207.328275	1423.8325	1229.01768125	1479.4730625	1354.34208125	1197.66168125
"ILMN_3160963"	5283.5250625	5511.9364375	5310.5491875	4953.7386875	5540.2685	5740.3068125	4729.1003125	4683.3188125	5156.838125	6058.9016875	5432.1208125	5349.3264375	5208.2486875	5432.1208125	5690.447375	5387.1456875
"ILMN_2987599"	335.20279375	327.28765625	302.349125	266.33793125	256.83043125	323.7177875	326.664175	231.52921875	256.83043125	284.8685125	329.82200625	296.62184375	291.68979375	348.8210375	246.3669	301.81316875
"ILMN_2600627"	248.38111875	321.10474375	255.85755625	230.35183125	292.523625	288.69434375	264.17246875	252.718175	243.81895	263.16635625	258.5847125	239.21446875	258.01679375	242.98343125	247.1646875	230.55338125
"ILMN_2680618"	116.141575	126.98818125	125.63270625	104.32323125	127.65724375	128.80449375	133.67243125	116.73861375	130.15226875	112.1349525	141.91661875	134.1805125	120.089904375	134.57726875	131.16729375	121.772645625
"ILMN_2857595"	227.7343625	247.89775	246.82248125	256.39871875	252.718175	240.5617625	223.51984375	282.05160625	274.272375	243.5153	244.29798125	225.68436875	268.93265	245.1670375	234.8745	269.270475
"ILMN_1249137"	210.68221875	234.25645625	204.0442375	187.2342375	206.86939375	151.3138125	203.7036375	193.9764375	187.50133125	181.81199375	223.51984375	193.48036875	211.32431875	210.41654375	206.86939375	210.41654375
"ILMN_2678355"	353.69961875	415.83955625	393.53711875	397.6639875	369.03061875	393.04778125	390.08191875	430.2709875	398.07675625	434.19785	445.36558125	431.14796875	434.19785	482.94526875	368.29223125	430.2709875
"ILMN_3161263"	464.00155	474.41370625	395.40934375	438.60104375	304.87086875	420.2250875	466.54915	467.1607875	522.0960875	456.1551125	551.37678125	394.8399375	433.3673375	442.4851375	423.7890375	372.3487625
"ILMN_2748941"	2046.6180625	2099.771	1852.93025	1739.1569375	1855.76675	2289.2633125	2179.9375625	1736.0078125	1764.57425	1886.0055625	2247.425625	1993.1465	2224.8838125	2007.2110625	1775.1008125	1980.6018125
"ILMN_1232123"	144.2734875	151.3138125	167.95834375	134.7069375	153.6196125	134.57726875	160.64474375	106.93114625	131.88230625	148.76030625	137.78745625	140.62593125	154.01814375	147.01914375	138.7328625	138.648125
"ILMN_1228048"	128.4515375	130.36976875	147.3033375	128.1820625	95.81574	139.66160625	104.405015	148.2553875	135.283975	130.618125	130.36976875	125.7254	114.34263375	148.2553875	129.74069375	130.15226875
"ILMN_3143088"	162.05531875	157.4278125	159.40914375	153.6196125	143.70768125	141.217025	115.46431875	161.1169625	162.44010625	149.091075	196.21144375	154.898	123.69855625	145.99215625	165.1109125	165.3524875
"ILMN_2714678"	195.57435625	175.18576875	178.5072375	148.85370625	183.97743125	180.892275	175.5692	172.96285	175.81434375	167.95834375	172.16496875	182.470475	166.1963625	191.0212875	155.40856875	171.1804625
"ILMN_2704690"	947.76564375	999.9892375	874.18005625	819.45544375	808.31851875	845.3110625	812.943	965.448975	895.183675	962.397525	884.5969875	876.73246875	971.06836875	872.95540625	822.8856875	936.8659625
"ILMN_3161105"	316.24873125	291.433125	325.7995625	306.5607625	216.21751875	333.84525	284.8685125	284.8685125	282.44331875	288.69434375	321.67085	336.565875	361.95381875	300.74229375	280.78843125	305.47679375
"ILMN_2736566"	116.34778375	119.441101875	134.3388875	132.34635	133.747825	126.27369375	137.3925375	130.96285	158.796875	158.1595375	126.65243125	114.96053625	140.43761875	112.76624	142.13395625	147.54801875
"ILMN_3161790"	90.480229375	102.643799375	110.918741875	112.00672375	107.433851875	118.565539375	93.22179125	142.43964375	146.9227125	112.883929375	113.984973125	103.008310625	104.9048225	96.50354875	112.52499375	125.7254
"ILMN_2620844"	118.22448625	143.0773	164.6086125	176.73908125	141.217025	147.41726875	149.739125	141.81609375	159.77998125	149.23314375	130.673325	164.9723375	146.0836625	154.1876625	143.86384375	153.15165
"ILMN_2743991"	135.283975	127.41805625	156.84261875	154.3985	141.0830875	134.89888125	117.12237875	161.8096	138.539325	140.9277875	145.48405	141.52035625	134.02605	138.27471875	151.2095	147.16050625
"ILMN_1213645"	167.6348	195.7639125	168.26489375	177.462375	184.6136125	184.9457625	236.042125	196.7706	225.68436875	204.77735625	212.0886125	177.67216875	184.74385	187.2342375	200.1890875	206.86939375
"ILMN_2759669"	475.17880625	478.57549375	426.70765	479.8137125	408.96751875	460.78855625	548.52860625	430.71465	434.19785	432.2625375	522.0960875	558.66334375	529.98285	468.2711	462.26758125	500.0371625
"ILMN_2704927"	253.82809375	286.20885625	256.39871875	273.00749375	293.51820625	228.589075	242.98343125	273.2488625	247.56793125	285.92029375	245.44033125	263.46951875	264.91688125	184.16316875	264.91688125	265.66158125
"ILMN_1259564"	1143.343875	1145.2287125	1955.9444375	1855.76675	1563.7163125	1202.76246875	1318.56764375	2002.9741875	2930.197	1572.2295625	1622.054	1028.589375	1422.125375	1354.34208125	1901.829125	1791.22925
"ILMN_2697174"	238.193125	218.28855	264.91688125	245.1670375	228.589075	321.374625	243.19339375	384.07974375	233.603175	268.93265	214.4501625	233.8516125	251.70985625	268.086125	283.7978875	331.23381875
"ILMN_2736847"	1079.6510625	1067.2242	519.3563625	461.68015625	549.745325	953.7593875	1065.3506625	477.2194	648.31620625	529.98285	1149.43653125	1112.35626875	967.52325625	1191.13270625	500.0371625	545.32123125
"ILMN_2615448"	164.784175	160.77870625	144.96089375	148.53309375	169.459175	157.26195625	148.2553875	148.53309375	129.316175	177.3205375	151.6387125	152.49919375	170.08375625	171.7086875	133.1910875	146.337125
"ILMN_1220232"	156.24549375	146.84636875	181.34725625	150.57566875	166.65600625	152.14845	135.04935625	165.1109125	179.94566875	196.94810625	155.12285	125.13798125	145.61169375	130.2182625	168.1026125	153.8966625
"ILMN_2654624"	474.41370625	777.27234375	376.416275	597.8765375	306.0933625	492.73689375	618.6698125	589.02404375	584.41195	292.0677	647.47771875	582.71525	532.1498625	812.943	407.921325	516.2531
"ILMN_3161863"	5065.319625	5432.1208125	4841.1090625	4204.1001875	4645.4514375	4789.1378125	5283.5250625	4492.6698125	4204.1001875	4729.1003125	5310.5491875	5232.6154375	5156.838125	4904.36175	4507.455375	4569.2170625
"ILMN_3160449"	490.34479375	532.1498625	546.0745625	642.9729	509.03734375	481.95138125	481.1763125	654.55994375	542.6043	581.90118125	605.90225	492.403675	517.55479375	630.12605	641.70960625	553.2030125
"ILMN_2970241"	832.51063125	916.6208875	775.5117	717.49173125	769.31840625	819.45544375	714.822675	752.51255625	800.71358125	837.33126875	832.51063125	819.45544375	840.94978125	779.2653	766.45550625	813.95219375
"ILMN_1223335"	2105.761875	2788.859125	1895.6924375	2838.851625	2586.7810625	1936.8555625	2513.31325	2827.7445625	3294.2288125	2112.686125	2898.0708125	1547.57	2255.1854375	3343.441125	2746.322625	1572.2295625
"ILMN_2762863"	437.728075	496.31449375	420.2250875	484.564275	407.921325	386.5043625	469.8672	551.37678125	541.17865	447.21463125	474.41370625	501.98858125	475.17880625	450.69689375	418.747925	444.7976625
"ILMN_1235782"	128.54684375	135.38901875	154.898	109.50569	127.4777875	132.28085	132.5155125	185.29855625	146.337125	114.673026875	128.10186875	143.192725	116.632200625	140.1623375	148.40835	166.1963625
"ILMN_2631610"	208.96401875	211.085175	296.62184375	248.77758125	299.66855	236.45716875	226.57635	232.5956875	205.2870625	263.842925	212.92013125	203.7036375	216.8480125	157.4278125	212.3307375	250.96471875
"ILMN_1260493"	183.04915	170.59660625	178.953525	172.53425625	169.58350625	165.1109125	167.6348	163.77671875	148.979125	155.55105625	155.40856875	169.13246875	171.546275	160.2164375	149.091075	181.81199375
"ILMN_2799596"	292.9288	258.2902125	269.7045375	307.8985375	287.1888875	285.92029375	275.1821875	302.8226125	358.12875	294.6525125	274.272375	319.967375	286.827325	246.59630625	325.7995625	250.671775
"ILMN_2605268"	1030.10514375	1085.91533125	928.80734375	1222.9821	843.49291875	1116.99195625	1114.94431875	1197.66168125	1028.589375	915.080925	1354.34208125	1096.0162875	1156.8387125	1175.58714375	1067.2242	953.7593875
"ILMN_2793739"	565.9701	526.9879125	627.34338125	630.12605	551.37678125	481.1763125	471.3431875	579.673675	517.001575	532.1498625	496.31449375	515.20924375	483.78041875	492.73689375	536.30255	485.22894375
"ILMN_1244835"	554.9542375	753.616675	522.952875	690.5415875	454.06344375	607.31725	649.38925625	700.8844	713.8766125	472.5667625	785.1105625	637.9178125	656.07823125	740.36884375	644.6966625	511.37675625
"ILMN_2643115"	269.7045375	246.59630625	250.671775	269.9456875	270.9667	233.603175	204.77735625	246.03025	268.3302125	240.981925	266.81874375	230.35183125	272.65581875	268.3302125	267.64753125	244.0659875
"ILMN_2847950"	576.9724625	617.6719875	658.75748125	580.90806875	671.48030625	723.8065125	660.9562125	545.32123125	462.26758125	615.13665625	579.673675	552.70248125	671.48030625	626.51121875	604.86969375	544.1691625
"ILMN_1214375"	657.20195625	669.51221875	550.3105375	707.5388	650.46941875	603.45503125	671.48030625	618.6698125	615.13665625	705.98616875	731.98135	615.13665625	717.49173125	809.6915375	717.49173125	615.13665625
"ILMN_1217864"	133.495475	132.5155125	116.85027375	132.28085	125.99110625	117.785030625	108.31334375	125.55423125	114.34263375	134.1805125	116.141575	133.1910875	124.79509375	107.2045975	124.6612875	132.4452375
"ILMN_2749448"	329.82200625	394.35784375	323.31540625	332.3091625	280.3735125	313.20505625	398.71056875	320.32921875	318.1763625	342.73308125	342.21289375	319.46595	341.4254	257.7532375	329.34705625	401.43568125
"ILMN_2650902"	229.14716875	259.99785	240.40243125	231.2587625	240.981925	247.89775	226.0252	199.078225	244.0659875	241.17445	275.6885125	198.77406875	247.3329875	264.17246875	221.0247	230.35183125
"ILMN_1220846"	1278.73228125	1093.46354375	1276.95708125	1428.524	1364.5571875	1278.73228125	1128.37155625	1338.7863	1511.49525	1435.8101875	1113.83363125	1460.8476875	1475.72125	1027.40008125	1470.4425625	1287.05383125
"ILMN_3162431"	311.85809375	268.3302125	234.8745	271.79109375	225.5053	273.6787	293.25979375	241.17445	313.20505625	282.817125	296.62184375	237.06363125	273.00749375	286.20885625	291.026025	270.3889125
"ILMN_2893321"	2310.01975	2433.1056875	2383.52925	2017.236625	2325.9018125	2586.7810625	2362.171375	2160.4850625	1945.120625	2255.1854375	2160.4850625	2469.6346875	2439.68675	2190.5333125	1986.81125	2209.1385
"ILMN_1224712"	143.3203125	116.786333125	132.85836875	145.61169375	124.56819375	138.7328625	138.84401875	126.4920875	133.86773125	139.74475	126.27369375	116.218871875	131.07861875	150.57566875	131.59916875	115.981615625
"ILMN_1221886"	707.5388	670.750325	708.58986875	671.48030625	740.36884375	675.5408125	709.83329375	686.72390625	719.327125	650.46941875	787.04511875	788.9523625	665.10776875	819.45544375	690.5415875	590.05653125
"ILMN_1241088"	148.2553875	132.15846875	148.76030625	149.739125	139.96889375	127.19753125	119.0158425	120.882648125	111.110415625	135.6653625	152.60274375	146.50975625	123.419725	135.18933125	129.8673875	124.7353875
"ILMN_2957944"	132.28085	108.590815625	124.79509375	122.81610625	142.81923125	146.19573125	141.52035625	110.70946125	131.59916875	115.2694675	121.050814375	136.433125	147.54801875	147.95994375	115.161709375	133.96085625
"ILMN_2804487"	260.3836875	219.262125	222.58170625	283.2316625	231.864125	241.17445	220.5396375	240.981925	275.6885125	209.5458	258.01679375	254.99205625	283.7978875	228.589075	238.45175625	251.70985625
"ILMN_1212938"	283.7978875	224.4901	228.78979375	326.664175	262.349275	298.4882625	241.6497	285.92029375	321.10474375	264.91688125	274.72690625	277.5543625	284.8685125	216.8480125	268.086125	303.06303125
"ILMN_2881272"	2119.2700625	2247.425625	1972.582	2362.171375	2339.571375	2383.52925	2133.6043125	3070.3590625	2053.1393125	1895.6924375	1855.76675	2446.180375	2007.2110625	2022.4721875	2593.8493125	2339.571375
"ILMN_2881263"	1692.298875	1901.829125	1643.147375	1422.125375	1963.29175	1616.6285625	1907.0588125	1458.951875	1360.29693125	1825.944125	1527.3249375	1866.53925	1660.214375	1646.2829375	1338.7863	1544.9056875
"ILMN_1227386"	304.53516875	279.37680625	266.81874375	256.83043125	293.88715625	292.9288	271.464275	264.17246875	290.51439375	298.8011875	234.09353125	338.59659375	265.3193125	301.81316875	287.1888875	265.866425
"ILMN_2590917"	139.1651375	143.5782875	127.073225	124.56819375	114.51671875	146.84636875	136.3514	130.36976875	115.2694675	130.96285	150.8209875	133.67243125	114.154368125	129.8673875	127.65724375	128.80449375
"ILMN_2777655"	4445.070125	4569.2170625	4445.070125	4281.1286875	4823.556375	4807.5564375	4765.8735	4169.9660625	4457.1559375	4430.0370625	4605.5571875	4596.538125	5127.310375	4596.538125	4419.230375	4445.070125
"ILMN_2667805"	6058.9016875	6591.0685	7369.15725	6428.544875	7479.230875	6466.3218125	6764.837125	6893.8591875	6511.084625	6248.408625	6077.354	5266.1386875	6158.776375	6333.1640625	6377.3095	6764.837125
"ILMN_2941972"	204.430875	194.1203625	200.56753125	209.34676875	201.84556875	190.33600625	253.82809375	174.89948125	210.89266875	205.445	267.13753125	185.5211625	207.61158125	215.30675	250.11290625	214.4501625
"ILMN_2658914"	139.74475	122.475746875	127.41805625	130.96285	115.8649425	131.98764375	119.274784375	133.747825	150.57566875	135.04935625	118.8443075	148.76030625	126.83335625	137.57098125	138.06913125	116.218871875
"ILMN_3135991"	157.26195625	164.784175	163.77671875	150.98616875	144.1759875	134.7069375	141.0830875	140.33279375	130.5351625	144.96089375	148.53309375	157.73433125	146.66913125	150.15854375	155.73429375	139.1651375
"ILMN_3078052"	117.718086875	127.81891875	122.475746875	116.218871875	134.48510625	154.898	97.617705	110.156050625	111.35877875	116.912251875	115.46431875	101.984600625	102.477095	105.46888125	106.1879975	138.84401875
"ILMN_2848473"	127.90001875	133.96085625	165.550775	155.89431875	145.761225	133.1910875	107.05458375	139.96889375	124.8635375	159.03290625	138.7328625	147.95994375	125.63270625	163.3029625	140.758425	138.27471875
"ILMN_2759770"	532.87104375	542.6043	571.902025	632.8636	473.54161875	583.35471875	496.31449375	574.73696875	552.70248125	524.3188875	598.88335625	650.46941875	527.97433125	593.84244375	541.9119	659.7359625
"ILMN_1235909"	355.2402	353.69961875	387.69631875	387.69631875	447.68239375	351.3019	357.60513125	378.65840625	333.84525	446.63266875	331.742525	370.0059125	430.71465	337.58796875	349.45023125	407.06303125
"ILMN_2660663"	158.1595375	130.866825	138.539325	139.43243125	169.3054875	163.14453125	152.60274375	154.01814375	163.950325	147.16050625	146.50975625	143.96694375	162.56773125	176.90374375	170.34245625	205.2870625
"ILMN_2641360"	2517.37275	2535.7879375	2453.9114375	2399.2875625	3188.1453125	2461.7744375	2625.8334375	2476.0315625	2647.688375	2788.859125	2620.036875	2517.37275	2665.720625	2476.0315625	2601.092	2746.322625
"ILMN_2791121"	2002.9741875	2362.171375	2409.938125	2046.6180625	2160.4850625	2234.3534375	2150.2455	2376.677125	2057.710125	2146.17425	2007.2110625	2173.1679375	2202.8358125	1977.7008125	1886.0055625	2269.339
"ILMN_1244147"	7071.3248125	7256.1364375	7108.2274375	5511.9364375	6248.408625	6859.5449375	6685.6085625	5909.277875	5283.5250625	6723.2856875	5208.2486875	8237.6955	6117.9055	5266.1386875	5033.8555	7321.8260625
"ILMN_1256564"	641.70960625	585.5234625	555.8922625	591.04258125	582.71525	634.0563625	750.7542125	527.97433125	486.8490375	630.12605	468.97165	648.31620625	652.8076625	538.19415625	453.2523375	582.71525
"ILMN_3146196"	2179.9375625	2647.688375	1977.7008125	1963.29175	1945.120625	2513.31325	2952.272375	2238.3295	2247.425625	1791.22925	3178.6443125	2697.970125	2593.8493125	2838.851625	2216.556375	1855.76675
"ILMN_2775655"	410.83665	520.20643125	367.63785625	379.2877125	399.9620875	388.7899	569.26025	331.742525	382.5141125	349.45023125	415.83955625	428.95229375	415.2649625	454.8536125	366.36539375	359.42853125
"ILMN_1219231"	1136.6648125	1463.571375	1001.74539375	893.52561875	1160.7844625	1159.489775	1435.8101875	934.17030625	951.3225875	1053.60926875	1357.10996875	1251.42295	1351.6376	1344.11956875	1055.98661875	1023.99141875
"ILMN_2645981"	131.98764375	168.26489375	128.973025	129.26061875	108.548009375	128.10186875	157.61219375	118.47405375	130.2182625	145.052675	133.40468125	140.27619375	139.88649375	142.20985	134.81919375	125.4714
"ILMN_1220276"	221.0247	257.48868125	268.086125	254.99205625	227.7343625	245.44033125	254.99205625	210.89266875	259.712775	262.349275	232.5956875	208.7850375	257.03089375	219.489875	227.7343625	276.7179375
"ILMN_2624622"	1180.604725	1170.59585625	1489.162	1825.944125	889.52394375	1126.4124125	1138.998875	1718.3888125	1403.350275	1432.3960625	1569.15675	1138.998875	1207.328275	1390.10550625	1797.0263125	1193.99459375
"ILMN_3116504"	447.21463125	518.84098125	435.0936125	480.36246875	504.200175	480.36246875	541.9119	489.3833625	452.6686625	454.06344375	524.3188875	456.1551125	568.59338125	491.07211875	569.84161875	546.0745625
"ILMN_2741238"	125.7254	150.25461875	119.751296875	142.7377625	121.050814375	126.3300625	112.69401375	138.9933875	146.66913125	130.2182625	148.979125	138.4033875	127.37516875	174.1694	135.18933125	148.76030625
"ILMN_3005211"	534.0548125	634.0563625	465.43049375	564.52480625	465.43049375	509.03734375	517.55479375	591.04258125	539.6588	430.71465	552.70248125	548.52860625	681.76365625	534.0548125	565.9701	549.745325
"ILMN_2944413"	1357.10996875	1367.22803125	1803.9235625	1726.885875	1582.8948125	1289.71745	1289.71745	1553.8566875	1611.9604375	1582.8948125	1563.7163125	1394.1235125	1222.9821	1551.11575	1638.7200625	1418.5795625
"ILMN_2920008"	350.7310625	361.4595125	442.4851375	379.94990625	354.1894	356.33750625	350.04360625	415.83955625	390.08191875	371.9615	356.33750625	359.42853125	333.38666875	410.31115625	355.6965	430.71465
"ILMN_1242769"	932.8508625	1103.4479	872.95540625	1091.7272125	1013.32305625	999.9892375	919.9506125	1126.4124125	1197.66168125	1059.94405	1081.4379875	1098.0628125	1045.07010625	1147.48524375	1072.09820625	1053.60926875
"ILMN_2627299"	2469.6346875	2331.606375	2685.290625	2581.1375	1881.095125	2392.535375	2289.2633125	2754.4678125	2439.68675	2476.0315625	2424.1591875	2482.9536875	2482.9536875	2383.52925	2433.1056875	2647.688375
"ILMN_2678495"	268.93265	239.76948125	205.752275	301.23424375	145.99215625	237.4585875	270.9667	275.6885125	281.61061875	201.05835625	278.54705625	243.19339375	165.72133125	320.71545	264.48115	142.7377625
"ILMN_2627300"	2526.8005	2238.3295	2734.9736875	2418.3295	1932.809875	2453.9114375	2331.606375	2685.290625	2601.092	2325.9018125	2545.5605	2601.092	2614.077125	2469.6346875	2439.68675	2506.3018125
"ILMN_2787785"	137.78745625	133.747825	119.077958125	114.755384375	122.81610625	126.40724375	165.1109125	116.912251875	108.548009375	138.4033875	110.50149375	139.43243125	118.22448625	119.274784375	119.48989875	120.242454375
"ILMN_2661287"	478.57549375	498.9142875	383.01348125	457.3322875	348.8210375	497.33415625	479.8137125	394.8399375	381.57836875	417.99370625	569.26025	587.318	543.3096125	600.65928125	471.3431875	420.8278625
"ILMN_2666607"	151.2095	120.157548125	146.337125	125.909375	144.2734875	136.1406375	159.68008125	138.84401875	123.252375	126.3300625	127.56598125	134.81919375	148.6497	148.85370625	130.2182625	127.19753125
"ILMN_3147135"	7369.15725	6799.5575	8452.9129375	8047.471875	9740.1449375	7256.1364375	7156.718625	8388.05225	7943.6365	7798.0423125	7798.0423125	6077.354	7541.13875	7200.2993125	7369.15725	8150.200625
"ILMN_3068754"	5179.0949375	4744.4376875	5875.1608125	6077.354	6466.3218125	5283.5250625	4986.7503125	5657.804625	5387.1456875	5772.2266875	5563.0125625	5310.5491875	5310.5491875	5657.804625	5838.7989375	5838.7989375
"ILMN_1247543"	7256.1364375	6859.5449375	9029.38475	7798.0423125	11435.2999375	7798.0423125	6859.5449375	8150.200625	7726.9431875	8948.2579375	7108.2274375	7108.2274375	7419.959625	7419.959625	7798.0423125	9126.596
"ILMN_1219188"	148.76030625	139.43243125	136.65300625	157.85396875	135.57924375	165.3524875	167.95834375	125.0645625	140.62593125	160.51105	152.7725125	159.03290625	193.2644875	145.48405	145.16591875	178.395625
"ILMN_2655871"	134.1805125	144.5738125	156.11439375	139.571175	149.739125	126.98818125	132.6169625	162.95665	128.6563625	166.962625	126.1241625	144.82524375	121.84311875	133.40468125	129.08156875	129.66274375
"ILMN_3160292"	274.272375	264.17246875	299.66855	264.17246875	257.48868125	273.00749375	207.38165625	267.64753125	240.40243125	300.04139375	239.76948125	322.47270625	215.30675	181.34725625	294.35015	231.52921875
"ILMN_2602837"	803.67116875	831.24433125	821.23484375	889.52394375	908.87373125	806.6958625	853.388	976.43411875	831.24433125	792.59404375	717.49173125	848.62478125	780.13395	765.3012375	853.388	989.583825
"ILMN_2625991"	659.7359625	720.15905625	808.31851875	601.505725	1007.92801875	788.10545	795.77954375	704.218775	695.53653125	925.6917125	704.218775	766.45550625	647.47771875	670.750325	731.98135	811.5633125
"ILMN_1256518"	7321.8260625	7798.0423125	6962.8776875	7156.718625	9029.38475	8047.471875	7798.0423125	7479.230875	7256.1364375	7860.3515625	7321.8260625	7601.73825	8237.6955	7541.13875	7507.8775625	7726.9431875
"ILMN_2908045"	848.62478125	938.45773125	848.62478125	908.87373125	1001.74539375	996.23235625	908.87373125	902.18765625	871.08569375	965.448975	1017.39125625	1017.39125625	915.080925	932.8508625	901.21771875	941.5663625
"ILMN_1214358"	944.844025	944.844025	806.6958625	932.8508625	872.95540625	848.62478125	895.183675	1021.6953125	1062.77579375	871.08569375	1105.07545625	949.26629375	1040.3809625	1226.22256875	1032.07013125	901.21771875
"ILMN_2655895"	222.806	256.83043125	214.2343125	269.270475	191.773575	192.75574375	230.04545625	219.72244375	298.4882625	180.16739375	314.1618625	269.270475	294.35015	321.67085	291.68979375	178.953525
"ILMN_2904321"	717.49173125	667.4936	649.38925625	574.73696875	648.31620625	709.83329375	601.505725	580.90806875	642.9729	670.750325	607.31725	763.20979375	645.9289125	627.34338125	648.31620625	738.7639375
"ILMN_1216614"	1524.771125	1455.159625	1616.6285625	1413.26638125	1907.0588125	1515.313875	1622.054	1452.8455	1442.690875	1749.6379375	1378.9131875	1636.542625	1611.9604375	1511.49525	1606.1010625	1652.57875
"ILMN_1231567"	340.85738125	410.83665	390.5186875	381.0655875	378.65840625	371.9615	343.85986875	371.23356875	338.97425625	410.83665	269.9456875	464.00155	306.0933625	282.44331875	351.3019	393.04778125
"ILMN_3143557"	1755.344625	2028.299	2255.1854375	1705.8923125	2259.2845625	1949.178875	1660.214375	1799.6424375	1636.542625	2295.03325	1219.9291875	1755.344625	1752.2866875	1495.3311875	1586.1915	1784.87
"ILMN_2440803"	221.9986125	254.39213125	252.718175	320.71545	223.51984375	220.5396375	204.0442375	280.78843125	286.827325	215.30675	247.89775	246.03025	267.13753125	290.00418125	277.5543625	201.61073125
"ILMN_1214070"	385.809775	369.49314375	393.04778125	352.63408125	411.7634625	401.43568125	366.36539375	340.2664125	305.47679375	408.96751875	372.82493125	408.96751875	350.04360625	355.6965	345.1946	434.19785
"ILMN_2655015"	6210.4018125	6764.837125	6685.6085625	7860.3515625	7321.8260625	7369.15725	6466.3218125	7108.2274375	7479.230875	6962.8776875	6859.5449375	7369.15725	6625.522875	6591.0685	7541.13875	7601.73825
"ILMN_2664040"	25675.50375	24753.2475	21373.914375	17583.018125	19933.958125	24154.835	25675.50375	18760.23	20238.77625	21818.649375	23517.495625	26525.784375	24154.835	22392.400625	20238.77625	23047.061875
"ILMN_2675874"	1364.5571875	1213.42171875	989.583825	1149.43653125	1183.43249375	1812.4966875	1401.06855	935.4101625	1411.4146	1065.3506625	889.52394375	1442.690875	1005.12975	1077.78473125	872.95540625	1235.48928125
"ILMN_3123473"	243.81895	295.6369875	222.3505375	250.671775	206.3916875	278.0741625	282.05160625	266.33793125	287.631325	257.7532375	311.4795	293.51820625	260.77003125	257.48868125	310.246	293.25979375
"ILMN_1222734"	363.284225	323.7177875	445.96159375	392.53830625	370.4164625	479.8137125	322.0296125	421.97100625	342.21289375	439.987375	249.7243	414.57105	397.6639875	265.66158125	354.1894	498.9142875
"ILMN_1257020"	273.6787	309.7184	312.47725625	323.7177875	357.04663125	306.0933625	313.20505625	428.38743125	459.12235	306.5607625	310.58943125	345.1946	374.20874375	287.631325	316.916175	447.21463125
"ILMN_2757008"	106.1879975	131.6764125	124.1470375	116.34778375	101.295458125	111.5830875	109.55938875	144.2734875	116.528839375	132.85836875	123.252375	115.981615625	117.2339	111.912886875	95.05765625	129.26061875
"ILMN_2898319"	328.66174375	383.61483125	433.3673375	429.70605625	359.42853125	324.21904375	370.4164625	439.987375	365.858425	500.0371625	336.03175625	387.19616875	289.51720625	334.29151875	299.24785	402.19800625
"ILMN_2733179"	16589.97125	17044.609375	17954.566875	18214.775	17583.018125	17329.62125	17329.62125	17583.018125	16589.97125	17044.609375	17329.62125	17044.609375	17954.566875	18214.775	15645.155625	16217.518125
"ILMN_1253178"	120.935578125	116.73861375	121.050814375	109.597521875	115.3305275	150.37110625	107.14978375	109.597521875	103.805381875	97.6491925	113.105346875	137.9687625	123.97418125	96.051245625	110.231133125	106.03756125
"ILMN_2645793"	288.99533125	258.5847125	221.0247	239.76948125	244.6799375	297.00449375	258.01679375	220.7673	286.20885625	246.03025	271.464275	302.8226125	294.6525125	232.89545	228.78979375	257.48868125
"ILMN_2953513"	198.2510125	188.54851875	145.052675	156.73405625	168.40875625	204.2428625	177.922875	134.3388875	157.1186375	183.2611375	163.14453125	184.41938125	198.521375	182.68725625	166.07181875	141.81609375
"ILMN_2664660"	4281.1286875	4472.218125	4553.349	4247.6826875	4492.6698125	4169.9660625	4660.884	4879.8963125	4218.05075	4492.6698125	4281.1286875	4364.1930625	4457.1559375	4351.897875	3968.61275	4141.8938125
"ILMN_1258158"	11274.7985625	12022.1184375	12601.4119375	13172.297875	9175.445125	10885.485125	11435.2999375	13965.5400625	11339.6023125	10069.3536875	10276.904625	10885.485125	11339.6023125	11009.9565	11274.7985625	12255.4739375
"ILMN_2590532"	129.4622	146.9227125	117.419678125	134.09401875	144.0709875	140.27619375	134.81919375	118.163625	129.4002375	128.54684375	122.399984375	151.2095	126.4920875	128.9028625	120.882648125	132.69996875
"ILMN_2599130"	27225.3225	29198.485625	27225.3225	29198.485625	29198.485625	27225.3225	30000.026875	29198.485625	29198.485625	25675.50375	31706.59375	28088.250625	27225.3225	29198.485625	28088.250625	25675.50375
"ILMN_2840533"	160.0477875	153.6196125	98.23254	99.9682525	112.38875	137.14124375	136.2780625	102.715284375	96.130509375	108.31334375	134.48510625	176.90374375	125.7254	151.6387125	84.9876675	83.657764375
"ILMN_1224012"	281.146125	296.62184375	161.1169625	171.1804625	195.197125	322.0296125	252.718175	181.06749375	172.71671875	169.459175	282.817125	394.35784375	278.0741625	304.0222125	137.14124375	126.40724375
"ILMN_3000759"	568.59338125	488.4622375	498.9142875	504.200175	522.952875	564.52480625	479.1273375	495.48429375	531.27466875	458.2919125	565.33768125	460.23505	598.88335625	516.2531	523.3652125	465.43049375
"ILMN_2817021"	225.30408125	213.9903875	262.8041375	258.5847125	252.41470625	223.05815	204.60563125	231.2587625	265.3193125	283.7978875	228.20060625	257.48868125	199.73144375	247.56793125	304.53516875	247.3329875
"ILMN_2680686"	163.950325	156.6076	157.9893375	188.136525	176.2277625	207.61158125	264.91688125	165.550775	165.550775	166.55055	194.500175	200.3612125	204.77735625	225.30408125	161.1169625	195.57435625
"ILMN_1215893"	352.2032125	321.67085	291.68979375	244.29798125	301.81316875	353.18153125	373.33550625	241.81903125	249.35498125	312.47725625	279.92881875	352.2032125	347.0615875	307.8985375	260.3836875	345.1946
"ILMN_2744459"	361.4595125	363.70033125	281.146125	258.01679375	355.6965	355.6965	360.18498125	236.796525	266.81874375	280.3735125	272.1875125	331.23381875	347.4346	270.9667	228.589075	369.03061875
"ILMN_2910106"	396.83708125	385.17415	325.1303125	301.81316875	389.2009	402.19800625	457.3322875	313.6639875	306.5607625	397.3154375	383.61483125	433.3673375	451.2888375	328.66174375	300.04139375	397.6639875
"ILMN_1215967"	600.65928125	576.9724625	589.02404375	532.87104375	704.218775	586.2167	590.05653125	546.0745625	577.87453125	684.94580625	617.6719875	610.14373125	599.761	436.54803125	591.9939625	675.5408125
"ILMN_1222503"	1553.8566875	1423.8325	1440.297625	1579.5619375	1616.6285625	1636.542625	1522.2485625	1582.8948125	1567.026875	1553.8566875	1643.147375	1611.9604375	1582.8948125	1458.951875	1563.7163125	1638.7200625
"ILMN_2660414"	463.1787875	454.06344375	473.54161875	481.1763125	483.78041875	464.7328625	420.2250875	497.95498125	479.8137125	457.3322875	482.94526875	488.4622375	462.26758125	467.1607875	471.853	452.6686625
"ILMN_3040759"	154.1876625	149.98421875	120.935578125	150.67323125	179.78310625	147.652575	171.86004375	149.65268125	145.48405	124.21180625	141.52035625	136.72255	151.3138125	115.68587625	160.2164375	175.81434375
"ILMN_1237963"	299.66855	322.47270625	298.8011875	265.3193125	258.01679375	312.7602	314.5734875	259.99785	243.19339375	265.866425	253.4402375	311.85809375	325.7995625	268.4554125	247.56793125	281.146125
"ILMN_2765304"	181.81199375	138.7328625	128.3261875	142.63595625	141.52035625	158.6116875	149.55910625	129.4622	125.3855125	150.15854375	128.54684375	132.15846875	149.65268125	130.36976875	117.0603175	137.3925375
"ILMN_2687908"	109.025455	130.47956875	139.66160625	126.9317625	119.48989875	124.8635375	118.285725	112.657985	116.579599375	142.93508125	113.525783125	130.15226875	158.4774	132.6169625	125.21805	130.0706125
"ILMN_2609495"	239.76948125	284.51064375	275.1821875	262.349275	276.7179375	298.8011875	292.9288	270.3889125	266.33793125	272.1875125	270.3889125	288.69434375	304.87086875	281.146125	309.7184	292.0677
"ILMN_2892292"	134.81919375	131.76215	164.784175	152.35095	140.9277875	161.25703125	157.73433125	147.41726875	152.14845	146.337125	197.9066	148.85370625	165.550775	165.9051	149.739125	181.2290125
"ILMN_2613908"	843.49291875	750.7542125	624.3748875	492.73689375	565.9701	803.67116875	597.8765375	515.81448125	514.38961875	549.745325	517.001575	712.16630625	589.02404375	531.27466875	598.88335625	494.868575
"ILMN_2928453"	196.94810625	188.35061875	192.5356375	199.49650625	201.35433125	212.0886125	191.38894375	225.5053	168.40875625	184.9457625	196.94810625	213.7292	203.19638125	178.953525	182.93705625	179.78310625
"ILMN_2863837"	908.87373125	791.47709375	671.48030625	684.94580625	665.10776875	889.52394375	829.13074375	748.7588125	910.59219375	788.10545	725.467375	899.8158	1043.453	752.51255625	710.8884375	1001.74539375
"ILMN_1248005"	129.66274375	121.127618125	119.36188375	120.242454375	138.648125	115.7411025	125.0645625	109.07892375	109.33107875	115.3305275	110.3359825	129.4622	141.4040875	108.076790625	125.29280625	113.06367625
"ILMN_3001417"	4708.9626875	4247.6826875	3676.100625	3306.58425	3749.341625	4605.5571875	4107.2114375	3486.6504375	3486.6504375	3627.76525	4141.8938125	4605.5571875	4534.1989375	4158.0104375	3543.0768125	3937.3581875
"ILMN_2620053"	153.7817875	142.20985	138.84401875	154.898	133.592925	148.2553875	123.14139375	142.81923125	151.7689375	159.54588125	139.66160625	148.979125	148.76030625	150.37110625	144.0709875	141.65965625
"ILMN_2717470"	585.5234625	657.20195625	754.67213125	719.327125	663.6307	635.1811875	636.37033125	720.15905625	637.9178125	634.0563625	645.9289125	710.8884375	591.04258125	610.14373125	595.30204375	660.9562125
"ILMN_2817883"	597.8765375	598.88335625	652.8076625	670.750325	599.761	597.8765375	578.90990625	554.1605625	621.7679875	598.88335625	567.74780625	665.10776875	611.2885125	522.0960875	549.745325	591.9939625
"ILMN_3084791"	331.742525	377.12295625	377.56054375	366.36539375	387.19616875	391.17670625	347.93013125	327.88030625	349.45023125	343.85986875	439.987375	365.858425	348.8210375	385.17415	404.8501	413.8246875
"ILMN_2681123"	2037.483125	2119.2700625	1967.6745	2190.5333125	1547.57	2062.787125	2031.236625	2133.6043125	2513.31325	1712.9796875	2409.938125	2383.52925	2362.171375	2497.0566875	2133.6043125	2011.2341875
"ILMN_2663920"	893.52561875	936.8659625	727.81856875	692.751325	780.13395	882.18558125	912.4321125	705.98616875	658.75748125	765.3012375	681.76365625	845.3110625	907.256775	639.13488125	618.6698125	802.1467375
"ILMN_3135801"	169.58350625	180.77294375	194.84985625	193.79353125	170.34245625	149.65268125	200.1890875	184.41938125	196.94810625	198.0223	188.35061875	150.57566875	168.40875625	195.9714875	205.445	220.7673
"ILMN_3058640"	100.75261875	116.912251875	109.55938875	113.31440875	132.0691125	120.40136625	126.27369375	117.2339	118.091490625	123.97418125	124.56819375	135.6653625	106.824434375	131.6764125	119.173605625	124.98413125
"ILMN_1249590"	279.37680625	319.967375	268.3302125	247.3329875	380.52413125	219.72244375	227.935725	390.08191875	283.7978875	264.48115	323.31540625	239.76948125	243.81895	283.7978875	274.72690625	608.093875
"ILMN_2992239"	666.07275	687.98139375	901.21771875	837.33126875	833.79806875	690.5415875	668.77444375	842.2797125	991.44575625	886.03111875	637.9178125	571.902025	501.98858125	1160.7844625	854.99735625	951.3225875
"ILMN_2831944"	200.3612125	219.489875	241.17445	222.3505375	234.09353125	230.9218	141.60225625	203.35528125	211.59015625	226.8536625	165.1109125	193.79353125	237.89168125	206.6462875	214.87058125	227.7343625
"ILMN_2722902"	9420.62425	9263.605375	8847.706625	10615.614375	7369.15725	9420.62425	8388.05225	10493.2706875	10686.61875	9126.596	11339.6023125	9175.445125	9357.0213125	10028.724375	10615.614375	8300.5935625
"ILMN_1216842"	169.3054875	151.6387125	150.25461875	160.2164375	111.912886875	161.1169625	160.51105	177.786475	171.7086875	153.7817875	179.18690625	166.07181875	170.97615	157.0106375	153.8966625	134.57726875
"ILMN_1259418"	3992.3678125	3902.69575	3796.905625	3902.69575	3136.9086875	4141.8938125	3658.6510625	3442.0161875	4126.3891875	3890.9494375	3890.9494375	4569.2170625	4068.588375	3612.062	3294.2288125	4204.1001875
"ILMN_1214975"	339.82898125	427.64664375	360.73080625	344.74945	332.3091625	347.4346	382.5141125	446.63266875	404.8501	417.18845625	402.19800625	397.6639875	358.12875	412.3047375	338.97425625	396.83708125
"ILMN_3135640"	358.12875	444.228375	315.86405	372.3487625	314.1618625	341.4254	363.284225	397.6639875	392.53830625	340.2664125	468.2711	331.742525	334.72335625	444.228375	347.0615875	332.81544375
"ILMN_2650266"	230.55338125	210.89266875	149.739125	159.77998125	178.5072375	238.79714375	225.05390625	120.016961875	173.36885	191.773575	205.752275	244.29798125	236.796525	190.5250625	153.7817875	154.53503125
"ILMN_2774049"	168.26489375	178.0684875	165.1109125	205.100125	161.1169625	176.73908125	161.63675625	241.6497	216.8480125	172.53425625	242.07989375	162.56773125	181.50995	242.07989375	245.44033125	188.136525
"ILMN_3160992"	147.41726875	141.0830875	118.8443075	136.65300625	149.091075	142.20985	139.571175	137.3925375	130.673325	127.56598125	125.909375	147.41726875	150.25461875	111.298870625	118.565539375	130.36976875
"ILMN_2626453"	314.1618625	265.66158125	239.43034375	211.085175	215.30675	320.71545	313.6639875	237.06363125	177.67216875	204.60563125	270.64926875	256.39871875	237.4585875	353.69961875	212.0886125	186.96800625
"ILMN_2796089"	8452.9129375	8948.2579375	8237.6955	9420.62425	10165.8596875	9029.38475	10165.8596875	9420.62425	8666.6628125	9029.38475	8948.2579375	7980.7325625	9593.003	9936.6240625	9673.0278125	8548.0080625
"ILMN_2901312"	569.84161875	675.5408125	619.8589375	532.1498625	611.2885125	613.95905625	534.0548125	508.08930625	503.36816875	609.15739375	561.45229375	630.12605	541.17865	563.2545375	475.9832625	637.9178125
"ILMN_2859778"	1840.8434375	1696.7961875	1996.4138125	1920.0846875	2072.523875	1986.81125	1895.6924375	1788.49725	1746.5230625	1808.7046875	1836.439375	1859.828	1794.4246875	1467.761125	1911.486125	1616.6285625
"ILMN_2738536"	9029.38475	8847.706625	9936.6240625	8548.0080625	10276.904625	8948.2579375	9511.48625	10276.904625	9511.48625	9673.0278125	8751.5815	8847.706625	9740.1449375	9263.605375	10028.724375	9175.445125
"ILMN_2648397"	1423.8325	1426.4050625	1572.2295625	1297.6508375	1655.3744375	1297.6508375	1499.3388125	1344.11956875	1300.52404375	1632.5483125	1210.36091875	1413.26638125	1307.1524375	1156.8387125	1376.17988125	1522.2485625
"ILMN_2870688"	1351.6376	1382.702325	1432.3960625	1479.4730625	1472.9005	1485.7453125	1557.4691875	1696.7961875	1582.8948125	1369.23980625	1508.6094375	1492.257625	1489.162	1449.6651875	1553.8566875	1508.6094375
"ILMN_2875251"	406.37385625	386.5043625	288.0676125	249.35498125	278.54705625	310.246	371.23356875	318.90009375	330.29816875	302.8226125	364.7329125	327.28765625	413.8246875	389.2009	305.2121375	335.6156625
"ILMN_3160697"	1268.02655	1354.34208125	1231.9370125	1528.8106875	1070.6493875	1394.1235125	1195.67565	1346.2142	1538.7828125	1351.6376	1518.4934375	1249.08265625	1237.6670125	1442.690875	1557.4691875	1149.43653125
"ILMN_2874422"	297.00449375	221.72159375	265.866425	252.9415	325.7995625	240.981925	242.38804375	265.866425	214.2343125	295.02664375	224.4901	246.59630625	238.45175625	263.16635625	232.89545	230.04545625
"ILMN_1254653"	449.20795	285.64140625	436.54803125	462.26758125	410.31115625	388.32369375	285.92029375	464.7328625	381.99676875	460.78855625	264.726425	406.37385625	388.32369375	252.9415	431.14796875	510.3951625
"ILMN_2759365"	165.1109125	290.51439375	272.65581875	305.2121375	268.4554125	193.48036875	338.97425625	223.05815	365.3517	164.9723375	256.39871875	293.25979375	300.2887625	315.86405	224.8225	262.349275
"ILMN_2844820"	159.8800125	103.23122	133.86773125	165.9051	137.25285	187.2342375	83.635739375	164.784175	199.078225	139.335075	114.27682125	163.64845625	182.68725625	85.807041875	124.056975	185.79605625
"ILMN_1232621"	4986.7503125	3937.3581875	5033.8555	4708.9626875	4744.4376875	4660.884	3688.003875	5097.3593125	4729.1003125	5156.838125	4744.4376875	4973.2094375	4334.681	4507.455375	5065.319625	4596.538125
"ILMN_2715601"	2734.9736875	2607.5470625	2641.2374375	1977.7008125	2898.0708125	2754.4678125	2788.859125	1746.5230625	2139.582875	2898.0708125	2433.1056875	2808.7315625	2788.859125	2370.272375	2072.523875	2943.34825
"ILMN_1236869"	6625.522875	7943.6365	5954.9835625	5232.6154375	5807.3333125	6723.2856875	7726.9431875	6290.24225	6290.24225	6210.4018125	8452.9129375	6723.2856875	7943.6365	8548.0080625	6591.0685	5690.447375
"ILMN_1244879"	2173.1679375	2209.1385	2053.1393125	1560.761875	2424.1591875	2072.523875	2310.01975	1528.8106875	1638.7200625	2238.3295	1870.0569375	2325.9018125	2392.535375	1932.809875	1656.9044375	2295.03325
"ILMN_2718030"	1440.297625	1303.7116	1470.4425625	2354.48075	1120.43725	1495.3311875	1472.9005	2119.2700625	2209.1385	1643.147375	2011.2341875	1291.7907625	1467.761125	2133.6043125	2383.52925	1463.571375
"ILMN_3158444"	254.18753125	263.46951875	240.5617625	370.4164625	155.12285	220.2211625	217.37595625	345.94235	394.8399375	278.0741625	387.69631875	259.10086875	240.981925	347.4346	427.64664375	232.5956875
"ILMN_3079138"	114.711198125	102.0620025	135.04935625	216.0453	94.003376875	94.97985875	114.09009	222.58170625	217.37595625	106.576385	181.2290125	138.84401875	100.387825	246.3669	258.2902125	100.8069925
"ILMN_2622306"	95.342521875	105.1795875	101.067365	103.275341875	80.555284375	92.065444375	128.6563625	129.26061875	134.02605	90.98027375	118.70487875	131.98764375	112.20645125	122.0390925	97.53588375	76.942556875
"ILMN_1227817"	579.673675	694.11808125	616.66825	679.33685625	451.2888375	550.3105375	595.30204375	699.4288	717.49173125	537.29075625	652.8076625	641.70960625	556.671325	781.69595	708.58986875	495.48429375
"ILMN_2771712"	428.95229375	437.247825	381.57836875	351.3019	393.53711875	370.4164625	389.2009	365.858425	384.5962625	405.55344375	423.30259375	381.0655875	429.70605625	313.6639875	353.18153125	421.2821375
"ILMN_2663741"	2133.6043125	2150.2455	2319.68575	2057.710125	2224.8838125	2224.8838125	2002.9741875	2041.4144375	1818.694625	2331.606375	1955.9444375	2234.3534375	2011.2341875	1929.466625	1907.0588125	2190.5333125
"ILMN_2950286"	30000.026875	27225.3225	34703.595625	34703.595625	34703.595625	34703.595625	23517.495625	34703.595625	28088.250625	31706.59375	25675.50375	39382.785	31706.59375	17583.018125	33148.40375	34703.595625
"ILMN_2625451"	15377.3975	10165.8596875	18760.23	19059.6	17329.62125	17954.566875	9126.596	17329.62125	14129.805625	15645.155625	10165.8596875	23047.061875	15645.155625	6117.9055	15936.1675	17583.018125
"ILMN_2624749"	1062.77579375	1077.78473125	962.397525	931.23015625	879.30458125	1099.7499	996.23235625	1085.91533125	1131.15279375	967.52325625	1087.3466875	1128.37155625	985.8463875	1055.98661875	972.88915625	1128.37155625
"ILMN_3072676"	609.15739375	425.568775	642.9729	650.46941875	548.52860625	626.51121875	391.82051875	674.1961875	632.8636	621.7679875	481.95138125	690.5415875	602.364075	430.2709875	640.4643375	611.2885125
"ILMN_3151492"	297.918925	216.5864875	348.39780625	347.4346	264.91688125	291.68979375	192.75574375	343.43558125	326.2479375	338.11564375	205.2870625	282.44331875	333.84525	209.34676875	306.0933625	281.61061875
"ILMN_3126458"	212.0886125	225.05390625	216.5864875	235.7126625	228.20060625	206.3916875	228.589075	210.0105125	221.4735125	226.0252	243.19339375	190.5250625	191.1885875	250.11290625	208.0264875	192.75574375
"ILMN_1221440"	149.98421875	167.144325	160.64474375	173.36885	168.9639625	169.3054875	185.99401875	176.3861875	191.93235625	166.39635	164.22484375	145.88445	196.94810625	179.33101875	177.922875	155.9893625
"ILMN_2675464"	842.2797125	825.71355625	819.45544375	797.94845625	686.72390625	779.2653	767.94165	1138.998875	936.8659625	763.20979375	727.81856875	903.69043125	806.6958625	999.9892375	978.18965625	746.36065625
"ILMN_2741117"	2346.651625	3147.1090625	2399.2875625	1818.694625	2607.5470625	2952.272375	3442.0161875	1915.526625	2078.4186875	1932.809875	3097.4584375	3178.6443125	3128.8241875	2506.3018125	2119.2700625	2310.01975
"ILMN_1240266"	459.12235	391.17670625	445.36558125	444.7976625	481.95138125	541.17865	500.9488875	444.7976625	468.97165	430.2709875	473.54161875	427.27374375	399.9620875	445.36558125	546.0745625	417.18845625
"ILMN_2738481"	126.9317625	141.4040875	145.48405	151.97038125	136.03915625	129.4622	130.47956875	134.4111125	143.5782875	160.77870625	131.98764375	133.495475	146.9227125	129.74069375	154.53503125	145.61169375
"ILMN_2638866"	114.04221125	134.1805125	122.2713	137.7085625	123.14139375	130.28859375	127.56598125	135.78506875	136.2780625	123.419725	125.55423125	101.4753925	142.81923125	135.283975	111.820041875	136.9274375
"ILMN_3157692"	141.60225625	124.1470375	131.98764375	120.40136625	135.78506875	133.29675	122.0390925	110.621724375	141.52035625	123.59584375	115.161709375	116.85027375	125.21805	116.218871875	112.932385	126.27369375
"ILMN_2655586"	112.52499375	146.50975625	135.6653625	132.85836875	172.53425625	135.04935625	141.33224375	130.866825	116.42814625	135.18933125	112.69401375	149.65268125	152.14845	127.19753125	148.53309375	144.40739375
"ILMN_3109098"	1281.13715625	1249.08265625	1096.0162875	1229.01768125	1175.58714375	1371.79743125	1313.45749375	1114.94431875	1330.8783	1081.4379875	1385.86663125	1213.42171875	1321.35028125	1281.13715625	1186.45541875	1151.0470375
"ILMN_1224692"	157.73433125	138.4033875	139.88649375	158.9071625	150.37110625	173.1867	170.8125875	181.9437375	167.3223	149.37121875	148.6497	115.795108125	141.217025	159.40914375	162.7807125	151.97038125
"ILMN_2963483"	1483.54425	1241.1790375	1553.8566875	1452.8455	1586.1915	1603.8749375	1287.05383125	1390.10550625	1572.2295625	1460.8476875	1405.81893125	1505.664625	1428.524	1541.3610625	1541.3610625	1771.0535625
"ILMN_3160568"	469.8672	484.564275	378.055575	377.12295625	402.89021875	421.2821375	494.461675	315.46180625	315.46180625	389.2009	472.5667625	445.36558125	498.9142875	503.36816875	347.4346	363.70033125
"ILMN_2665496"	120.016961875	138.27471875	130.866825	124.7353875	129.4622	159.54588125	155.9893625	155.89431875	134.81919375	158.9071625	156.11439375	122.7431125	132.0691125	138.84401875	125.4714	116.99381875
"ILMN_1220446"	410.31115625	626.51121875	490.34479375	486.04989375	479.1273375	463.1787875	738.7639375	435.80354375	491.07211875	520.20643125	747.50439375	481.95138125	522.0960875	566.9478125	442.4851375	439.27714375
"ILMN_2701383"	128.0214625	128.6563625	117.501056875	126.83335625	131.514275	133.747825	113.369824375	109.025455	120.089904375	124.056975	107.95984875	128.0214625	142.93508125	110.621724375	107.95984875	115.7411025
"ILMN_2735877"	802.1467375	899.8158	859.087225	731.98135	806.6958625	753.616675	775.5117	806.6958625	809.6915375	916.6208875	827.55881875	824.58231875	788.9523625	754.67213125	842.2797125	874.18005625
"ILMN_2595597"	118.565539375	149.739125	166.962625	132.4452375	153.8966625	118.47405375	116.286911875	150.57566875	151.10538125	183.04915	125.3855125	104.74294875	112.435805	103.805381875	184.9457625	215.30675
"ILMN_1230271"	938.45773125	1023.99141875	787.04511875	1025.38715	772.2590125	1045.07010625	945.78110625	1313.45749375	1016.3591125	780.13395	1122.60583125	882.18558125	924.120075	1219.9291875	1276.95708125	877.92143125
"ILMN_2685507"	1112.35626875	1128.37155625	824.58231875	1081.4379875	1025.38715	1210.36091875	1126.4124125	1120.43725	993.4776625	987.38626875	1278.73228125	1030.10514375	1138.998875	1318.56764375	1096.0162875	907.256775
"ILMN_2723788"	2989.498	2446.180375	3188.1453125	2647.688375	2633.7453125	2665.720625	2489.4524375	2746.322625	2607.5470625	2674.5666875	2614.077125	2884.703625	2573.4615625	2563.022875	2545.5605	2573.4615625
"ILMN_2589651"	114.913556875	117.338401875	134.48510625	129.4002375	99.593154375	135.18933125	125.63270625	114.797201875	130.866825	134.26451875	137.87319375	123.916625	116.0685975	114.673026875	127.74073125	129.966625
"ILMN_1229643"	246.82248125	271.464275	336.565875	347.0615875	227.935725	262.349275	261.992325	338.97425625	290.00418125	342.21289375	293.25979375	339.82898125	257.7532375	264.726425	323.31540625	358.75925625
"ILMN_1226183"	293.88715625	353.18153125	333.84525	411.14406875	305.2121375	334.29151875	344.74945	408.96751875	324.6985	346.77544375	297.00449375	404.8501	292.0677	346.44023125	387.19616875	358.12875
"ILMN_1259252"	177.462375	217.5735625	219.02440625	179.94566875	200.56753125	237.218225	193.79353125	237.218225	208.5434125	234.25645625	164.9723375	194.2811375	209.5458	287.1888875	241.17445	270.64926875
"ILMN_2666669"	177.12665625	172.96285	174.6232625	162.2762625	186.1810125	146.0836625	187.2342375	149.091075	151.87925625	208.31810625	150.37110625	175.81434375	199.29734375	184.6136125	163.14453125	161.25703125
"ILMN_3107156"	3216.1718125	3107.309875	3401.315375	3937.3581875	2961.6290625	3061.8775625	3128.8241875	3543.0768125	3796.905625	3188.1453125	3513.9283125	3294.2288125	2754.4678125	3469.855625	3676.100625	2705.3735625
"ILMN_1234773"	150.57566875	147.652575	132.4452375	136.9274375	128.4515375	149.091075	130.28859375	139.571175	139.43243125	120.495390625	157.4278125	128.1820625	126.21285	153.15165	133.495475	149.55910625
"ILMN_2657175"	8847.706625	8388.05225	7943.6365	7507.8775625	7798.0423125	8300.5935625	8237.6955	7200.2993125	8150.200625	8666.6628125	8666.6628125	8548.0080625	9126.596	8948.2579375	8948.2579375	9511.48625
"ILMN_1241171"	3486.6504375	3874.252375	3738.920875	3761.2193125	3128.8241875	3428.1263125	3832.903375	3306.58425	3937.3581875	3968.61275	4158.0104375	3416.61325	3388.5791875	3294.2288125	3725.17475	4729.1003125
"ILMN_3135781"	2190.5333125	2439.68675	2133.6043125	2331.606375	2112.686125	2046.6180625	2777.01275	2007.2110625	2433.1056875	2418.3295	2446.180375	2166.2265	2319.68575	2517.37275	2506.3018125	2713.513
"ILMN_2935012"	157.61219375	189.77638125	151.3138125	135.04935625	176.03235625	186.1810125	175.81434375	155.40856875	177.3205375	177.786475	158.6116875	175.38233125	181.06749375	173.5161375	177.462375	182.34723125
"ILMN_2680142"	4364.1930625	4864.437875	4218.05075	3890.9494375	4553.349	4445.070125	4926.7780625	3968.61275	3676.100625	4605.5571875	4879.8963125	4089.44975	4430.0370625	4364.1930625	4009.490375	4645.4514375
"ILMN_2878060"	4744.4376875	4879.8963125	4334.681	4973.2094375	3937.3581875	4321.2529375	4419.230375	5283.5250625	4823.556375	4186.928375	4904.36175	5097.3593125	4986.7503125	4841.1090625	5467.5040625	3948.7111875
"ILMN_2625920"	1318.56764375	1603.8749375	1249.08265625	1145.2287125	949.26629375	1415.3043625	1354.34208125	1222.9821	1327.62036875	1458.951875	1667.1086875	1508.6094375	1415.3043625	1528.8106875	1432.3960625	1479.4730625
"ILMN_2632778"	155.12285	154.898	178.0684875	160.51105	211.085175	181.2290125	156.6076	201.61073125	178.395625	137.9687625	175.38233125	165.550775	181.81199375	154.01814375	175.5692	175.06481875
"ILMN_3007898"	1125.43935625	1186.45541875	1321.35028125	1314.895575	980.09125	1114.94431875	931.23015625	1128.37155625	1051.49076875	1072.09820625	1077.78473125	1099.7499	1032.07013125	903.69043125	1030.10514375	1103.4479
"ILMN_1254253"	1557.4691875	1445.528	1627.8435625	1411.4146	1505.664625	1598.1508125	1346.2142	1606.1010625	1518.4934375	1527.3249375	1432.3960625	1432.3960625	1541.3610625	1426.4050625	1408.44643125	1518.4934375
"ILMN_2679131"	110.19512625	147.3033375	129.08156875	126.1241625	121.382654375	132.92771875	144.40739375	132.34635	168.1026125	118.285725	136.5366125	104.361535625	135.57924375	126.048375	130.5351625	127.073225
"ILMN_1244906"	3917.42275	4218.05075	3902.69575	3259.195875	3658.6510625	4218.05075	4430.0370625	2930.197	3343.441125	3486.6504375	3416.61325	4765.8735	4351.897875	3357.9559375	3136.9086875	4107.2114375
"ILMN_2745354"	197.4835875	179.18690625	185.99401875	216.5864875	211.59015625	210.68221875	250.43120625	191.55401875	197.674625	218.7987625	221.4735125	202.4345375	221.72159375	201.84556875	181.2290125	191.0212875
"ILMN_3071104"	767.94165	889.52394375	907.256775	777.27234375	827.55881875	788.9523625	910.59219375	702.784375	787.04511875	889.52394375	803.67116875	938.45773125	859.087225	825.71355625	704.218775	903.69043125
"ILMN_2669146"	500.0371625	571.902025	553.2030125	605.90225	461.68015625	535.41675	504.200175	625.61735625	599.761	575.726775	555.8922625	518.84098125	518.84098125	624.3748875	630.12605	487.7655125
"ILMN_2935734"	122.81610625	111.53039	106.4764675	165.550775	91.389175	119.441101875	116.218871875	134.1805125	166.962625	122.7431125	153.6196125	104.11592875	110.456805	159.54588125	143.192725	98.146853125
"ILMN_2984647"	1685.458625	1618.8371875	1567.026875	1310.47486875	1901.829125	1674.5379375	1780.0900625	1385.86663125	1551.11575	1575.5840625	1472.9005	1553.8566875	1993.1465	1463.571375	1495.3311875	1794.4246875
"ILMN_2634108"	294.35015	318.90009375	319.967375	281.61061875	385.17415	293.88715625	307.8985375	269.9456875	302.349125	337.05235	300.2887625	264.726425	328.66174375	358.75925625	278.920525	319.46595
"ILMN_1215903"	248.77758125	220.5396375	193.79353125	240.5617625	283.2316625	235.7126625	229.4819375	211.59015625	203.19638125	223.05815	233.603175	220.2211625	213.37485	228.78979375	214.4501625	245.44033125
"ILMN_2748777"	405.55344375	308.46138125	350.04360625	338.97425625	351.802	339.82898125	294.35015	368.29223125	320.32921875	330.808375	307.8985375	336.03175625	366.8555625	341.75748125	338.59659375	383.61483125
"ILMN_3143246"	297.28149375	323.31540625	311.85809375	303.06303125	312.47725625	296.62184375	336.565875	297.918925	308.46138125	297.28149375	346.77544375	318.52400625	345.94235	336.565875	342.21289375	302.8226125
"ILMN_2604688"	266.81874375	240.74000625	227.09825	257.7532375	282.44331875	268.086125	266.33793125	209.34676875	272.65581875	269.7045375	284.51064375	250.11290625	279.92881875	266.33793125	259.99785	231.864125
"ILMN_1237891"	708.58986875	808.31851875	792.59404375	720.15905625	674.1961875	805.34804375	816.41575	753.616675	747.50439375	702.784375	811.5633125	714.822675	935.4101625	775.5117	681.76365625	689.13815625
"ILMN_3147944"	880.51689375	903.69043125	910.59219375	1151.0470375	898.15866875	832.51063125	1070.6493875	1077.78473125	1082.82698125	793.70504375	1168.38758125	1019.3040625	1019.3040625	996.23235625	1136.6648125	805.34804375
"ILMN_1252951"	175.5692	199.49650625	211.83433125	236.796525	190.13030625	155.25068125	186.8385125	228.589075	174.6232625	200.56753125	187.2342375	174.89948125	169.13246875	212.3307375	218.28855	169.3054875
"ILMN_1259631"	159.40914375	189.3455875	141.217025	168.1026125	159.8800125	149.55910625	160.0477875	155.55105625	160.77870625	150.57566875	157.85396875	154.25715625	168.26489375	191.1885875	181.34725625	136.2780625
"ILMN_2711007"	174.34795	182.34723125	223.75849375	261.992325	201.05835625	191.0212875	189.3455875	217.17126875	225.5053	189.1305	204.77735625	189.3455875	220.2211625	216.21751875	242.38804375	177.12665625
"ILMN_1227300"	3259.195875	3128.8241875	3500.7405	3270.1041875	3204.330125	3097.4584375	3169.1403125	3136.9086875	3280.8254375	3157.8791875	2912.180875	3543.0768125	3070.3590625	3169.1403125	3270.1041875	3010.3569375
"ILMN_2762255"	3010.3569375	3513.9283125	3053.95425	3368.0494375	3513.9283125	3248.3035625	3033.5199375	3248.3035625	3368.0494375	3538.4080625	2876.7545	3070.3590625	3226.965	2898.0708125	3306.58425	3584.8085
"ILMN_2911283"	252.718175	216.43915625	221.72159375	230.9218	252.9415	264.726425	284.51064375	260.3836875	259.99785	240.5617625	247.56793125	265.66158125	242.38804375	203.35528125	211.32431875	265.3193125
"ILMN_1212941"	1579.5619375	1472.9005	1527.3249375	1622.054	1836.439375	1489.162	1531.424875	1536.2146875	1643.147375	1518.4934375	1426.4050625	1712.9796875	1560.761875	1572.2295625	1582.8948125	1575.5840625
"ILMN_1236150"	221.4735125	220.2211625	262.349275	237.89168125	254.39213125	228.78979375	240.981925	194.1203625	225.30408125	209.11500625	189.8980875	204.0442375	217.78400625	218.28855	217.5735625	235.1268
"ILMN_2610861"	275.6885125	264.91688125	321.374625	241.81903125	318.90009375	281.61061875	256.12818125	234.25645625	227.09825	273.6787	235.4533375	230.9218	243.5153	257.03089375	250.96471875	242.68321875
"ILMN_2953301"	1210.36091875	1310.47486875	949.26629375	1125.43935625	850.88728125	1229.01768125	1415.3043625	1215.14716875	1183.43249375	1077.78473125	1291.7907625	1178.06565	1479.4730625	1321.35028125	1145.2287125	1045.07010625
"ILMN_2454307"	242.98343125	243.81895	233.07575625	205.752275	198.0223	223.75849375	250.11290625	219.262125	203.87181875	252.41470625	239.43034375	247.3329875	203.87181875	228.20060625	207.070475	206.3916875
"ILMN_2912598"	239.43034375	259.10086875	252.9415	238.45175625	283.7978875	275.1821875	247.89775	267.13753125	247.3329875	264.726425	260.3836875	256.12818125	264.726425	213.214425	236.042125	287.1888875
"ILMN_2922544"	165.9051	175.38233125	162.56773125	163.3029625	196.94810625	175.81434375	170.59660625	179.78310625	168.26489375	157.85396875	159.03290625	157.0106375	173.36885	170.08375625	144.40739375	173.36885
"ILMN_1244074"	595.30204375	519.3563625	578.90990625	566.9478125	644.6966625	534.0548125	554.1605625	562.3249125	571.902025	579.673675	602.364075	680.34566875	569.26025	588.19000625	521.22874375	592.887675
"ILMN_2599667"	126.27369375	140.33279375	137.01285	131.59916875	125.55423125	115.2694675	103.112948125	130.47956875	126.40724375	116.786333125	115.917260625	116.632200625	128.10186875	145.052675	133.29675	132.6169625
"ILMN_2805071"	8751.5815	8150.200625	8666.6628125	9126.596	8548.0080625	8150.200625	7980.7325625	9126.596	9175.445125	8237.6955	8548.0080625	7943.6365	7156.718625	8847.706625	9126.596	6927.059125
"ILMN_3143577"	430.2709875	433.3673375	444.7976625	441.69970625	399.33398125	408.38614375	418.747925	431.70553125	437.728075	479.1273375	353.69961875	472.5667625	461.68015625	342.73308125	447.21463125	525.1207875
"ILMN_2660110"	1445.528	1692.298875	1318.56764375	1426.4050625	1354.34208125	1579.5619375	1606.1010625	1405.81893125	1458.951875	1340.98901875	1705.8923125	1638.7200625	1797.0263125	1677.8181875	1677.8181875	1265.327025
"ILMN_2623591"	3543.0768125	3306.58425	2768.0050625	3136.9086875	2989.498	3147.1090625	3584.8085	2641.2374375	2777.01275	2685.290625	3658.6510625	3280.8254375	3457.957875	4334.681	2972.661125	2259.2845625
"ILMN_2850450"	1229.01768125	1072.09820625	1303.7116	1692.298875	1348.9208375	1338.7863	1021.6953125	1692.298875	1670.214625	1390.10550625	1281.13715625	1241.1790375	1249.08265625	1019.3040625	1632.5483125	1050.24421875
"ILMN_1223271"	132.85836875	145.29385625	161.41156875	119.077958125	164.6086125	147.8332625	180.31404375	131.59916875	115.550273125	141.65965625	132.75633125	178.0684875	159.54588125	124.8635375	136.9274375	146.84636875
"ILMN_2655204"	177.67216875	193.043575	159.54588125	185.99401875	162.56773125	181.34725625	196.21144375	172.01880625	183.4160875	203.7036375	188.71925625	199.73144375	221.4735125	158.9071625	212.7093	186.52754375
"ILMN_1250816"	4623.8029375	4158.0104375	4879.8963125	4605.5571875	5838.7989375	4645.4514375	4492.6698125	4744.4376875	4379.1074375	5010.6171875	4351.897875	4186.928375	4419.230375	4553.349	4523.228	5065.319625
"ILMN_2918114"	207.61158125	239.43034375	219.72244375	218.7987625	281.61061875	246.82248125	223.75849375	196.4535	161.63675625	231.52921875	164.420575	237.218225	203.53366875	188.35061875	190.33600625	221.4735125
"ILMN_2776952"	925.6917125	785.1105625	915.080925	916.6208875	1014.6866125	876.73246875	825.71355625	837.33126875	757.63383125	996.23235625	754.67213125	891.9621375	944.844025	748.7588125	893.52561875	974.65268125
"ILMN_1222865"	763.20979375	679.33685625	809.6915375	674.1961875	859.087225	754.67213125	805.34804375	808.31851875	715.899675	829.13074375	466.54915	576.9724625	625.61735625	704.218775	754.67213125	657.20195625
"ILMN_2667100"	3500.7405	3270.1041875	3612.062	3612.062	3627.76525	3357.9559375	3061.8775625	3714.1604375	3388.5791875	3948.7111875	3388.5791875	3157.8791875	3416.61325	3070.3590625	3688.003875	3513.9283125
"ILMN_2663570"	1949.178875	1977.7008125	2139.582875	1996.4138125	2062.787125	2091.78225	1986.81125	2302.7791875	2354.48075	1977.7008125	2202.8358125	2041.4144375	2057.710125	2247.425625	2247.425625	1955.9444375
"ILMN_2620574"	1836.439375	1794.4246875	1736.0078125	2139.582875	1508.6094375	1901.829125	1847.5744375	1977.7008125	2166.2265	1560.761875	2037.483125	1803.9235625	2002.9741875	2084.294625	2255.1854375	1764.57425
"ILMN_2651781"	852.04090625	850.88728125	1068.8899	898.15866875	924.120075	893.52561875	808.31851875	1019.3040625	817.69208125	853.388	780.13395	932.8508625	833.79806875	893.52561875	859.087225	875.69781875
"ILMN_1240472"	214.4501625	208.5434125	240.74000625	209.84545	231.2587625	194.500175	180.77294375	214.70516875	170.08375625	157.26195625	207.070475	213.37485	182.08051875	226.0252	167.144325	199.73144375
"ILMN_2601710"	188.54851875	184.41938125	141.99598125	155.25068125	191.1885875	178.953525	197.24515625	170.34245625	169.13246875	169.13246875	200.8762	160.51105	141.99598125	197.24515625	149.98421875	161.41156875
"ILMN_1246724"	151.399775	140.1623375	157.0106375	164.784175	146.50975625	151.2095	157.1186375	184.16316875	179.535125	135.4736125	172.01880625	135.18933125	166.07181875	200.56753125	189.54376875	139.74475
"ILMN_2799945"	560.39495	663.6307	474.41370625	544.1691625	420.2250875	575.726775	541.17865	722.7396	586.2167	431.14796875	500.9488875	522.952875	407.921325	636.37033125	546.9559125	551.37678125
"ILMN_1244908"	1722.9694375	1739.1569375	1186.45541875	1524.771125	1636.542625	1797.0263125	1739.1569375	1590.64425	1590.64425	1662.9405	1743.4195	1479.4730625	1808.7046875	1784.87	1618.8371875	1598.1508125
"ILMN_1234781"	943.31915	953.7593875	924.120075	1156.8387125	925.6917125	1036.73783125	1074.1825625	1291.7907625	1085.91533125	879.30458125	995.0393375	905.71059375	978.18965625	1113.83363125	1154.7735125	1112.35626875
"ILMN_2983714"	146.0836625	134.3388875	122.399984375	134.3388875	154.01814375	130.96285	137.7085625	136.433125	137.25285	138.648125	120.016961875	135.4736125	133.10364375	129.316175	148.6497	155.40856875
"ILMN_1216689"	12961.611375	14392.26875	14973.883125	12601.4119375	14639.404375	14392.26875	12961.611375	12601.4119375	11733.567375	15936.1675	11435.2999375	15117.95875	15117.95875	10765.566375	12136.5934375	15645.155625
"ILMN_2997923"	2997.8144375	2961.6290625	3070.3590625	2961.6290625	4009.490375	3157.8791875	2972.661125	3053.95425	2754.4678125	3216.1718125	3010.3569375	3188.1453125	3147.1090625	2674.5666875	2884.703625	3169.1403125
"ILMN_1247156"	369.03061875	147.16050625	134.4111125	127.81891875	158.36090625	158.1595375	129.66274375	128.973025	133.67243125	129.8673875	139.1651375	132.5155125	141.0830875	128.10186875	129.4622	128.3261875
"ILMN_1257631"	213.214425	223.05815	237.218225	233.35624375	241.6497	247.3329875	210.0105125	216.43915625	255.85755625	242.98343125	220.2211625	245.65989375	229.4819375	200.69875625	195.57435625	231.2587625
"ILMN_2880540"	133.592925	145.88445	144.5738125	138.4033875	138.84401875	131.514275	118.8443075	112.69401375	127.56598125	145.48405	124.79509375	156.6076	112.623793125	123.14139375	115.68587625	136.03915625
"ILMN_2647820"	115.161709375	110.3359825	100.12275375	100.602876875	129.57466875	110.621724375	123.59584375	124.3636875	121.382654375	121.979066875	111.42138375	119.077958125	140.1623375	124.56819375	117.501056875	111.110415625
"ILMN_2668927"	256.39871875	246.03025	189.1305	176.6034375	250.96471875	263.46951875	251.70985625	210.68221875	260.77003125	186.96800625	241.6497	234.25645625	272.1875125	263.842925	176.03235625	216.0453
"ILMN_1216042"	1128.37155625	1126.4124125	1087.3466875	1003.6911625	1423.8325	1445.528	1479.4730625	1016.3591125	1043.453	1180.604725	1107.67528125	1297.6508375	1143.343875	1093.46354375	1077.78473125	1258.5084875
"ILMN_2916782"	126.3300625	111.862495625	119.820021875	135.18933125	131.36425	112.00672375	106.718800625	135.9188125	141.0830875	147.3033375	118.47405375	120.242454375	139.1651375	136.65300625	134.7069375	168.80345
"ILMN_2597532"	2370.272375	2409.938125	2482.9536875	2997.8144375	2173.1679375	2399.2875625	2216.556375	2586.7810625	3070.3590625	2489.4524375	2526.8005	2461.7744375	2697.970125	2593.8493125	2685.290625	2754.4678125
"ILMN_2955356"	4054.2248125	4186.928375	4351.897875	4334.681	4218.05075	4054.2248125	3738.920875	4038.2773125	3890.9494375	4158.0104375	4379.1074375	4534.1989375	3598.82025	4236.6	4068.588375	3992.3678125
"ILMN_2955362"	429.70605625	435.0936125	539.6588	567.74780625	493.6619875	526.9879125	488.4622375	744.6064125	585.5234625	453.2523375	436.54803125	628.72353125	454.8536125	507.13303125	616.66825	692.751325
"ILMN_1241606"	4026.5495625	4026.5495625	4534.1989375	4158.0104375	4054.2248125	3874.252375	3968.61275	4186.928375	4169.9660625	4321.2529375	3781.0464375	4038.2773125	3714.1604375	4038.2773125	4141.8938125	3500.7405
"ILMN_2724868"	1881.095125	1803.9235625	1749.6379375	1915.526625	1606.1010625	1924.92825	1803.9235625	1764.57425	1949.178875	1788.49725	2041.4144375	1963.29175	2126.100375	2216.556375	2062.787125	1603.8749375
"ILMN_1259798"	775.5117	795.77954375	781.69595	901.21771875	697.83648125	726.5232875	707.5388	951.3225875	846.94178125	809.6915375	874.18005625	788.10545	705.98616875	777.27234375	837.33126875	803.67116875
"ILMN_2630946"	1775.1008125	1524.771125	1397.06798125	1606.1010625	1667.1086875	1601.1688125	1840.8434375	1460.8476875	1622.054	1674.5379375	1808.7046875	1385.86663125	1881.095125	1829.01725	1646.2829375	1551.11575
"ILMN_2675681"	263.842925	250.43120625	261.22823125	233.07575625	324.21904375	239.21446875	273.6787	247.56793125	231.2587625	259.42550625	226.8536625	202.7597125	234.25645625	193.48036875	278.0741625	240.74000625
"ILMN_2619307"	346.44023125	316.24873125	329.82200625	348.8210375	306.5607625	370.0059125	353.18153125	357.60513125	339.82898125	306.98319375	311.04834375	306.98319375	322.47270625	308.46138125	311.4795	323.31540625
"ILMN_2756486"	17329.62125	20238.77625	23517.495625	25675.50375	23047.061875	20238.77625	18584.881875	24753.2475	27225.3225	23517.495625	19059.6	19420.533125	19933.958125	21373.914375	23517.495625	22392.400625
"ILMN_2980663"	2556.7989375	3204.330125	3294.2288125	4351.897875	3216.1718125	3343.441125	3107.309875	4445.070125	4351.897875	3658.6510625	3226.965	3033.5199375	3169.1403125	3832.903375	4430.0370625	3738.920875
"ILMN_2980661"	8300.5935625	8452.9129375	10165.8596875	11098.6981875	9263.605375	9126.596	8666.6628125	11733.567375	11274.7985625	9839.07575	9175.445125	8047.471875	8751.5815	9673.0278125	11009.9565	9673.0278125
"ILMN_1225901"	114.4196525	117.95385375	104.781284375	111.110415625	108.741045	125.63270625	101.432425625	122.201485625	120.312873125	133.67243125	108.0135675	104.691335625	116.579599375	98.035303125	102.2456525	127.37516875
"ILMN_2794276"	102.80638875	107.4668875	114.593608125	105.95753125	157.61219375	106.824434375	106.93114625	123.59584375	121.66337125	114.755384375	114.21803125	133.29675	145.39879375	117.95385375	111.9493375	120.40136625
"ILMN_2757232"	321.67085	255.4534625	259.42550625	363.284225	232.20605625	271.79109375	246.3669	314.9708375	428.38743125	314.5734875	273.2488625	200.1890875	287.1888875	291.68979375	335.20279375	340.85738125
"ILMN_1254953"	462.26758125	627.34338125	447.68239375	426.13781875	478.04355	451.2888375	580.90806875	419.42740625	447.21463125	494.461675	574.73696875	379.94990625	486.04989375	613.03275	473.54161875	420.2250875
"ILMN_1223330"	372.82493125	495.48429375	394.35784375	364.7329125	440.4799375	429.70605625	556.671325	375.0392	405.55344375	444.228375	445.96159375	435.0936125	427.27374375	497.33415625	408.38614375	404.1772625
"ILMN_2756379"	175.81434375	156.73405625	152.49919375	137.87319375	140.53864375	209.11500625	138.4033875	150.8209875	113.369824375	145.29385625	140.53864375	200.56753125	163.47545	126.21285	132.15846875	195.0619375
"ILMN_2854157"	127.95043125	127.073225	110.3359825	98.767628125	108.19444375	168.40875625	111.0518025	109.751948125	108.623144375	112.20645125	124.7353875	137.48125	179.18690625	96.35991375	101.54080375	127.74073125
"ILMN_2676056"	151.7689375	165.72133125	167.7780125	157.26195625	113.7471975	156.24549375	156.24549375	179.18690625	200.69875625	162.2762625	176.90374375	184.74385	147.652575	193.2644875	167.7780125	140.43761875
"ILMN_2925196"	584.41195	563.2545375	608.093875	522.0960875	585.5234625	576.9724625	547.94208125	552.70248125	515.81448125	588.19000625	464.7328625	595.30204375	565.9701	515.81448125	513.767075	607.31725
"ILMN_2684075"	118.036201875	141.81609375	123.59584375	131.26336875	119.441101875	124.7353875	151.3138125	122.7431125	150.37110625	145.16591875	156.419675	127.073225	133.747825	170.34245625	157.85396875	127.65724375
"ILMN_1237241"	272.65581875	270.3889125	302.8226125	208.96401875	324.6985	268.4554125	266.81874375	265.66158125	278.920525	326.2479375	235.1268	292.523625	295.02664375	240.74000625	202.4345375	282.44331875
"ILMN_2914271"	1606.1010625	1788.49725	1712.9796875	1586.1915	1775.1008125	1752.2866875	1569.15675	1743.4195	1702.633625	1876.826625	1660.214375	1752.2866875	1662.9405	1674.5379375	1718.3888125	1876.826625
"ILMN_2744356"	521.22874375	460.23505	487.7655125	407.921325	571.902025	508.08930625	468.2711	425.568775	409.58745625	521.22874375	490.34479375	464.7328625	497.95498125	495.48429375	424.72686875	490.34479375
"ILMN_2597827"	114.09009	97.495634375	134.89888125	117.501056875	110.3359825	118.777301875	86.562875	102.974495	101.102720625	104.74294875	110.156050625	131.4411375	126.65243125	101.190835625	105.55965875	115.46431875
"ILMN_2740159"	150.8209875	141.217025	183.97743125	158.4774	180.77294375	153.8966625	166.07181875	236.45716875	233.8516125	155.89431875	161.8096	185.29855625	155.9893625	171.3909	183.4160875	244.6799375
"ILMN_2649846"	303.06303125	344.2765125	360.18498125	322.0296125	247.56793125	354.72424375	312.7602	448.44150625	366.8555625	346.44023125	329.34705625	327.88030625	319.967375	407.921325	410.83665	398.71056875
"ILMN_2744280"	1710.0408125	1667.1086875	1479.4730625	1656.9044375	1794.4246875	1522.2485625	1428.524	1662.9405	1759.0605	1692.298875	1567.026875	1594.2024375	1569.15675	1594.2024375	1660.214375	1483.54425
"ILMN_2724191"	5010.6171875	4986.7503125	4660.884	5349.3264375	5349.3264375	5179.0949375	5208.2486875	5310.5491875	5266.1386875	5310.5491875	5838.7989375	5603.8941875	5432.1208125	5511.9364375	5266.1386875	4986.7503125
"ILMN_3160792"	9175.445125	9029.38475	8548.0080625	6764.837125	9673.0278125	9175.445125	9420.62425	6799.5575	6799.5575	8847.706625	7507.8775625	9126.596	9175.445125	7726.9431875	6466.3218125	8847.706625
"ILMN_1214810"	2011.2341875	2007.2110625	1929.466625	2031.236625	2255.1854375	1655.3744375	1967.6745	1907.0588125	2105.761875	2234.3534375	2224.8838125	1825.944125	2119.2700625	2202.8358125	2057.710125	2166.2265
"ILMN_1252195"	330.808375	329.34705625	297.28149375	398.71056875	240.5617625	303.06303125	360.73080625	362.5706625	377.12295625	347.93013125	410.83665	302.349125	390.08191875	417.18845625	408.96751875	320.148296875
"ILMN_2677712"	1049.3454625	1010.49423125	1251.42295	958.69609375	1749.6379375	1138.998875	1199.44966875	912.4321125	927.3898375	1243.66574375	875.69781875	1084.00139375	1116.99195625	916.6208875	955.7568875	1314.895575
"ILMN_2763103"	853.388	769.31840625	707.5388	902.18765625	770.86421875	707.5388	852.04090625	872.95540625	767.94165	842.2797125	936.8659625	835.47774375	879.30458125	882.18558125	861.38474375	889.52394375
"ILMN_2908546"	497.95498125	494.461675	488.4622375	483.78041875	556.671325	496.31449375	514.38961875	491.07211875	488.4622375	483.78041875	541.17865	579.673675	460.23505	461.68015625	481.1763125	517.55479375
"ILMN_2700126"	176.73908125	179.33101875	202.13511875	212.7093	199.985175	195.57435625	163.950325	214.87058125	223.98566875	196.21144375	259.10086875	172.71671875	160.51105	262.8041375	258.01679375	142.13395625
"ILMN_2908547"	146.19573125	100.8805825	133.96085625	135.283975	139.1651375	148.53309375	153.8966625	113.7471975	128.0214625	133.86773125	145.88445	109.848235	147.8332625	125.3855125	132.6169625	134.89888125
"ILMN_2648618"	190.5250625	159.03290625	181.9437375	157.4278125	174.6232625	184.6136125	176.2277625	177.922875	181.81199375	154.53503125	185.99401875	122.66405625	178.953525	186.96800625	173.36885	187.666425
"ILMN_2955806"	161.41156875	159.40914375	150.8209875	168.6341	188.35061875	176.3861875	153.43323125	152.60274375	163.47545	166.65600625	151.51890625	145.761225	161.41156875	180.16739375	176.2277625	179.33101875
"ILMN_2619491"	257.7532375	263.16635625	240.01421875	251.28089375	271.464275	243.5153	288.99533125	255.85755625	321.374625	250.11290625	272.65581875	242.98343125	269.7045375	315.46180625	303.483375	296.226525
"ILMN_2622354"	290.51439375	251.70985625	305.47679375	285.15369375	281.146125	291.433125	278.54705625	309.7184	296.226525	309.12840625	302.349125	270.3889125	323.31540625	276.1121875	266.33793125	259.712775
"ILMN_2631745"	2513.31325	2633.7453125	2620.036875	2255.1854375	2641.2374375	2657.6830625	2746.322625	2362.171375	2173.1679375	2310.01975	2331.606375	2439.68675	2409.938125	2259.2845625	2469.6346875	2234.3534375
"ILMN_1226330"	203.7036375	239.21446875	213.9903875	234.60474375	221.3074625	197.4835875	224.4901	223.24974375	208.7850375	198.2510125	200.1890875	209.84545	223.98566875	219.02440625	207.8115125	259.99785
"ILMN_2947031"	421.97100625	428.38743125	434.19785	414.57105	416.80261875	456.1551125	412.90525625	364.7329125	388.32369375	364.7329125	406.37385625	447.68239375	444.228375	362.5706625	335.6156625	388.32369375
"ILMN_2786160"	1382.702325	1191.13270625	1408.44643125	1237.6670125	1515.313875	1467.761125	1237.6670125	1287.05383125	1472.9005	1422.125375	1346.2142	1541.3610625	1579.5619375	1364.5571875	1357.10996875	1655.3744375
"ILMN_1223713"	122.7431125	119.48989875	128.4515375	118.036201875	125.8138	132.15846875	147.652575	119.0158425	115.10685625	136.2780625	119.63838875	151.87925625	149.37121875	115.46431875	141.4040875	141.60225625
"ILMN_2786164"	615.13665625	613.95905625	582.71525	636.37033125	603.45503125	578.90990625	652.8076625	627.34338125	553.2030125	668.77444375	651.891225	644.6966625	704.218775	679.33685625	687.98139375	722.7396
"ILMN_2724483"	203.53366875	184.6136125	200.8762	195.57435625	203.87181875	191.38894375	179.78310625	207.070475	184.74385	247.89775	226.33205	205.2870625	212.7093	208.5434125	209.34676875	216.21751875
"ILMN_1227940"	127.65724375	177.786475	128.10186875	147.41726875	134.1805125	156.6076	107.2045975	160.64474375	132.75633125	105.4081325	128.9028625	138.7328625	134.48510625	121.979066875	149.65268125	108.623144375
"ILMN_3133817"	178.7428125	190.33600625	225.30408125	219.72244375	205.445	220.7673	188.71925625	218.28855	209.34676875	199.49650625	178.953525	179.33101875	237.06363125	189.1305	185.1210875	186.8385125
"ILMN_2715558"	1682.1164375	1670.214625	1638.7200625	1649.251375	1569.15675	1692.298875	1818.694625	1834.548	1977.7008125	1799.6424375	1560.761875	1840.8434375	1586.1915	1598.1508125	1743.4195	1972.582
"ILMN_1248002"	692.751325	583.35471875	681.76365625	656.07823125	475.9832625	616.66825	617.6719875	660.9562125	609.15739375	641.70960625	697.83648125	722.7396	582.71525	652.8076625	588.19000625	634.0563625
"ILMN_2959729"	1098.0628125	1321.35028125	1043.453	1032.07013125	842.2797125	955.7568875	1079.6510625	1055.98661875	989.583825	927.3898375	938.45773125	934.17030625	921.58768125	1072.09820625	934.17030625	709.83329375
"ILMN_2672380"	110.653024375	131.26336875	121.382654375	111.42138375	133.67243125	98.07387625	91.389175	107.61288625	131.76215	131.98764375	130.866825	112.623793125	131.76215	132.34635	117.338401875	130.96285
"ILMN_2728038"	1390.10550625	1718.3888125	1166.056025	1189.44799375	1040.3809625	1541.3610625	1718.3888125	1175.58714375	1364.5571875	1007.92801875	1784.87	1354.34208125	1557.4691875	1696.7961875	1166.056025	863.02495
"ILMN_3155245"	122.399984375	132.69996875	137.48125	151.7689375	169.13246875	126.048375	161.1169625	143.0773	157.4278125	154.98025625	142.3190875	143.3203125	180.51763125	145.39879375	134.1805125	166.55055
"ILMN_2954575"	257.03089375	230.9218	265.66158125	260.77003125	236.042125	274.272375	256.83043125	258.01679375	305.2121375	250.671775	297.28149375	350.7310625	262.349275	215.65326875	252.41470625	271.464275
"ILMN_3120194"	121.84311875	137.14124375	169.86830625	148.2553875	124.056975	132.0691125	121.31494125	142.13395625	137.7085625	118.70487875	150.15854375	123.36474375	120.935578125	129.26061875	140.43761875	139.571175
"ILMN_2650739"	130.5351625	135.9188125	157.4278125	183.4160875	174.764125	132.6169625	147.16050625	139.335075	186.96800625	147.01914375	133.29675	154.6688625	146.50975625	105.884755625	132.85836875	157.4278125
"ILMN_2789948"	1159.489775	1027.40008125	941.5663625	1049.3454625	931.23015625	1059.94405	1085.91533125	1076.3518625	1283.01740625	1138.998875	1204.60871875	1151.0470375	1186.45541875	1017.39125625	1113.83363125	1074.1825625
"ILMN_2950622"	123.8031125	110.266454375	127.81891875	137.78745625	133.29675	132.5155125	136.65300625	126.9317625	127.073225	127.324075	121.127618125	108.590815625	105.4081325	115.7411025	146.337125	144.96089375
"ILMN_2920753"	148.6497	139.1651375	148.85370625	133.592925	130.866825	163.950325	147.54801875	166.1963625	143.192725	149.65268125	137.48125	133.01849375	135.38901875	141.65965625	144.82524375	128.6563625
"ILMN_2920752"	244.6799375	250.671775	256.83043125	254.69883125	239.76948125	257.7532375	220.013025	237.4585875	235.7126625	224.8225	216.8480125	291.433125	226.0252	247.3329875	230.9218	248.38111875
"ILMN_2709220"	111.642268125	128.3261875	122.66405625	118.36620625	111.701133125	117.419678125	106.661785625	107.553396875	103.592393125	110.266454375	104.781284375	109.751948125	114.09009	137.7085625	109.70716625	107.761495
"ILMN_3094506"	1501.7019375	1495.3311875	1376.17988125	1696.7961875	1281.13715625	1527.3249375	1528.8106875	1544.9056875	1569.15675	1385.86663125	1929.466625	1522.2485625	1696.7961875	1752.2866875	1771.0535625	1472.9005
"ILMN_2612125"	1110.04635625	1318.56764375	1011.69045	965.448975	1017.39125625	981.96119375	1120.43725	1125.43935625	1081.4379875	1103.4479	1415.3043625	1065.3506625	1215.14716875	1235.48928125	1116.99195625	1122.60583125
"ILMN_1212875"	1003.6911625	1138.998875	783.53573125	845.3110625	787.04511875	1087.3466875	1422.125375	901.21771875	912.4321125	723.8065125	1294.01460625	1289.71745	1258.5084875	1231.9370125	869.54311875	815.414375
"ILMN_2782446"	161.1169625	158.1595375	169.3054875	180.51763125	125.3855125	171.3909	169.459175	164.6086125	198.77406875	168.6341	172.36616875	178.7428125	161.25703125	169.86830625	186.8385125	159.8800125
"ILMN_2645208"	4596.538125	4068.588375	4744.4376875	5010.6171875	4534.1989375	4553.349	3701.24375	4430.0370625	4419.230375	4904.36175	4169.9660625	4623.8029375	4729.1003125	4263.7541875	4841.1090625	4926.7780625
"ILMN_2751345"	98.767628125	105.9257075	99.049409375	136.5366125	93.52164	113.197445625	105.207913125	139.43243125	153.15165	111.701133125	115.68587625	106.336995	109.17301125	144.1759875	164.420575	102.57248125
"ILMN_2639642"	1963.29175	1911.486125	1870.0569375	1575.5840625	1674.5379375	2146.17425	1993.1465	1660.214375	1677.8181875	1859.828	1834.548	2078.4186875	1955.9444375	1692.298875	1590.64425	1932.809875
"ILMN_2777804"	791.47709375	756.09396875	945.78110625	1195.67565	692.751325	738.7639375	781.69595	1079.6510625	1274.3487	907.256775	958.69609375	843.49291875	690.5415875	958.69609375	1268.02655	843.49291875
"ILMN_2687828"	203.19638125	208.0264875	225.68436875	247.56793125	210.89266875	227.09825	161.41156875	233.35624375	240.981925	208.5434125	216.0453	207.8115125	221.0247	177.12665625	244.29798125	194.1203625
"ILMN_1238558"	160.64474375	137.9687625	131.59916875	135.38901875	143.3203125	119.077958125	142.7377625	136.5366125	132.34635	134.89888125	131.514275	120.7926525	142.63595625	137.3925375	142.7377625	155.25068125
"ILMN_3127411"	99.4879875	119.6936	108.660346875	134.57726875	123.52100625	125.3855125	94.52169125	131.16729375	112.1349525	125.3855125	125.0645625	96.077785	91.518305625	146.66913125	110.156050625	115.2694675
"ILMN_3133267"	178.395625	145.16591875	186.352	162.7807125	159.54588125	141.91661875	152.8813125	157.73433125	156.419675	169.58350625	150.67323125	155.55105625	153.03776875	176.03235625	167.3223	186.352
"ILMN_2712427"	479.8137125	510.3951625	512.6917	513.767075	447.21463125	486.04989375	516.2531	547.94208125	500.0371625	484.564275	493.6619875	591.9939625	468.97165	659.7359625	626.51121875	459.12235
"ILMN_2696247"	2209.1385	2146.17425	2155.87075	2224.8838125	2269.339	2053.1393125	2062.787125	2295.03325	2346.651625	2354.48075	1682.1164375	2238.3295	2209.1385	2031.236625	2105.761875	2202.8358125
"ILMN_1219577"	6077.354	6001.081	7507.8775625	7419.959625	5772.2266875	5875.1608125	5909.277875	7071.3248125	6962.8776875	6290.24225	6377.3095	6764.837125	5657.804625	5954.9835625	6685.6085625	5954.9835625
"ILMN_2680781"	3280.8254375	2838.851625	3627.76525	2918.745375	2746.322625	2997.8144375	2876.7545	3107.309875	2867.9606875	3147.1090625	2513.31325	3428.1263125	3081.87775	2724.67725	2697.970125	3749.341625
"ILMN_2721149"	144.82524375	126.83335625	125.21805	126.21285	142.93508125	157.9893375	122.66405625	130.618125	162.05531875	134.4111125	136.9274375	154.53503125	159.8800125	133.1910875	144.96089375	165.550775
"ILMN_2620304"	1178.06565	1045.07010625	1099.7499	921.58768125	1518.4934375	1160.7844625	1093.46354375	910.59219375	840.94978125	1051.49076875	1096.0162875	1068.8899	1170.59585625	995.0393375	941.5663625	1110.04635625
"ILMN_2745037"	1527.3249375	1563.7163125	1531.424875	1172.46564375	1598.1508125	1575.5840625	1527.3249375	1249.08265625	1103.4479	1515.313875	1364.5571875	1577.6735	1518.4934375	1204.60871875	1245.9268375	1405.81893125
"ILMN_2745036"	1442.690875	1622.054	1594.2024375	1235.48928125	1618.8371875	1403.350275	1655.3744375	1110.04635625	1237.6670125	1685.458625	1330.8783	1528.8106875	1674.5379375	1285.26755625	1289.71745	1515.313875
"ILMN_2700022"	397.6639875	381.0655875	408.96751875	410.83665	429.70605625	416.80261875	437.728075	371.9615	379.94990625	390.08191875	453.2523375	451.2888375	412.3047375	400.88299375	435.0936125	370.0059125
"ILMN_2786860"	2084.294625	2072.523875	2057.710125	2155.87075	2482.9536875	1945.120625	1876.826625	2155.87075	2198.099125	1980.6018125	2150.2455	2007.2110625	1945.120625	2078.4186875	2146.17425	1836.439375
"ILMN_1238801"	1993.1465	1808.7046875	2099.771	2146.17425	2139.582875	1702.633625	1696.7961875	2112.686125	1799.6424375	1544.9056875	1977.7008125	1739.1569375	1418.5795625	1764.57425	1932.809875	1557.4691875
"ILMN_3066763"	160.36623125	150.67323125	144.0709875	151.399775	150.98616875	130.5351625	136.9274375	114.27682125	131.07861875	142.3190875	140.758425	110.231133125	138.539325	196.7706	128.3261875	116.786333125
"ILMN_2997406"	145.88445	148.6497	159.8800125	182.34723125	145.052675	154.01814375	139.66160625	178.7428125	159.03290625	155.40856875	165.550775	136.1406375	143.3203125	127.95043125	183.04915	151.87925625
"ILMN_2988191"	180.51763125	183.97743125	178.7428125	204.2428625	153.7817875	193.9764375	216.5864875	211.085175	212.3307375	199.985175	222.806	212.92013125	172.16496875	231.52921875	210.0105125	200.56753125
"ILMN_3163134"	464.7328625	478.04355	508.08930625	536.30255	414.57105	461.68015625	429.70605625	515.20924375	518.84098125	491.68241875	459.12235	377.56054375	406.37385625	449.20795	492.403675	529.98285
"ILMN_1253348"	2041.4144375	2545.5605	2247.425625	2209.1385	2399.2875625	2150.2455	2433.1056875	2209.1385	2224.8838125	2573.4615625	2269.339	2017.236625	2289.2633125	2072.523875	2310.01975	2581.1375
"ILMN_3138157"	204.60563125	214.2343125	204.60563125	196.7706	223.05815	206.07911875	195.0619375	211.32431875	210.41654375	175.81434375	208.0264875	167.7780125	234.60474375	230.04545625	236.796525	198.521375
"ILMN_1233905"	603.45503125	590.05653125	639.13488125	523.3652125	541.17865	522.0960875	511.8949625	548.52860625	509.03734375	432.7302625	549.745325	449.74499375	443.24934375	548.52860625	494.868575	656.07823125
"ILMN_2661107"	667.4936	729.06335	723.8065125	550.3105375	677.40323125	642.9729	637.9178125	509.03734375	613.95905625	710.8884375	507.13303125	670.750325	635.1811875	583.35471875	578.90990625	740.36884375
"ILMN_3060766"	418.747925	408.38614375	410.31115625	330.29816875	467.1607875	361.95381875	380.52413125	355.2402	423.30259375	399.9620875	446.63266875	453.2523375	385.17415	402.89021875	387.69631875	378.65840625
"ILMN_3108440"	4419.230375	4263.7541875	4569.2170625	4744.4376875	4953.7386875	4263.7541875	4068.588375	4841.1090625	4807.5564375	5097.3593125	4054.2248125	4204.1001875	4605.5571875	4247.6826875	4789.1378125	4605.5571875
"ILMN_2760116"	577.87453125	552.70248125	592.887675	753.616675	601.505725	555.8922625	612.15998125	617.6719875	608.093875	534.0548125	740.36884375	509.63761875	591.9939625	662.1849625	752.51255625	526.9879125
"ILMN_3034691"	351.802	283.7978875	338.59659375	406.37385625	381.99676875	340.2664125	375.9184375	324.21904375	401.43568125	387.19616875	358.75925625	278.920525	326.664175	406.37385625	398.07675625	369.49314375
"ILMN_2740176"	740.36884375	611.2885125	691.93594375	783.53573125	735.2436125	677.40323125	675.5408125	708.58986875	736.55418125	680.34566875	809.6915375	689.13815625	639.13488125	717.49173125	840.94978125	669.51221875
"ILMN_1252111"	2489.4524375	2418.3295	2392.535375	3061.8775625	2461.7744375	2469.6346875	2409.938125	3204.330125	3169.1403125	2424.1591875	3259.195875	2399.2875625	2898.0708125	2930.197	3147.1090625	2469.6346875
"ILMN_1241924"	2647.688375	2867.9606875	2657.6830625	2746.322625	2788.859125	2633.7453125	2563.022875	2838.851625	2665.720625	2705.3735625	2808.7315625	2513.31325	2952.272375	2705.3735625	2768.0050625	2814.803375
"ILMN_2845917"	3169.1403125	3042.4014375	3117.95425	3010.3569375	2979.4065	3033.5199375	3136.9086875	2867.9606875	2746.322625	3061.8775625	3248.3035625	2961.6290625	3178.6443125	3157.8791875	2912.180875	2979.4065
"ILMN_2682321"	210.89266875	196.7706	205.100125	188.35061875	204.0442375	212.3307375	210.41654375	171.3909	169.86830625	219.489875	198.2510125	197.4835875	238.79714375	196.94810625	194.6496125	193.79353125
"ILMN_1234427"	129.26061875	135.4736125	145.99215625	137.57098125	159.68008125	148.979125	150.25461875	142.93508125	143.86384375	148.979125	126.98818125	134.57726875	132.34635	147.3033375	152.60274375	128.1820625
"ILMN_2735080"	348.39780625	331.23381875	322.0296125	276.1121875	331.23381875	284.51064375	328.66174375	302.349125	292.523625	310.58943125	318.1763625	325.7995625	336.565875	311.04834375	276.7179375	329.34705625
"ILMN_2715784"	206.07911875	169.86830625	233.8516125	197.24515625	205.100125	193.79353125	222.806	263.16635625	212.0886125	194.84985625	191.773575	196.4535	211.59015625	204.60563125	197.674625	194.6496125
"ILMN_1230072"	314.9708375	315.86405	335.20279375	321.374625	353.18153125	269.270475	346.44023125	314.1618625	322.0296125	320.32921875	322.0296125	346.44023125	261.992325	312.47725625	328.2315625	350.04360625
"ILMN_2645448"	328.2315625	325.1303125	349.45023125	305.47679375	313.20505625	289.51720625	316.916175	288.0676125	262.8041375	297.632825	344.74945	353.18153125	288.99533125	332.81544375	376.416275	317.90885625
"ILMN_1220398"	1059.94405	968.64079375	1126.4124125	827.55881875	947.76564375	944.844025	1051.49076875	835.47774375	848.62478125	1163.6286375	819.45544375	1036.73783125	932.8508625	864.6376	871.08569375	1017.39125625
"ILMN_1234742"	315.46180625	272.1875125	346.77544375	416.80261875	316.24873125	312.47725625	295.02664375	351.3019	346.44023125	277.5543625	399.9620875	259.712775	285.64140625	445.96159375	358.12875	246.3669
"ILMN_3001013"	322.95923125	357.60513125	439.27714375	427.27374375	350.7310625	332.3091625	302.8226125	427.64664375	351.802	381.99676875	397.3154375	343.85986875	336.03175625	388.7899	398.71056875	373.33550625
"ILMN_2728802"	173.97199375	181.34725625	162.95665	159.21589375	127.56598125	177.786475	144.82524375	167.6348	170.34245625	155.12285	165.9051	167.6348	143.96694375	178.5072375	166.1963625	146.50975625
"ILMN_2707510"	115.550273125	603.45503125	113.197445625	100.51070875	120.089904375	150.67323125	670.750325	105.85116625	145.29385625	105.34826625	619.8589375	121.382654375	132.15846875	542.6043	114.913556875	133.747825
"ILMN_1220452"	1175.58714375	1207.328275	1191.13270625	1186.45541875	1303.7116	1103.4479	1172.46564375	1065.3506625	1098.0628125	1156.8387125	1186.45541875	1101.52970625	1112.35626875	1210.36091875	1093.46354375	1079.6510625
"ILMN_2699700"	960.04960625	1047.2555875	905.71059375	919.9506125	1107.67528125	821.23484375	1035.1083875	887.8875125	971.06836875	1023.99141875	968.64079375	1010.49423125	1047.2555875	1005.12975	953.7593875	998.31044375
"ILMN_2753649"	2216.556375	2126.100375	2433.1056875	2302.7791875	2078.4186875	2331.606375	2022.4721875	2392.535375	2392.535375	2198.099125	2295.03325	2112.686125	2037.483125	2418.3295	2453.9114375	2126.100375
"ILMN_2860479"	1986.81125	1656.9044375	1649.251375	1784.87	1656.9044375	1866.53925	1859.828	1840.8434375	2031.236625	1590.64425	1423.8325	2046.6180625	1812.4966875	1780.0900625	1963.29175	1967.6745
"ILMN_2860480"	1237.6670125	1202.76246875	993.4776625	1245.9268375	960.04960625	1147.48524375	1364.5571875	1147.48524375	1515.313875	1003.6911625	1458.951875	1145.2287125	1452.8455	1249.08265625	1475.72125	1303.7116
"ILMN_1227836"	591.9939625	535.41675	464.7328625	555.8922625	498.9142875	549.745325	566.9478125	532.87104375	707.5388	489.3833625	610.14373125	537.29075625	581.90118125	570.901275	569.26025	588.19000625
"ILMN_2603725"	5310.5491875	4904.36175	4596.538125	5838.7989375	5065.319625	4864.437875	5127.310375	5740.3068125	6077.354	4841.1090625	6158.776375	4645.4514375	5387.1456875	5690.447375	5740.3068125	5156.838125
"ILMN_1249334"	699.4288	712.16630625	689.13815625	710.8884375	690.5415875	682.994525	744.6064125	677.40323125	748.7588125	822.8856875	833.79806875	827.55881875	850.88728125	723.8065125	741.6727625	758.9241125
"ILMN_1244135"	273.2488625	254.18753125	225.5053	210.89266875	296.226525	232.89545	271.79109375	190.33600625	189.77638125	281.146125	184.6136125	190.13030625	261.22823125	174.6232625	198.521375	316.24873125
"ILMN_2792809"	5208.2486875	4708.9626875	5179.0949375	4186.928375	4904.36175	4765.8735	4708.9626875	4026.5495625	4430.0370625	6117.9055	3598.82025	5208.2486875	5033.8555	3558.081875	3937.3581875	5807.3333125
"ILMN_2626260"	1598.1508125	1932.809875	1705.8923125	1563.7163125	1866.53925	1911.486125	1886.0055625	1702.633625	1739.1569375	1855.76675	1618.8371875	1955.9444375	1590.64425	1685.458625	1696.7961875	1662.9405
"ILMN_2674407"	1010.49423125	993.4776625	1199.44966875	1268.02655	967.52325625	1077.78473125	960.04960625	1193.99459375	1186.45541875	1089.68374375	1085.91533125	1160.7844625	901.21771875	1133.63441875	1131.15279375	1085.91533125
"ILMN_3096335"	147.01914375	152.14845	118.091490625	144.40739375	131.76215	127.56598125	156.73405625	138.20509375	112.488049375	154.25715625	134.26451875	123.59584375	136.65300625	156.419675	157.26195625	141.33224375
"ILMN_2700848"	215.89776875	197.9066	196.7706	186.52754375	174.89948125	198.521375	204.2428625	245.44033125	217.78400625	216.43915625	218.7987625	235.4533375	235.1268	208.96401875	197.9066	181.50995
"ILMN_2693835"	216.8480125	215.89776875	278.54705625	239.43034375	274.272375	209.5458	217.17126875	191.93235625	254.18753125	209.84545	231.2587625	215.65326875	215.12844375	289.51720625	257.48868125	169.72580625
"ILMN_2666279"	1866.53925	1572.2295625	2041.4144375	1876.826625	1544.9056875	1622.054	1397.06798125	1547.57	1501.7019375	1655.3744375	1662.9405	1791.22925	1677.8181875	1812.4966875	1739.1569375	1586.1915
"ILMN_2648967"	407.06303125	361.95381875	556.671325	447.68239375	574.73696875	446.63266875	347.0615875	404.8501	407.921325	564.52480625	404.8501	450.69689375	386.5043625	348.39780625	415.2649625	522.0960875
"ILMN_2698361"	735.2436125	779.2653	591.04258125	695.53653125	476.6074	680.34566875	763.20979375	756.09396875	798.8415625	619.8589375	941.5663625	760.016675	931.23015625	907.256775	792.59404375	707.5388
"ILMN_1225615"	386.5043625	411.7634625	330.808375	387.19616875	322.47270625	405.55344375	408.38614375	384.5962625	415.83955625	383.61483125	491.68241875	379.2877125	383.61483125	496.31449375	479.1273375	375.0392
"ILMN_1242239"	551.37678125	538.19415625	504.200175	599.761	469.8672	590.05653125	592.887675	605.90225	628.72353125	541.9119	708.58986875	591.04258125	672.850275	753.616675	565.33768125	526.0119625
"ILMN_1225552"	748.7588125	898.15866875	779.2653	816.41575	675.5408125	797.94845625	846.94178125	721.739725	832.51063125	756.09396875	791.47709375	846.94178125	856.60740625	869.54311875	748.7588125	899.8158
"ILMN_3161382"	2277.43625	2041.4144375	2535.7879375	3486.6504375	2620.036875	2489.4524375	1963.29175	3178.6443125	3259.195875	2593.8493125	2439.68675	2224.8838125	2259.2845625	2409.938125	3226.965	2697.970125
"ILMN_2836607"	7108.2274375	8237.6955	7479.230875	7479.230875	6591.0685	7860.3515625	9593.003	7980.7325625	8047.471875	6466.3218125	9420.62425	8948.2579375	7369.15725	10276.904625	7662.624	6723.2856875
"ILMN_1223147"	11542.181125	13172.297875	12022.1184375	9839.07575	9420.62425	12601.4119375	12601.4119375	9511.48625	11098.6981875	10686.61875	13965.5400625	12961.611375	10686.61875	13513.015	9936.6240625	8237.6955
"ILMN_2613076"	143.192725	135.04935625	116.0685975	105.46888125	123.8031125	140.33279375	133.96085625	126.3300625	127.81891875	135.9188125	119.0158425	150.25461875	130.673325	146.50975625	126.83335625	111.912886875
"ILMN_1219298"	651.891225	730.3635	769.31840625	850.88728125	777.27234375	652.8076625	748.7588125	800.71358125	837.33126875	754.67213125	760.016675	704.218775	754.67213125	1016.3591125	757.63383125	652.8076625
"ILMN_2890301"	1156.8387125	980.09125	1426.4050625	1376.17988125	1289.71745	1040.3809625	879.30458125	1369.23980625	1217.45435625	1253.17414375	915.080925	931.23015625	743.24070625	1053.60926875	1207.328275	1178.06565
"ILMN_2679591"	137.01285	132.85836875	159.21589375	164.420575	145.29385625	136.2780625	146.0836625	198.77406875	170.97615	157.61219375	133.86773125	163.3029625	132.92771875	136.3514	164.784175	140.758425
"ILMN_2836173"	220.2211625	203.03711875	245.1670375	217.5735625	256.39871875	243.19339375	200.69875625	204.9632	179.18690625	266.81874375	184.9457625	228.589075	239.76948125	149.65268125	192.278725	185.29855625
"ILMN_1247626"	1215.14716875	1253.17414375	1112.35626875	960.04960625	1261.6343125	1189.44799375	1460.8476875	963.9681375	905.71059375	1154.7735125	919.9506125	1191.13270625	1276.95708125	1003.6911625	866.75105	1051.49076875
"ILMN_2707198"	887.8875125	819.45544375	729.06335	699.4288	907.256775	935.4101625	974.65268125	689.13815625	669.51221875	866.75105	569.84161875	800.71358125	934.17030625	642.9729	592.887675	765.3012375
"ILMN_2629591"	426.70765	372.3487625	411.14406875	329.34705625	397.6639875	349.45023125	365.858425	309.12840625	317.90885625	426.70765	266.33793125	386.5043625	358.75925625	262.349275	307.39310625	444.228375
"ILMN_1231966"	4089.44975	4281.1286875	4263.7541875	4523.228	3401.315375	4107.2114375	3401.315375	4660.884	4683.3188125	4169.9660625	4186.928375	4807.5564375	3917.42275	3814.110625	4879.8963125	4534.1989375
"ILMN_2980044"	1163.6286375	1125.43935625	1371.79743125	1338.7863	1243.66574375	1219.9291875	1159.489775	1149.43653125	1278.73228125	1255.65941875	1055.98661875	967.52325625	1070.6493875	1251.42295	1297.6508375	1036.73783125
"ILMN_3097950"	256.83043125	261.66200625	219.262125	193.64621875	218.28855	244.6799375	260.77003125	227.7343625	199.49650625	228.20060625	236.45716875	214.2343125	197.4835875	223.75849375	199.73144375	262.8041375
"ILMN_2919777"	1886.0055625	1557.4691875	1818.694625	1483.54425	2489.4524375	1836.439375	1646.2829375	1616.6285625	1505.664625	1601.1688125	1253.17414375	1718.3888125	1876.826625	1423.8325	1449.6651875	1622.054
"ILMN_2632028"	3204.330125	3781.0464375	2746.322625	2506.3018125	2625.8334375	3294.2288125	3375.6960625	2697.970125	2898.0708125	1891.157125	3428.1263125	3749.341625	2685.290625	4009.490375	3081.87775	2017.236625
"ILMN_2965123"	352.63408125	330.808375	321.67085	288.0676125	391.82051875	355.2402	368.29223125	297.00449375	277.1950625	299.24785	285.15369375	301.81316875	354.72424375	295.6369875	290.51439375	330.808375
"ILMN_3104025"	1538.7828125	1598.1508125	1834.548	2105.761875	1808.7046875	1646.2829375	1413.26638125	2053.1393125	1986.81125	2017.236625	1788.49725	1682.1164375	1598.1508125	1759.0605	1936.8555625	1803.9235625
"ILMN_2765759"	24753.2475	24154.835	26525.784375	23517.495625	24753.2475	25675.50375	27225.3225	23047.061875	23047.061875	24154.835	26525.784375	24154.835	24753.2475	25675.50375	25675.50375	24154.835
"ILMN_1236376"	466.0927	454.8536125	526.9879125	436.54803125	540.51569375	504.200175	458.2919125	503.36816875	465.43049375	470.640325	419.42740625	484.564275	403.70125625	469.8672	461.68015625	483.78041875
"ILMN_2663555"	284.51064375	309.12840625	293.51820625	259.712775	340.85738125	279.37680625	282.817125	257.03089375	317.23864375	296.62184375	214.2343125	261.992325	259.10086875	226.33205	288.69434375	305.2121375
"ILMN_1252320"	100.926916875	119.36188375	137.78745625	119.173605625	137.14124375	130.618125	117.857815	123.252375	126.4920875	141.81609375	111.0518025	127.81891875	121.979066875	101.984600625	120.312873125	167.144325
"ILMN_1254737"	120.40136625	124.056975	110.653024375	118.70487875	120.40136625	128.74994375	126.83335625	102.3803625	112.31941125	121.772645625	104.32323125	124.98413125	124.1470375	133.96085625	104.069160625	127.56598125
"ILMN_1225252"	10885.485125	10028.724375	11098.6981875	10686.61875	9511.48625	10069.3536875	9740.1449375	10765.566375	10028.724375	9936.6240625	9839.07575	11009.9565	9263.605375	9839.07575	9357.0213125	9740.1449375
"ILMN_2859902"	743.24070625	735.2436125	603.45503125	741.6727625	750.7542125	721.739725	691.93594375	671.48030625	601.505725	691.93594375	663.6307	660.9562125	722.7396	744.6064125	660.9562125	573.3738625
"ILMN_1249719"	1035.1083875	1204.60871875	902.18765625	947.76564375	1163.6286375	993.4776625	1091.7272125	1072.09820625	999.9892375	978.18965625	1271.32739375	1035.1083875	1251.42295	1274.3487	1059.94405	995.0393375
"ILMN_2930922"	113.197445625	143.192725	141.52035625	153.8966625	107.867986875	122.0390925	107.26728375	141.217025	146.0836625	118.47405375	133.10364375	126.21285	115.21423875	151.2095	111.701133125	119.441101875
"ILMN_2741899"	725.467375	696.56115	697.83648125	876.73246875	689.13815625	686.72390625	677.40323125	863.02495	863.02495	730.3635	649.38925625	707.5388	712.16630625	770.86421875	832.51063125	721.739725
"ILMN_1246695"	761.4475375	566.9478125	856.60740625	465.43049375	995.0393375	833.79806875	735.2436125	463.1787875	471.3431875	821.23484375	495.48429375	483.78041875	893.52561875	472.5667625	437.247825	809.6915375
"ILMN_1239345"	258.5847125	244.0659875	277.1950625	247.1646875	240.01421875	242.68321875	214.70516875	276.1121875	249.7243	291.68979375	271.79109375	229.4819375	220.5396375	279.37680625	275.1821875	219.72244375
"ILMN_2719473"	118.285725	131.4411375	117.338401875	122.475746875	147.16050625	122.81610625	148.85370625	115.3305275	104.281994375	111.110415625	136.2780625	116.0685975	150.15854375	114.04221125	100.552054375	126.21285
"ILMN_2657037"	153.8966625	115.981615625	157.26195625	144.2734875	137.87319375	116.73861375	102.0620025	124.056975	138.9933875	124.79509375	125.13798125	110.266454375	124.056975	143.3203125	147.41726875	114.453108125
"ILMN_1245687"	124.8635375	126.048375	154.98025625	179.33101875	111.47907375	127.95043125	104.32323125	117.785030625	145.16591875	125.99110625	138.4033875	96.184706875	124.21180625	156.11439375	161.25703125	139.43243125
"ILMN_3154222"	1068.8899	1049.3454625	991.44575625	1193.99459375	1055.98661875	1032.07013125	1049.3454625	1314.895575	1253.17414375	1112.35626875	1183.43249375	1062.77579375	1093.46354375	1172.46564375	1189.44799375	1011.69045
"ILMN_2485900"	145.052675	120.7926525	133.592925	134.02605	168.6341	134.81919375	132.0691125	159.40914375	124.21180625	138.9933875	110.576255625	131.59916875	161.8096	120.016961875	149.23314375	146.0836625
"ILMN_1254257"	103.323853125	116.579599375	137.25285	140.27619375	133.495475	112.998859375	111.298870625	101.150828125	99.1632875	107.0977375	125.99110625	124.3063625	110.841521875	106.661785625	124.98413125	118.091490625
"ILMN_2683374"	1705.8923125	1452.8455	1394.1235125	1655.3744375	1445.528	1442.690875	1586.1915	1622.054	1692.298875	1415.3043625	1551.11575	1710.0408125	1791.22925	1601.1688125	1702.633625	1334.8682125
"ILMN_2643513"	317.90885625	291.68979375	370.4164625	329.82200625	432.2625375	322.47270625	362.5706625	321.67085	373.33550625	383.01348125	303.06303125	344.2765125	384.07974375	332.3091625	321.10474375	415.2649625
"ILMN_1234740"	121.050814375	100.8069925	118.36620625	120.935578125	122.9097875	127.65724375	109.812659375	117.338401875	126.27369375	123.8031125	117.785030625	123.8031125	132.6169625	106.131506875	112.883929375	115.550273125
"ILMN_2671843"	139.571175	136.2780625	125.99110625	127.073225	108.7976625	132.69996875	113.31440875	117.95385375	125.7254	115.21423875	138.20509375	129.74069375	149.091075	156.73405625	127.56598125	104.9048225
"ILMN_1235836"	125.29280625	133.01849375	153.43323125	130.673325	141.91661875	134.26451875	132.85836875	124.3063625	125.63270625	116.42814625	147.95994375	152.60274375	141.60225625	135.6653625	125.7254	119.0158425
"ILMN_2741446"	154.01814375	151.10538125	149.85671875	177.3205375	131.16729375	166.79903125	136.1406375	140.27619375	155.55105625	124.98413125	175.18576875	168.1026125	166.962625	181.9437375	142.43964375	140.27619375
"ILMN_2606990"	483.78041875	451.2888375	432.7302625	456.8246	445.36558125	475.9832625	494.868575	363.284225	397.6639875	471.3431875	536.30255	526.0119625	485.22894375	486.8490375	476.6074	390.5186875
"ILMN_1259678"	1348.9208375	1348.9208375	1138.998875	1071.373796875	1285.26755625	1411.4146	1636.542625	1017.39125625	1036.73783125	1191.13270625	1598.1508125	1126.4124125	1483.54425	1563.7163125	1135.11054375	1035.1083875
"ILMN_2594584"	137.14124375	127.4777875	116.528839375	158.6116875	118.47405375	115.68587625	123.419725	150.25461875	137.78745625	120.312873125	178.7428125	139.571175	130.47956875	158.1595375	138.9933875	125.8138
"ILMN_2610012"	139.43243125	143.3203125	107.553396875	143.86384375	88.28722125	113.06367625	122.2713	131.6764125	127.4777875	109.2781775	166.65600625	111.820041875	122.7431125	198.2510125	158.36090625	93.742449375
"ILMN_2610809"	200.69875625	206.07911875	192.75574375	174.6232625	185.99401875	191.1885875	196.94810625	174.1694	181.50995	182.08051875	185.72451875	218.28855	196.4535	166.39635	166.39635	157.73433125
"ILMN_2609988"	154.3985	154.6688625	116.34778375	144.0709875	136.5366125	141.0830875	157.9893375	158.1595375	157.85396875	125.29280625	156.24549375	177.462375	153.6196125	167.144325	166.65600625	121.31494125
"ILMN_2610810"	253.4402375	217.78400625	226.8536625	204.430875	226.8536625	204.9632	230.35183125	189.1305	199.985175	221.0247	210.68221875	229.79181875	275.6885125	221.3074625	201.61073125	204.77735625
"ILMN_2776700"	162.56773125	141.52035625	130.618125	191.55401875	154.53503125	160.64474375	176.90374375	176.6034375	162.56773125	141.52035625	191.55401875	170.08375625	167.6348	217.5735625	180.16739375	126.65243125
"ILMN_1233759"	821.23484375	803.67116875	748.7588125	627.34338125	723.8065125	963.9681375	765.3012375	669.51221875	645.9289125	708.58986875	680.34566875	754.67213125	795.77954375	623.23298125	621.7679875	731.98135
"ILMN_2708404"	157.4278125	146.337125	135.18933125	156.6076	110.576255625	138.84401875	145.16591875	170.59660625	166.65600625	144.66973125	166.07181875	193.2644875	137.78745625	173.757825	190.5250625	119.173605625
"ILMN_2682865"	424.72686875	368.29223125	407.06303125	451.2888375	390.5186875	425.568775	391.17670625	510.3951625	425.568775	468.2711	443.24934375	468.2711	391.17670625	413.8246875	449.74499375	419.42740625
"ILMN_3156058"	488.4622375	456.1551125	484.564275	486.8490375	464.7328625	522.952875	412.3047375	464.00155	538.19415625	452.6686625	477.2194	492.73689375	500.9488875	451.87211875	512.6917	451.87211875
"ILMN_1224874"	138.20509375	153.28154375	149.55910625	143.96694375	116.632200625	128.3261875	150.98616875	131.36425	132.28085	126.27369375	152.49919375	132.4452375	144.5738125	145.761225	125.0645625	125.21805
"ILMN_1237183"	554.1605625	589.02404375	521.22874375	556.671325	511.37675625	547.94208125	610.14373125	582.71525	536.30255	393.04778125	494.868575	521.22874375	570.901275	557.66410625	529.98285	542.6043
"ILMN_1225390"	11098.6981875	11542.181125	11733.567375	12255.4739375	11009.9565	11339.6023125	11274.7985625	11274.7985625	12136.5934375	11891.49075	11274.7985625	11098.6981875	11185.0796875	12022.1184375	11542.181125	12136.5934375
"ILMN_1247811"	182.470475	177.462375	203.03711875	183.04915	190.33600625	178.395625	178.23885625	173.36885	192.0934625	206.86939375	197.674625	221.72159375	156.73405625	183.5885	232.20605625	178.23885625
"ILMN_2697205"	130.36976875	119.63838875	127.56598125	149.65268125	88.879055625	138.4033875	128.3261875	133.86773125	149.85671875	132.92771875	147.01914375	137.57098125	128.1820625	144.2734875	156.6076	116.632200625
"ILMN_1213354"	151.6387125	144.82524375	145.39879375	140.9277875	153.15165	139.74475	130.673325	149.85671875	150.98616875	147.54801875	131.59916875	137.01285	130.96285	155.73429375	163.64845625	135.57924375
"ILMN_2872745"	134.4111125	115.550273125	125.7254	118.285725	117.857815	116.286911875	130.2182625	132.15846875	116.912251875	120.570734375	120.570734375	111.53039	121.66337125	127.41805625	116.73861375	126.9317625
"ILMN_2639230"	3948.7111875	3968.61275	3749.341625	3688.003875	3416.61325	3814.110625	3937.3581875	3948.7111875	3701.24375	3401.315375	3814.110625	3714.1604375	3781.0464375	3874.252375	3500.7405	3294.2288125
"ILMN_2826709"	2607.5470625	2476.0315625	2573.4615625	2989.498	2997.8144375	2641.2374375	2476.0315625	2798.007875	2997.8144375	3117.95425	2997.8144375	2593.8493125	2972.661125	3081.87775	3033.5199375	2838.851625
"ILMN_2623793"	306.0933625	302.8226125	324.6985	456.1551125	215.12844375	327.28765625	268.93265	393.53711875	444.228375	297.918925	430.71465	348.8210375	301.23424375	377.56054375	434.19785	300.04139375
"ILMN_3163403"	150.67323125	159.68008125	145.61169375	188.95624375	134.7069375	126.21285	137.78745625	173.1867	182.93705625	146.66913125	179.535125	159.54588125	154.53503125	160.36623125	174.764125	140.1623375
"ILMN_1230730"	3188.1453125	2918.745375	3107.309875	3178.6443125	2972.661125	3320.2390625	2705.3735625	3128.8241875	2768.0050625	3248.3035625	3033.5199375	3053.95425	3107.309875	3136.9086875	2943.34825	2989.498
"ILMN_2715664"	135.4736125	116.528839375	127.90001875	105.7632925	109.913100625	121.57034375	90.820691875	132.28085	122.399984375	104.361535625	129.08156875	126.55820625	94.110425	134.3388875	114.154368125	113.984973125
"ILMN_2751054"	142.63595625	178.7428125	149.37121875	141.52035625	160.64474375	163.3029625	178.395625	140.1623375	142.7377625	164.6086125	128.3261875	166.55055	140.33279375	135.57924375	154.98025625	156.24549375
"ILMN_3158265"	2269.339	2057.710125	2513.31325	2497.0566875	2155.87075	2269.339	2105.761875	2331.606375	2302.7791875	2319.68575	2190.5333125	2354.48075	2105.761875	2166.2265	2238.3295	1986.81125
"ILMN_2619408"	111.0518025	174.1694	179.535125	140.53864375	213.9903875	87.75351	209.11500625	142.63595625	146.84636875	180.51763125	133.96085625	109.812659375	129.26061875	129.4002375	140.53864375	204.0442375
"ILMN_1223734"	1023.99141875	1178.06565	987.38626875	861.38474375	1077.78473125	772.2590125	1059.94405	938.45773125	953.7593875	1147.48524375	927.3898375	821.23484375	895.183675	871.08569375	886.03111875	1330.8783
"ILMN_2642681"	4321.2529375	4841.1090625	4236.6	3725.17475	3796.905625	3538.4080625	4789.1378125	3796.905625	3992.3678125	4204.1001875	3749.341625	3948.7111875	3584.8085	3761.2193125	3992.3678125	5127.310375
"ILMN_2646985"	2943.34825	3117.95425	2545.5605	2697.970125	2724.67725	2876.7545	3388.5791875	2705.3735625	3128.8241875	2339.571375	3350.0475625	2918.745375	3188.1453125	3270.1041875	2641.2374375	2482.9536875
"ILMN_2696100"	112.263464375	121.193045	116.42814625	128.54684375	95.05765625	114.51671875	115.10685625	131.98764375	110.988516875	111.820041875	143.192725	101.232255	112.52499375	118.47405375	141.81609375	109.597521875
"ILMN_1250975"	111.110415625	100.16014625	105.7632925	139.74475	85.37255875	92.618929375	91.58772125	122.66405625	166.1963625	97.0069275	147.8332625	107.433851875	104.86736625	138.7328625	135.4736125	87.72200125
"ILMN_2722213"	1040.3809625	1098.0628125	1159.489775	1390.10550625	935.4101625	989.583825	972.88915625	1107.67528125	1291.7907625	1099.7499	1128.37155625	1204.60871875	976.43411875	1202.76246875	1178.06565	1099.7499
"ILMN_2998135"	1736.0078125	1702.633625	1655.3744375	1489.162	1435.8101875	1618.8371875	1603.8749375	1449.6651875	1401.06855	1528.8106875	1541.3610625	1544.9056875	1522.2485625	1616.6285625	1511.49525	1560.761875
"ILMN_2998139"	2078.4186875	2031.236625	1764.57425	1808.7046875	2057.710125	2007.2110625	2041.4144375	1895.6924375	1812.4966875	1996.4138125	2179.9375625	2037.483125	1852.93025	2053.1393125	1791.22925	2007.2110625
"ILMN_2910684"	133.86773125	159.77998125	136.03915625	154.1876625	144.66973125	160.2164375	166.79903125	153.28154375	159.68008125	167.3223	167.4655125	157.9893375	157.61219375	174.764125	151.6387125	136.433125
"ILMN_3070951"	596.12970625	574.73696875	670.750325	460.78855625	632.8636	605.90225	584.41195	470.640325	477.2194	747.50439375	410.31115625	636.37033125	612.15998125	453.2523375	478.57549375	644.6966625
"ILMN_2606567"	229.4819375	279.92881875	236.45716875	231.864125	257.03089375	231.2587625	241.45310625	218.7987625	204.77735625	223.51984375	209.84545	199.985175	249.35498125	225.5053	219.72244375	247.56793125
"ILMN_2606564"	219.262125	191.93235625	240.981925	237.4585875	254.99205625	200.8762	189.1305	254.39213125	229.79181875	251.28089375	189.1305	212.7093	195.57435625	206.86939375	217.37595625	178.7428125
"ILMN_2783896"	129.316175	160.0477875	139.74475	177.67216875	139.571175	139.1651375	135.57924375	180.51763125	166.07181875	142.63595625	180.16739375	131.16729375	138.06913125	147.16050625	176.73908125	125.909375
"ILMN_1258206"	191.55401875	181.9437375	207.8115125	237.218225	178.953525	216.43915625	184.74385	258.2902125	261.66200625	203.87181875	237.06363125	193.9764375	192.75574375	188.95624375	234.60474375	212.3307375
"ILMN_1232762"	2754.4678125	3070.3590625	2238.3295	3248.3035625	3320.2390625	3053.95425	3320.2390625	3081.87775	3306.58425	2777.01275	3053.95425	2625.8334375	3558.081875	2979.4065	3178.6443125	3401.315375
"ILMN_1235196"	272.1875125	287.1888875	292.0677	284.51064375	247.3329875	311.85809375	255.4534625	292.523625	341.75748125	338.59659375	216.21751875	358.12875	314.9708375	256.83043125	304.87086875	327.28765625
"ILMN_2634591"	88.903791875	82.142671875	84.143549375	135.6653625	69.041170625	77.453745625	88.72229125	101.2696575	119.9140375	86.218730625	126.048375	77.03242375	84.543816875	137.87319375	112.38875	90.304625625
"ILMN_1250382"	259.42550625	237.218225	242.98343125	261.66200625	237.89168125	258.5847125	277.1950625	244.0659875	248.38111875	222.58170625	273.00749375	293.88715625	240.40243125	273.6787	243.19339375	229.79181875
"ILMN_2942669"	1726.885875	1685.458625	1541.3610625	1840.8434375	1590.64425	1771.0535625	1836.439375	1784.87	1755.344625	1611.9604375	1825.944125	1759.0605	1895.6924375	2002.9741875	1736.0078125	1718.3888125
"ILMN_1218058"	30705.6475	33148.40375	30705.6475	33148.40375	25675.50375	29198.485625	33148.40375	33148.40375	34703.595625	30000.026875	39382.785	30705.6475	30000.026875	39382.785	34703.595625	30705.6475
"ILMN_2722716"	4126.3891875	4926.7780625	3968.61275	5208.2486875	4089.44975	5065.319625	5511.9364375	5838.7989375	5657.804625	3902.69575	5909.277875	4263.7541875	4645.4514375	5875.1608125	6077.354	3917.42275
"ILMN_2767615"	13965.5400625	12255.4739375	10069.3536875	10028.724375	10615.614375	11435.2999375	13718.9189375	9740.1449375	10069.3536875	10765.566375	11185.0796875	12435.84	12601.4119375	11542.181125	9839.07575	11339.6023125
"ILMN_2602902"	220.7673	235.4533375	243.5153	238.193125	222.58170625	251.70985625	278.0741625	262.349275	281.146125	306.0933625	294.6525125	222.58170625	267.64753125	295.02664375	295.02664375	253.82809375
"ILMN_1240702"	7726.9431875	6377.3095	6893.8591875	5807.3333125	6927.059125	6377.3095	5954.9835625	5954.9835625	6466.3218125	6764.837125	6001.081	6685.6085625	6428.544875	6377.3095	6511.084625	7039.666875
"ILMN_2666864"	154.898	138.648125	178.23885625	143.5782875	152.7725125	150.98616875	143.0773	143.86384375	140.758425	173.36885	160.0477875	153.03776875	115.46431875	159.68008125	146.0836625	132.15846875
"ILMN_1239742"	54747.480625	56078.558125	54747.480625	53803.0675	53803.0675	50036.076875	56078.558125	53803.0675	54747.480625	46726.258125	53803.0675	52440.6725	52440.6725	46726.258125	51201.501875	52440.6725
"ILMN_1245425"	59852.295	53803.0675	59852.295	57630.044375	57630.044375	58493.320625	59852.295	56078.558125	57630.044375	54747.480625	57630.044375	57630.044375	57630.044375	57630.044375	58493.320625	58493.320625
"ILMN_2900462"	265.866425	350.7310625	288.99533125	326.2479375	216.5864875	303.483375	278.920525	306.0933625	356.33750625	323.7177875	396.19555625	343.43558125	288.69434375	318.1763625	345.94235	293.51820625
"ILMN_2688236"	840.94978125	1076.3518625	951.3225875	955.7568875	943.31915	1133.63441875	936.8659625	1082.82698125	1084.00139375	1068.8899	999.9892375	1049.3454625	1049.3454625	840.94978125	1057.93018125	1096.0162875
"ILMN_2878021"	336.03175625	293.51820625	297.00449375	311.4795	326.2479375	282.05160625	316.24873125	326.2479375	381.0655875	288.0676125	330.29816875	305.47679375	390.5186875	429.70605625	391.17670625	267.13753125
"ILMN_1252963"	232.89545	256.39871875	238.45175625	278.0741625	267.64753125	249.017375	270.3889125	281.146125	279.37680625	244.6799375	288.69434375	228.78979375	245.1670375	271.79109375	283.2316625	236.2630125
"ILMN_2658392"	421.2821375	431.70553125	475.9832625	420.8278625	430.71465	415.83955625	428.38743125	427.27374375	357.04663125	350.7310625	347.4346	417.18845625	369.03061875	378.055575	385.809775	438.60104375
"ILMN_2633229"	24154.835	26525.784375	25675.50375	21373.914375	22392.400625	23047.061875	24753.2475	27225.3225	19933.958125	22392.400625	19933.958125	18584.881875	17044.609375	23517.495625	22392.400625	27225.3225
"ILMN_2598972"	58493.320625	59852.295	61076.055	58493.320625	58493.320625	61076.055	58493.320625	59852.295	58493.320625	61076.055	61076.055	61076.055	59852.295	59852.295	61076.055	61076.055
"ILMN_1249783"	50036.076875	48357.90875	52440.6725	50036.076875	48357.90875	53803.0675	48357.90875	50036.076875	50036.076875	48357.90875	50036.076875	50036.076875	48357.90875	54747.480625	46726.258125	46726.258125
"ILMN_1254705"	15117.95875	15117.95875	13965.5400625	15117.95875	15117.95875	15936.1675	16217.518125	16217.518125	14639.404375	13513.015	15936.1675	14392.26875	16589.97125	17329.62125	15117.95875	14973.883125
"ILMN_2604794"	2573.4615625	2461.7744375	2354.48075	2972.661125	2768.0050625	2339.571375	2867.9606875	3226.965	2943.34825	2827.7445625	2506.3018125	2139.582875	2526.8005	3401.315375	3584.8085	2513.31325
"ILMN_2790486"	15645.155625	16217.518125	15117.95875	15936.1675	16217.518125	14973.883125	15377.3975	16589.97125	16217.518125	15377.3975	14973.883125	14129.805625	16217.518125	16217.518125	16589.97125	15117.95875
"ILMN_1230991"	53803.0675	54747.480625	51201.501875	52440.6725	56078.558125	56078.558125	53803.0675	51201.501875	53803.0675	50036.076875	54747.480625	51201.501875	54747.480625	52440.6725	53803.0675	54747.480625
"ILMN_2691528"	7541.13875	7479.230875	7200.2993125	7200.2993125	8047.471875	6927.059125	7321.8260625	7507.8775625	6927.059125	6927.059125	7419.959625	6859.5449375	7860.3515625	7943.6365	7156.718625	6685.6085625
"ILMN_2692124"	56078.558125	61076.055	58493.320625	59852.295	61076.055	57630.044375	61076.055	61076.055	56078.558125	53803.0675	59852.295	59852.295	61076.055	61076.055	56078.558125	59852.295
"ILMN_3004441"	28088.250625	28088.250625	30000.026875	30705.6475	30000.026875	26525.784375	28088.250625	30000.026875	30705.6475	27225.3225	30705.6475	27225.3225	26525.784375	31706.59375	30705.6475	28088.250625
"ILMN_2611261"	1611.9604375	1544.9056875	1560.761875	1505.664625	1872.962125	1505.664625	1743.4195	1771.0535625	1705.8923125	1743.4195	1749.6379375	1696.7961875	1749.6379375	1632.5483125	1755.344625	1667.1086875
"ILMN_2962632"	46726.258125	46726.258125	46726.258125	51201.501875	46726.258125	46726.258125	43942.53375	48357.90875	48357.90875	56078.558125	48357.90875	46726.258125	46726.258125	53803.0675	50036.076875	48357.90875
"ILMN_1213914"	61076.055	57630.044375	57630.044375	61076.055	59852.295	59852.295	57630.044375	58493.320625	61076.055	58493.320625	58493.320625	56078.558125	58493.320625	56078.558125	59852.295	57630.044375
"ILMN_2776899"	277.5543625	381.99676875	331.23381875	358.75925625	368.29223125	391.82051875	366.8555625	395.40934375	347.0615875	270.3889125	317.23864375	348.39780625	313.20505625	303.06303125	420.8278625	429.70605625
"ILMN_2587859"	8237.6955	7156.718625	7662.624	8300.5935625	8388.05225	7980.7325625	8452.9129375	12136.5934375	9126.596	8751.5815	7980.7325625	6511.084625	6764.837125	9420.62425	12961.611375	11274.7985625
"ILMN_2917540"	2898.0708125	2506.3018125	2724.67725	2325.9018125	3178.6443125	2788.859125	2838.851625	2259.2845625	2119.2700625	2633.7453125	2354.48075	2724.67725	2563.022875	2339.571375	2376.677125	2461.7744375
"ILMN_2642158"	1967.6745	1736.0078125	1660.214375	1536.2146875	1579.5619375	1775.1008125	1656.9044375	1538.7828125	1528.8106875	1812.4966875	1460.8476875	1655.3744375	1733.1609375	1527.3249375	1418.5795625	1696.7961875
"ILMN_2607547"	12753.743875	14129.805625	12961.611375	13718.9189375	12435.84	12435.84	14129.805625	14973.883125	14392.26875	13172.297875	14639.404375	12753.743875	14129.805625	13172.297875	13965.5400625	14129.805625
"ILMN_2628658"	287.1888875	295.02664375	284.51064375	222.806	381.57836875	268.3302125	321.10474375	220.5396375	221.0247	300.74229375	206.07911875	305.2121375	311.85809375	211.32431875	217.78400625	325.1303125
"ILMN_2725286"	363.70033125	293.88715625	313.6639875	268.93265	337.05235	288.0676125	341.4254	260.77003125	291.026025	340.85738125	235.7126625	303.483375	278.54705625	261.992325	259.10086875	285.92029375
"ILMN_2939424"	3968.61275	4141.8938125	4321.2529375	4683.3188125	3832.903375	3781.0464375	3676.100625	4068.588375	4305.6294375	3676.100625	3902.69575	3796.905625	3641.6975	4068.588375	4186.928375	4126.3891875
"ILMN_2628657"	285.92029375	292.0677	301.81316875	259.99785	314.9708375	267.64753125	304.53516875	235.4533375	242.38804375	302.349125	195.0619375	235.7126625	247.56793125	204.9632	201.35433125	282.05160625
"ILMN_1256334"	187.666425	184.9457625	190.33600625	176.03235625	187.50133125	168.80345	182.68725625	185.65298125	162.2762625	185.79605625	183.5885	243.5153	174.89948125	241.81903125	150.67323125	188.35061875
"ILMN_1247682"	2446.180375	2383.52925	2224.8838125	2383.52925	1797.0263125	2238.3295	2573.4615625	2319.68575	2506.3018125	1803.9235625	2972.661125	2827.7445625	2469.6346875	3010.3569375	2370.272375	2160.4850625
"ILMN_2747311"	1274.3487	1096.0162875	1093.46354375	1154.7735125	976.43411875	1235.48928125	1154.7735125	1195.67565	1231.9370125	1001.74539375	1314.895575	1253.17414375	1294.01460625	1265.327025	1241.1790375	1141.74559375
"ILMN_1243149"	2439.68675	2376.677125	2072.523875	2593.8493125	2674.5666875	2418.3295	2325.9018125	2633.7453125	2838.851625	2581.1375	2581.1375	2190.5333125	2918.745375	2633.7453125	2788.859125	2446.180375
"ILMN_1258534"	912.4321125	842.2797125	866.75105	766.45550625	1036.73783125	809.6915375	872.95540625	714.822675	805.34804375	898.15866875	672.850275	757.63383125	910.59219375	699.4288	769.31840625	831.24433125
"ILMN_2685365"	2383.52925	2346.651625	2234.3534375	2011.2341875	2526.8005	2439.68675	2173.1679375	2084.294625	2146.17425	2370.272375	2031.236625	2392.535375	2517.37275	1901.829125	2126.100375	2409.938125
"ILMN_2928320"	1872.962125	1755.344625	1881.095125	1682.1164375	1739.1569375	1895.6924375	1674.5379375	1656.9044375	1616.6285625	1771.0535625	1692.298875	1980.6018125	1771.0535625	1743.4195	1752.2866875	1818.694625
"ILMN_2608429"	680.34566875	702.784375	672.850275	548.52860625	717.49173125	595.30204375	546.0745625	550.3105375	554.9542375	599.761	529.98285	677.40323125	644.6966625	550.3105375	555.8922625	710.8884375
"ILMN_2650911"	3598.82025	3558.081875	3061.8775625	4038.2773125	3457.957875	3543.0768125	3368.0494375	4204.1001875	4445.070125	3796.905625	3832.903375	3320.2390625	3513.9283125	4169.9660625	4236.6	3796.905625
"ILMN_2832658"	199.73144375	220.7673	237.89168125	240.981925	306.98319375	230.35183125	219.02440625	207.8115125	189.8980875	223.75849375	197.4835875	191.93235625	206.86939375	199.985175	200.8762	206.07911875
"ILMN_1255570"	854.99735625	672.850275	934.17030625	1030.10514375	840.94978125	1065.3506625	815.414375	859.087225	869.54311875	735.2436125	821.23484375	740.36884375	854.99735625	1023.99141875	983.59676875	882.18558125
"ILMN_2879910"	156.6076	186.96800625	179.18690625	181.81199375	167.6348	160.51105	145.48405	151.6387125	134.57726875	138.27471875	162.05531875	145.39879375	137.25285	123.916625	171.7086875	159.03290625
"ILMN_2680440"	4403.614	4351.897875	3832.903375	3538.4080625	3612.062	4089.44975	4364.1930625	3280.8254375	3375.6960625	3442.0161875	3543.0768125	3890.9494375	4236.6	3902.69575	3330.385125	3832.903375
"ILMN_1217272"	644.6966625	681.76365625	641.70960625	651.891225	738.7639375	684.94580625	659.7359625	707.5388	631.27063125	769.31840625	669.51221875	662.1849625	684.94580625	677.40323125	692.751325	766.45550625
"ILMN_2647048"	5232.6154375	5033.8555	5266.1386875	4534.1989375	4879.8963125	5563.0125625	5033.8555	4158.0104375	4141.8938125	4973.2094375	4236.6	5467.5040625	4926.7780625	4523.228	3917.42275	5283.5250625
"ILMN_2663872"	14973.883125	15377.3975	15645.155625	18584.881875	15645.155625	15645.155625	14639.404375	19059.6	18214.775	14973.883125	17044.609375	15377.3975	15377.3975	17954.566875	18760.23	15936.1675
"ILMN_1218325"	3070.3590625	3538.4080625	3416.61325	4009.490375	3890.9494375	3714.1604375	3714.1604375	3992.3678125	4054.2248125	3388.5791875	3968.61275	3248.3035625	4009.490375	4026.5495625	4263.7541875	3725.17475
"ILMN_2928875"	1344.11956875	1371.79743125	1442.690875	1253.17414375	1685.458625	1369.23980625	1340.98901875	1354.34208125	1175.58714375	1470.4425625	1215.14716875	1357.10996875	1435.8101875	1253.17414375	1310.47486875	1324.82459375
"ILMN_1228796"	306.98319375	332.81544375	279.92881875	232.5956875	273.00749375	329.34705625	296.62184375	242.98343125	235.1268	280.78843125	250.43120625	285.64140625	286.20885625	264.48115	220.7673	292.523625
"ILMN_2812935"	1936.8555625	2022.4721875	1876.826625	2173.1679375	2007.2110625	1980.6018125	1775.1008125	2057.710125	2099.771	2078.4186875	2259.2845625	2057.710125	1915.526625	2017.236625	2209.1385	1936.8555625
"ILMN_2747430"	180.31404375	214.70516875	205.2870625	211.83433125	142.50945	191.93235625	206.3916875	203.19638125	241.45310625	200.8762	195.9714875	188.71925625	193.043575	244.0659875	246.03025	175.5692
"ILMN_1246298"	125.63270625	114.51671875	157.73433125	150.15854375	128.0214625	130.76800625	127.90001875	148.85370625	149.65268125	137.25285	138.9933875	115.018353125	117.0603175	141.33224375	148.85370625	124.056975
"ILMN_2635738"	131.88230625	121.31494125	124.7353875	129.4622	128.973025	110.70946125	134.02605	130.5351625	125.21805	109.23587625	108.7976625	115.2694675	121.2497075	109.597521875	107.26728375	122.399984375
"ILMN_2977129"	366.36539375	314.5734875	327.88030625	297.00449375	251.28089375	350.7310625	320.71545	315.86405	325.7995625	347.0615875	281.146125	312.7602	357.04663125	296.62184375	343.43558125	353.18153125
"ILMN_1255220"	468.97165	377.56054375	350.7310625	467.1607875	315.86405	408.96751875	431.14796875	441.69970625	525.1207875	360.73080625	414.57105	415.2649625	471.853	475.9832625	451.2888375	385.809775
"ILMN_2629528"	172.53425625	130.96285	146.66913125	144.82524375	148.85370625	140.43761875	154.6688625	176.03235625	141.217025	159.21589375	155.89431875	155.12285	174.764125	130.618125	130.76800625	160.0477875
"ILMN_3002875"	268.3302125	228.78979375	230.35183125	263.46951875	230.9218	242.98343125	259.42550625	233.8516125	271.464275	233.07575625	229.4819375	266.33793125	254.69883125	241.45310625	259.712775	237.4585875
"ILMN_2700425"	270.64926875	304.53516875	297.918925	304.0222125	351.3019	311.04834375	283.7978875	329.34705625	332.81544375	287.1888875	357.04663125	337.58796875	371.9615	313.20505625	339.82898125	321.10474375
"ILMN_2601118"	902.18765625	838.76995	747.50439375	787.04511875	940.56146875	872.95540625	877.92143125	738.7639375	808.31851875	891.9621375	825.71355625	989.583825	822.8856875	601.505725	785.1105625	846.94178125
"ILMN_1250068"	23047.061875	23517.495625	22392.400625	27225.3225	24154.835	24753.2475	22392.400625	26525.784375	31706.59375	24753.2475	28088.250625	24753.2475	25675.50375	26525.784375	27225.3225	24753.2475
"ILMN_3161591"	192.5356375	208.7850375	203.87181875	169.58350625	209.34676875	191.55401875	188.95624375	177.3205375	201.05835625	202.7597125	154.1876625	203.03711875	195.9714875	158.36090625	160.36623125	208.5434125
"ILMN_2783940"	129.8673875	124.56819375	108.415801875	138.539325	132.85836875	139.335075	133.10364375	131.88230625	118.036201875	129.66274375	132.92771875	145.052675	131.36425	116.528839375	143.487075	153.28154375
"ILMN_1241354"	190.13030625	150.15854375	156.24549375	174.1694	181.9437375	148.85370625	174.1694	181.2290125	155.40856875	151.97038125	167.6348	130.866825	136.03915625	159.03290625	158.6116875	145.48405
"ILMN_3162184"	427.27374375	461.68015625	392.53830625	421.2821375	398.71056875	427.27374375	464.00155	353.69961875	481.95138125	398.07675625	484.564275	391.17670625	448.44150625	463.1787875	373.83311875	427.27374375
"ILMN_2875915"	437.247825	417.18845625	418.747925	471.3431875	379.94990625	420.8278625	387.19616875	474.41370625	494.868575	433.3673375	462.26758125	407.06303125	398.07675625	375.0392	431.70553125	365.3517
"ILMN_2627713"	140.27619375	150.57566875	145.88445	169.459175	135.04935625	172.53425625	134.1805125	175.06481875	173.1867	177.462375	170.8125875	130.36976875	167.4655125	151.399775	178.7428125	167.3223
"ILMN_2825905"	170.8125875	191.55401875	182.470475	183.97743125	183.04915	208.5434125	158.4774	187.666425	161.25703125	161.41156875	192.0934625	181.9437375	210.68221875	219.262125	144.2734875	191.93235625
